==== [1/5] Building local renderer (apps/web webpack --mode production) ====
Fri Jun 26 00:41:42 +03 2026
$ nx build

 NX   Running target build for project element-web and 4 tasks it depends on:



> nx run @element-hq/element-web-module-api:build  [existing outputs match the cache, left as is]


> nx run element-web:"prebuild:rethemendex"  [existing outputs match the cache, left as is]

[2m$ sh ./res/css/rethemendex.sh[22m

> nx run element-web:"prebuild:module_system"  [existing outputs match the cache, left as is]

> node module_system/scripts/install.ts


> nx run @element-hq/web-shared-components:build  [existing outputs match the cache, left as is]


> nx run element-web:build

> webpack-cli --progress --mode production

◇ injected env (0) from .env // tip: ◈ encrypted .env [www.dotenvx.com]
<s> [webpack.Progress] 0% 

<s> [webpack.Progress] 1% setup before run
<s> [webpack.Progress] 1% setup before run NodeEnvironmentPlugin
<s> [webpack.Progress] 1% setup before run
<s> [webpack.Progress] 2% setup run
<s> [webpack.Progress] 2% setup run webpack-cli
<s> [webpack.Progress] 2% setup run
<s> [webpack.Progress] 4% setup normal module factory
<s> [webpack.Progress] 4% setup normal module factory
<s> [webpack.Progress] 5% setup context module factory
<s> [webpack.Progress] 5% setup context module factory
<s> [webpack.Progress] 6% setup before compile
<s> [webpack.Progress] 6% setup before compile ProgressPlugin
<s> [webpack.Progress] 6% setup before compile
<s> [webpack.Progress] 7% setup compile
<s> [webpack.Progress] 7% setup compile ExternalsPlugin
<s> [webpack.Progress] 7% setup compile
<s> [webpack.Progress] 8% setup compilation
<s> [webpack.Progress] 8% setup compilation I18nWebpackPlugin
<s> [webpack.Progress] 8% setup compilation mini-css-extract-plugin
<s> [webpack.Progress] 8% setup compilation HtmlWebpackPlugin
<s> [webpack.Progress] 8% setup compilation HtmlWebpackPlugin
<s> [webpack.Progress] 8% setup compilation HtmlWebpackPlugin
<s> [webpack.Progress] 8% setup compilation HtmlWebpackPlugin
<s> [webpack.Progress] 8% setup compilation HtmlWebpackPlugin
<s> [webpack.Progress] 8% setup compilation HtmlWebpackPlugin
<s> [webpack.Progress] 8% setup compilation CopyPlugin
<s> [webpack.Progress] 8% setup compilation WebpackVersionFilePlugin
<s> [webpack.Progress] 8% setup compilation RetryChunkLoadPlugin
<s> [webpack.Progress] 8% setup compilation ArrayPushCallbackChunkFormatPlugin
<s> [webpack.Progress] 8% setup compilation JsonpChunkLoadingPlugin
<s> [webpack.Progress] 8% setup compilation StartupChunkDependenciesPlugin
<s> [webpack.Progress] 8% setup compilation ImportScriptsChunkLoadingPlugin
<s> [webpack.Progress] 8% setup compilation FetchCompileAsyncWasmPlugin
<s> [webpack.Progress] 8% setup compilation WorkerPlugin
<s> [webpack.Progress] 8% setup compilation SplitChunksPlugin
<s> [webpack.Progress] 8% setup compilation ResolverCachePlugin
<s> [webpack.Progress] 8% setup compilation
<s> [webpack.Progress] 9% setup compilation
<s> [webpack.Progress] 9% setup compilation ProgressPlugin
<s> [webpack.Progress] 9% setup compilation mini-css-extract-plugin
<s> [webpack.Progress] 9% setup compilation HtmlWebpackInjectPreload
<s> [webpack.Progress] 9% setup compilation ProvidePlugin
<s> [webpack.Progress] 9% setup compilation DefinePlugin
<s> [webpack.Progress] 9% setup compilation ExternalsPlugin
<s> [webpack.Progress] 9% setup compilation ChunkPrefetchPreloadPlugin
<s> [webpack.Progress] 9% setup compilation SourceMapDevToolPlugin
<s> [webpack.Progress] 9% setup compilation JavascriptModulesPlugin
<s> [webpack.Progress] 9% setup compilation JsonModulesPlugin
<s> [webpack.Progress] 9% setup compilation AssetModulesPlugin
<s> [webpack.Progress] 9% setup compilation AsyncWebAssemblyModulesPlugin
<s> [webpack.Progress] 9% setup compilation EntryPlugin
<s> [webpack.Progress] 9% setup compilation EntryPlugin
<s> [webpack.Progress] 9% setup compilation EntryPlugin
<s> [webpack.Progress] 9% setup compilation EntryPlugin
<s> [webpack.Progress] 9% setup compilation EntryPlugin
<s> [webpack.Progress] 9% setup compilation EntryPlugin
<s> [webpack.Progress] 9% setup compilation EntryPlugin
<s> [webpack.Progress] 9% setup compilation EntryPlugin
<s> [webpack.Progress] 9% setup compilation EntryPlugin
<s> [webpack.Progress] 9% setup compilation EntryPlugin
<s> [webpack.Progress] 9% setup compilation EntryPlugin
<s> [webpack.Progress] 9% setup compilation EntryPlugin
<s> [webpack.Progress] 9% setup compilation RuntimePlugin
<s> [webpack.Progress] 9% setup compilation InferAsyncModulesPlugin
<s> [webpack.Progress] 9% setup compilation DataUriPlugin
<s> [webpack.Progress] 9% setup compilation FileUriPlugin
<s> [webpack.Progress] 9% setup compilation CompatibilityPlugin
<s> [webpack.Progress] 9% setup compilation HarmonyModulesPlugin
<s> [webpack.Progress] 9% setup compilation AMDPlugin
<s> [webpack.Progress] 9% setup compilation RequireJsStuffPlugin
<s> [webpack.Progress] 9% setup compilation CommonJsPlugin
<s> [webpack.Progress] 9% setup compilation LoaderPlugin
<s> [webpack.Progress] 9% setup compilation LoaderPlugin
<s> [webpack.Progress] 9% setup compilation NodeStuffPlugin
<s> [webpack.Progress] 9% setup compilation APIPlugin
<s> [webpack.Progress] 9% setup compilation ExportsInfoApiPlugin
<s> [webpack.Progress] 9% setup compilation WebpackIsIncludedPlugin
<s> [webpack.Progress] 9% setup compilation ConstPlugin
<s> [webpack.Progress] 9% setup compilation UseStrictPlugin
<s> [webpack.Progress] 9% setup compilation RequireIncludePlugin
<s> [webpack.Progress] 9% setup compilation RequireEnsurePlugin
<s> [webpack.Progress] 9% setup compilation RequireContextPlugin
<s> [webpack.Progress] 9% setup compilation ImportPlugin
<s> [webpack.Progress] 9% setup compilation ImportMetaContextPlugin
<s> [webpack.Progress] 9% setup compilation SystemPlugin
<s> [webpack.Progress] 9% setup compilation ImportMetaPlugin
<s> [webpack.Progress] 9% setup compilation URLPlugin
<s> [webpack.Progress] 9% setup compilation DefaultStatsFactoryPlugin
<s> [webpack.Progress] 9% setup compilation DefaultStatsPresetPlugin
<s> [webpack.Progress] 9% setup compilation DefaultStatsPrinterPlugin
<s> [webpack.Progress] 9% setup compilation JavascriptMetaInfoPlugin
<s> [webpack.Progress] 9% setup compilation EnsureChunkConditionsPlugin
<s> [webpack.Progress] 9% setup compilation RemoveEmptyChunksPlugin
<s> [webpack.Progress] 9% setup compilation MergeDuplicateChunksPlugin
<s> [webpack.Progress] 9% setup compilation FlagIncludedChunksPlugin
<s> [webpack.Progress] 9% setup compilation SideEffectsFlagPlugin
<s> [webpack.Progress] 9% setup compilation FlagDependencyExportsPlugin
<s> [webpack.Progress] 9% setup compilation FlagDependencyUsagePlugin
<s> [webpack.Progress] 9% setup compilation InnerGraphPlugin
<s> [webpack.Progress] 9% setup compilation MangleExportsPlugin
<s> [webpack.Progress] 9% setup compilation ModuleConcatenationPlugin
<s> [webpack.Progress] 9% setup compilation NoEmitOnErrorsPlugin
<s> [webpack.Progress] 9% setup compilation RealContentHashPlugin
<s> [webpack.Progress] 9% setup compilation WasmFinalizeExportsPlugin
<s> [webpack.Progress] 9% setup compilation NamedModuleIdsPlugin
<s> [webpack.Progress] 9% setup compilation DeterministicChunkIdsPlugin
<s> [webpack.Progress] 9% setup compilation DefinePlugin
<s> [webpack.Progress] 9% setup compilation TerserPlugin
<s> [webpack.Progress] 9% setup compilation CssMinimizerPlugin
<s> [webpack.Progress] 9% setup compilation TemplatedPathPlugin
<s> [webpack.Progress] 9% setup compilation RecordIdsPlugin
<s> [webpack.Progress] 9% setup compilation WarnCaseSensitiveModulesPlugin
<s> [webpack.Progress] 9% setup compilation IgnoreWarningsPlugin
<s> [webpack.Progress] 9% setup compilation
<s> [webpack.Progress] 10% building
<s> [webpack.Progress] 10% building 0/1 entries 0/0 dependencies 0/0 modules
<s> [webpack.Progress] 10% building import loader ../../node_modules/.pnpm/babel-loader@10.1.1_@babel+core@7.29.7_webpack@5.107.1/node_modules/babel-loader/lib/index.js
<s> [webpack.Progress] 10% building 0/12 entries 5/12 dependencies 0/5 modules
<s> [webpack.Progress] 10% building import loader ../../node_modules/.pnpm/mini-css-extract-plugin@2.10.2_webpack@5.107.1/node_modules/mini-css-extract-plugin/dist/loader.js
<s> [webpack.Progress] 10% building import loader ../../node_modules/.pnpm/css-loader@7.1.4_webpack@5.107.1/node_modules/css-loader/dist/cjs.js
<s> [webpack.Progress] 10% building import loader ../../node_modules/.pnpm/postcss-loader@8.2.1_postcss@8.5.15_typescript@6.0.3_webpack@5.107.1/node_modules/postcss-loader/dist/cjs.js
<s> [webpack.Progress] 10% building 0/12 entries 12/12 dependencies 0/12 modules
<s> [webpack.Progress] 14% building 1/12 entries 19/19 dependencies 1/19 modules
<s> [webpack.Progress] 14% building import loader ../../node_modules/.pnpm/source-map-loader@5.0.0_webpack@5.107.1/node_modules/source-map-loader/dist/cjs.js
<s> [webpack.Progress] 14% building 1/12 entries 68/77 dependencies 9/61 modules
<s> [webpack.Progress] 14% building import loader ../../node_modules/.pnpm/@svgr+webpack@8.1.0_typescript@6.0.3/node_modules/@svgr/webpack/dist/index.js
<s> [webpack.Progress] 14% building import loader ../../node_modules/.pnpm/file-loader@6.2.0_webpack@5.107.1/node_modules/file-loader/dist/cjs.js
<s> [webpack.Progress] 14% building 1/12 entries 212/277 dependencies 13/138 modules
<s> [webpack.Progress] 19% building 2/12 entries 1409/1823 dependencies 78/993 modules
<s> [webpack.Progress] 19% building 2/12 entries 3521/3800 dependencies 226/1523 modules
<s> [webpack.Progress] 19% building 2/12 entries 6443/6500 dependencies 448/2098 modules
<s> [webpack.Progress] 22% building 2/12 entries 9215/9300 dependencies 1122/2519 modules
<s> [webpack.Progress] 30% building 2/12 entries 12168/12200 dependencies 1830/2985 modules
<s> [webpack.Progress] 36% building 2/12 entries 14800/14991 dependencies 2379/3475 modules
<s> [webpack.Progress] 38% building import loader ./recorder-worklet-loader.cjs
<s> [webpack.Progress] 38% building 2/12 entries 15376/15379 dependencies 2600/3557 modules
<s> [webpack.Progress] 41% building 3/12 entries 15787/15805 dependencies 2898/3603 modules
<s> [webpack.Progress] 41% building 4/12 entries 15787/15805 dependencies 2901/3603 modules
<s> [webpack.Progress] 46% building import loader ../../node_modules/.pnpm/raw-loader@4.0.2_webpack@5.107.1/node_modules/raw-loader/dist/cjs.js
<s> [webpack.Progress] 46% building 4/12 entries 16846/16870 dependencies 3336/3787 modules
<s> [webpack.Progress] 54% building 5/12 entries 17928/17928 dependencies 4048/4062 modules
<s> [webpack.Progress] 54% building 5/12 entries 17995/18000 dependencies 4064/4078 modules
<s> [webpack.Progress] 54% building 6/12 entries 18046/18046 dependencies 4069/4078 modules
<s> [webpack.Progress] 54% building 7/12 entries 18046/18046 dependencies 4071/4078 modules
<s> [webpack.Progress] 54% building 8/12 entries 18046/18046 dependencies 4073/4078 modules
<s> [webpack.Progress] 54% building 9/12 entries 18065/18065 dependencies 4076/4082 modules
<s> [webpack.Progress] 55% building 10/12 entries 18065/18065 dependencies 4078/4082 modules
<s> [webpack.Progress] 60% building 11/12 entries 18065/18065 dependencies 4080/4082 modules
<s> [webpack.Progress] 64% building 12/12 entries 18065/18065 dependencies 4082/4082 modules
<s> [webpack.Progress] 65% building
<s> [webpack.Progress] 69% building finish
<s> [webpack.Progress] 69% building finish
<s> [webpack.Progress] 70% sealing finish module graph
<s> [webpack.Progress] 70% sealing finish module graph ResolverCachePlugin
<s> [webpack.Progress] 70% sealing finish module graph InferAsyncModulesPlugin
<s> [webpack.Progress] 70% sealing finish module graph FlagDependencyExportsPlugin
<s> [webpack.Progress] 70% sealing finish module graph InnerGraphPlugin
<s> [webpack.Progress] 70% sealing finish module graph WasmFinalizeExportsPlugin
<s> [webpack.Progress] 70% sealing finish module graph
<s> [webpack.Progress] 70% sealing plugins
<s> [webpack.Progress] 70% sealing plugins WarnCaseSensitiveModulesPlugin
<s> [webpack.Progress] 70% sealing plugins
<s> [webpack.Progress] 71% sealing dependencies optimization
<s> [webpack.Progress] 71% sealing dependencies optimization SideEffectsFlagPlugin
<s> [webpack.Progress] 71% sealing dependencies optimization FlagDependencyUsagePlugin
<s> [webpack.Progress] 71% sealing dependencies optimization
<s> [webpack.Progress] 71% sealing after dependencies optimization
<s> [webpack.Progress] 71% sealing after dependencies optimization
<s> [webpack.Progress] 72% sealing chunk graph
<s> [webpack.Progress] 72% sealing chunk graph
<s> [webpack.Progress] 73% sealing after chunk graph
<s> [webpack.Progress] 73% sealing after chunk graph
<s> [webpack.Progress] 73% sealing optimizing
<s> [webpack.Progress] 73% sealing optimizing
<s> [webpack.Progress] 74% sealing module optimization
<s> [webpack.Progress] 74% sealing module optimization
<s> [webpack.Progress] 75% sealing after module optimization
<s> [webpack.Progress] 75% sealing after module optimization
<s> [webpack.Progress] 75% sealing chunk optimization
<s> [webpack.Progress] 75% sealing chunk optimization EnsureChunkConditionsPlugin
<s> [webpack.Progress] 75% sealing chunk optimization RemoveEmptyChunksPlugin
<s> [webpack.Progress] 75% sealing chunk optimization MergeDuplicateChunksPlugin
<s> [webpack.Progress] 75% sealing chunk optimization SplitChunksPlugin
<s> [webpack.Progress] 75% sealing chunk optimization RemoveEmptyChunksPlugin
<s> [webpack.Progress] 75% sealing chunk optimization
<s> [webpack.Progress] 76% sealing after chunk optimization
<s> [webpack.Progress] 76% sealing after chunk optimization
<s> [webpack.Progress] 77% sealing module and chunk tree optimization
<s> [webpack.Progress] 77% sealing module and chunk tree optimization PersistentChildCompilerSingletonPlugin
<s> [webpack.Progress] 77% sealing module and chunk tree optimization
<s> [webpack.Progress] 77% sealing after module and chunk tree optimization
<s> [webpack.Progress] 77% sealing after module and chunk tree optimization
<s> [webpack.Progress] 78% sealing chunk modules optimization
<s> [webpack.Progress] 78% sealing chunk modules optimization ModuleConcatenationPlugin
<s> [webpack.Progress] 78% sealing chunk modules optimization
<s> [webpack.Progress] 78% sealing after chunk modules optimization
<s> [webpack.Progress] 78% sealing after chunk modules optimization
<s> [webpack.Progress] 79% sealing module reviving
<s> [webpack.Progress] 79% sealing module reviving RecordIdsPlugin
<s> [webpack.Progress] 79% sealing module reviving
<s> [webpack.Progress] 80% sealing before module ids
<s> [webpack.Progress] 80% sealing before module ids
<s> [webpack.Progress] 80% sealing module ids
<s> [webpack.Progress] 80% sealing module ids NamedModuleIdsPlugin
<s> [webpack.Progress] 80% sealing module ids
<s> [webpack.Progress] 81% sealing module id optimization
<s> [webpack.Progress] 81% sealing module id optimization
<s> [webpack.Progress] 82% sealing module id optimization
<s> [webpack.Progress] 82% sealing module id optimization
<s> [webpack.Progress] 82% sealing chunk reviving
<s> [webpack.Progress] 82% sealing chunk reviving RecordIdsPlugin
<s> [webpack.Progress] 82% sealing chunk reviving
<s> [webpack.Progress] 83% sealing before chunk ids
<s> [webpack.Progress] 83% sealing before chunk ids
<s> [webpack.Progress] 84% sealing chunk ids
<s> [webpack.Progress] 84% sealing chunk ids DeterministicChunkIdsPlugin
<s> [webpack.Progress] 84% sealing chunk ids
<s> [webpack.Progress] 84% sealing chunk id optimization
<s> [webpack.Progress] 84% sealing chunk id optimization FlagIncludedChunksPlugin
<s> [webpack.Progress] 84% sealing chunk id optimization
<s> [webpack.Progress] 85% sealing after chunk id optimization
<s> [webpack.Progress] 85% sealing after chunk id optimization
<s> [webpack.Progress] 86% sealing record modules
<s> [webpack.Progress] 86% sealing record modules RecordIdsPlugin
<s> [webpack.Progress] 86% sealing record modules
<s> [webpack.Progress] 86% sealing record chunks
<s> [webpack.Progress] 86% sealing record chunks RecordIdsPlugin
<s> [webpack.Progress] 86% sealing record chunks
<s> [webpack.Progress] 87% sealing module hashing
<s> [webpack.Progress] 87% sealing module hashing
<s> [webpack.Progress] 87% sealing code generation
<s> [webpack.Progress] 87% sealing code generation
<s> [webpack.Progress] 88% sealing runtime requirements
<s> [webpack.Progress] 88% sealing runtime requirements
<s> [webpack.Progress] 89% sealing hashing
<s> [webpack.Progress] 89% sealing hashing
<s> [webpack.Progress] 89% sealing after hashing
<s> [webpack.Progress] 89% sealing after hashing
<s> [webpack.Progress] 90% sealing record hash
<s> [webpack.Progress] 90% sealing record hash
<s> [webpack.Progress] 91% sealing module assets processing
<s> [webpack.Progress] 91% sealing module assets processing
<s> [webpack.Progress] 91% sealing chunk assets processing
<s> [webpack.Progress] 91% sealing chunk assets processing
<s> [webpack.Progress] 92% sealing asset processing
<s> [webpack.Progress] 92% sealing asset processing CopyPlugin
<s> [webpack.Progress] 92% sealing asset processing PersistentChildCompilerSingletonPlugin
<s> [webpack.Progress] 92% sealing asset processing I18nWebpackPlugin
<s> [webpack.Progress] 92% sealing asset processing WebpackVersionFilePlugin
<s> [webpack.Progress] 92% sealing asset processing TerserPlugin
<s> [webpack.Progress] 92% sealing asset processing CssMinimizerPlugin
<s> [webpack.Progress] 92% sealing asset processing SourceMapDevToolPlugin
<s> [webpack.Progress] 92% sealing asset processing SourceMapDevToolPlugin
<s> [webpack.Progress] 92% sealing asset processing SourceMapDevToolPlugin recorder.worklet.js generate SourceMap
<s> [webpack.Progress] 92% sealing asset processing SourceMapDevToolPlugin recorder.worklet.js generated SourceMap
<s> [webpack.Progress] 92% sealing asset processing SourceMapDevToolPlugin opus-encoderWorker.min.8bd8ff5.js generate SourceMap
<s> [webpack.Progress] 92% sealing asset processing SourceMapDevToolPlugin opus-encoderWorker.min.8bd8ff5.js generated SourceMap
<s> [webpack.Progress] 92% sealing asset processing SourceMapDevToolPlugin wave-encoderWorker.min.9f737c9.js generate SourceMap
<s> [webpack.Progress] 92% sealing asset processing SourceMapDevToolPlugin wave-encoderWorker.min.9f737c9.js generated SourceMap
<s> [webpack.Progress] 92% sealing asset processing SourceMapDevToolPlugin opus-decoderWorker.min.f69d392.js generate SourceMap
<s> [webpack.Progress] 92% sealing asset processing SourceMapDevToolPlugin opus-decoderWorker.min.f69d392.js generated SourceMap
<s> [webpack.Progress] 92% sealing asset processing SourceMapDevToolPlugin bundles/70e3e36a7a0933d635d4/bundle.css generate SourceMap
<s> [webpack.Progress] 92% sealing asset processing SourceMapDevToolPlugin bundles/70e3e36a7a0933d635d4/bundle.css generated SourceMap
<s> [webpack.Progress] 92% sealing asset processing SourceMapDevToolPlugin bundles/70e3e36a7a0933d635d4/bundle.js generate SourceMap
<s> [webpack.Progress] 92% sealing asset processing SourceMapDevToolPlugin bundles/70e3e36a7a0933d635d4/bundle.js generated SourceMap
<s> [webpack.Progress] 92% sealing asset processing SourceMapDevToolPlugin bundles/70e3e36a7a0933d635d4/mobileguide.css generate SourceMap
<s> [webpack.Progress] 92% sealing asset processing SourceMapDevToolPlugin bundles/70e3e36a7a0933d635d4/mobileguide.css generated SourceMap
<s> [webpack.Progress] 92% sealing asset processing SourceMapDevToolPlugin bundles/70e3e36a7a0933d635d4/mobileguide.js generate SourceMap
<s> [webpack.Progress] 92% sealing asset processing SourceMapDevToolPlugin bundles/70e3e36a7a0933d635d4/mobileguide.js generated SourceMap
<s> [webpack.Progress] 92% sealing asset processing SourceMapDevToolPlugin bundles/70e3e36a7a0933d635d4/jitsi.css generate SourceMap
<s> [webpack.Progress] 92% sealing asset processing SourceMapDevToolPlugin bundles/70e3e36a7a0933d635d4/jitsi.css generated SourceMap
<s> [webpack.Progress] 92% sealing asset processing SourceMapDevToolPlugin bundles/70e3e36a7a0933d635d4/jitsi.js generate SourceMap
<s> [webpack.Progress] 92% sealing asset processing SourceMapDevToolPlugin bundles/70e3e36a7a0933d635d4/jitsi.js generated SourceMap
<s> [webpack.Progress] 92% sealing asset processing SourceMapDevToolPlugin bundles/70e3e36a7a0933d635d4/usercontent.js generate SourceMap
<s> [webpack.Progress] 92% sealing asset processing SourceMapDevToolPlugin bundles/70e3e36a7a0933d635d4/usercontent.js generated SourceMap
<s> [webpack.Progress] 92% sealing asset processing SourceMapDevToolPlugin sw.js generate SourceMap
<s> [webpack.Progress] 92% sealing asset processing SourceMapDevToolPlugin sw.js generated SourceMap
<s> [webpack.Progress] 92% sealing asset processing SourceMapDevToolPlugin bundles/70e3e36a7a0933d635d4/theme-legacy-light.css generate SourceMap
<s> [webpack.Progress] 92% sealing asset processing SourceMapDevToolPlugin bundles/70e3e36a7a0933d635d4/theme-legacy-light.css generated SourceMap
<s> [webpack.Progress] 92% sealing asset processing SourceMapDevToolPlugin bundles/70e3e36a7a0933d635d4/theme-legacy-light.js generate SourceMap
<s> [webpack.Progress] 92% sealing asset processing SourceMapDevToolPlugin bundles/70e3e36a7a0933d635d4/theme-legacy-light.js generated SourceMap
<s> [webpack.Progress] 92% sealing asset processing SourceMapDevToolPlugin bundles/70e3e36a7a0933d635d4/theme-legacy-dark.css generate SourceMap
<s> [webpack.Progress] 92% sealing asset processing SourceMapDevToolPlugin bundles/70e3e36a7a0933d635d4/theme-legacy-dark.css generated SourceMap
<s> [webpack.Progress] 92% sealing asset processing SourceMapDevToolPlugin bundles/70e3e36a7a0933d635d4/theme-legacy-dark.js generate SourceMap
<s> [webpack.Progress] 92% sealing asset processing SourceMapDevToolPlugin bundles/70e3e36a7a0933d635d4/theme-legacy-dark.js generated SourceMap
<s> [webpack.Progress] 92% sealing asset processing SourceMapDevToolPlugin bundles/70e3e36a7a0933d635d4/theme-light.css generate SourceMap
<s> [webpack.Progress] 92% sealing asset processing SourceMapDevToolPlugin bundles/70e3e36a7a0933d635d4/theme-light.css generated SourceMap
<s> [webpack.Progress] 92% sealing asset processing SourceMapDevToolPlugin bundles/70e3e36a7a0933d635d4/theme-light.js generate SourceMap
<s> [webpack.Progress] 92% sealing asset processing SourceMapDevToolPlugin bundles/70e3e36a7a0933d635d4/theme-light.js generated SourceMap
<s> [webpack.Progress] 92% sealing asset processing SourceMapDevToolPlugin bundles/70e3e36a7a0933d635d4/theme-light-high-contrast.css generate SourceMap
<s> [webpack.Progress] 92% sealing asset processing SourceMapDevToolPlugin bundles/70e3e36a7a0933d635d4/theme-light-high-contrast.css generated SourceMap
<s> [webpack.Progress] 92% sealing asset processing SourceMapDevToolPlugin bundles/70e3e36a7a0933d635d4/theme-light-high-contrast.js generate SourceMap
<s> [webpack.Progress] 92% sealing asset processing SourceMapDevToolPlugin bundles/70e3e36a7a0933d635d4/theme-light-high-contrast.js generated SourceMap
<s> [webpack.Progress] 92% sealing asset processing SourceMapDevToolPlugin bundles/70e3e36a7a0933d635d4/theme-dark.css generate SourceMap
<s> [webpack.Progress] 92% sealing asset processing SourceMapDevToolPlugin bundles/70e3e36a7a0933d635d4/theme-dark.css generated SourceMap
<s> [webpack.Progress] 92% sealing asset processing SourceMapDevToolPlugin bundles/70e3e36a7a0933d635d4/theme-dark.js generate SourceMap
<s> [webpack.Progress] 92% sealing asset processing SourceMapDevToolPlugin bundles/70e3e36a7a0933d635d4/theme-dark.js generated SourceMap
<s> [webpack.Progress] 92% sealing asset processing SourceMapDevToolPlugin bundles/70e3e36a7a0933d635d4/theme-light-custom.css generate SourceMap
<s> [webpack.Progress] 92% sealing asset processing SourceMapDevToolPlugin bundles/70e3e36a7a0933d635d4/theme-light-custom.css generated SourceMap
<s> [webpack.Progress] 92% sealing asset processing SourceMapDevToolPlugin bundles/70e3e36a7a0933d635d4/theme-light-custom.js generate SourceMap
<s> [webpack.Progress] 92% sealing asset processing SourceMapDevToolPlugin bundles/70e3e36a7a0933d635d4/theme-light-custom.js generated SourceMap
<s> [webpack.Progress] 92% sealing asset processing SourceMapDevToolPlugin bundles/70e3e36a7a0933d635d4/theme-dark-custom.css generate SourceMap
<s> [webpack.Progress] 92% sealing asset processing SourceMapDevToolPlugin bundles/70e3e36a7a0933d635d4/theme-dark-custom.css generated SourceMap
<s> [webpack.Progress] 92% sealing asset processing SourceMapDevToolPlugin bundles/70e3e36a7a0933d635d4/theme-dark-custom.js generate SourceMap
<s> [webpack.Progress] 92% sealing asset processing SourceMapDevToolPlugin bundles/70e3e36a7a0933d635d4/theme-dark-custom.js generated SourceMap
<s> [webpack.Progress] 92% sealing asset processing SourceMapDevToolPlugin bundles/70e3e36a7a0933d635d4/intl-segmenter-polyfill.js generate SourceMap
<s> [webpack.Progress] 92% sealing asset processing SourceMapDevToolPlugin bundles/70e3e36a7a0933d635d4/intl-segmenter-polyfill.js generated SourceMap
<s> [webpack.Progress] 92% sealing asset processing SourceMapDevToolPlugin bundles/70e3e36a7a0933d635d4/init.js generate SourceMap
<s> [webpack.Progress] 92% sealing asset processing SourceMapDevToolPlugin bundles/70e3e36a7a0933d635d4/init.js generated SourceMap
<s> [webpack.Progress] 92% sealing asset processing SourceMapDevToolPlugin bundles/70e3e36a7a0933d635d4/element-web-app.js generate SourceMap
<s> [webpack.Progress] 92% sealing asset processing SourceMapDevToolPlugin bundles/70e3e36a7a0933d635d4/element-web-app.js generated SourceMap
<s> [webpack.Progress] 92% sealing asset processing SourceMapDevToolPlugin bundles/70e3e36a7a0933d635d4/error-view.css generate SourceMap
<s> [webpack.Progress] 92% sealing asset processing SourceMapDevToolPlugin bundles/70e3e36a7a0933d635d4/error-view.css generated SourceMap
<s> [webpack.Progress] 92% sealing asset processing SourceMapDevToolPlugin bundles/70e3e36a7a0933d635d4/error-view.js generate SourceMap
<s> [webpack.Progress] 92% sealing asset processing SourceMapDevToolPlugin bundles/70e3e36a7a0933d635d4/error-view.js generated SourceMap
<s> [webpack.Progress] 92% sealing asset processing SourceMapDevToolPlugin bundles/70e3e36a7a0933d635d4/8474.js generate SourceMap
<s> [webpack.Progress] 92% sealing asset processing SourceMapDevToolPlugin bundles/70e3e36a7a0933d635d4/8474.js generated SourceMap
<s> [webpack.Progress] 92% sealing asset processing SourceMapDevToolPlugin bundles/70e3e36a7a0933d635d4/428.js generate SourceMap
<s> [webpack.Progress] 92% sealing asset processing SourceMapDevToolPlugin bundles/70e3e36a7a0933d635d4/428.js generated SourceMap
<s> [webpack.Progress] 92% sealing asset processing SourceMapDevToolPlugin bundles/70e3e36a7a0933d635d4/indexeddb.worker.js generate SourceMap
<s> [webpack.Progress] 92% sealing asset processing SourceMapDevToolPlugin bundles/70e3e36a7a0933d635d4/indexeddb.worker.js generated SourceMap
<s> [webpack.Progress] 92% sealing asset processing SourceMapDevToolPlugin bundles/70e3e36a7a0933d635d4/6941.js generate SourceMap
<s> [webpack.Progress] 92% sealing asset processing SourceMapDevToolPlugin bundles/70e3e36a7a0933d635d4/6941.js generated SourceMap
<s> [webpack.Progress] 92% sealing asset processing SourceMapDevToolPlugin bundles/70e3e36a7a0933d635d4/playback.worker.js generate SourceMap
<s> [webpack.Progress] 92% sealing asset processing SourceMapDevToolPlugin bundles/70e3e36a7a0933d635d4/playback.worker.js generated SourceMap
<s> [webpack.Progress] 92% sealing asset processing SourceMapDevToolPlugin bundles/70e3e36a7a0933d635d4/blurhash.worker.js generate SourceMap
<s> [webpack.Progress] 92% sealing asset processing SourceMapDevToolPlugin bundles/70e3e36a7a0933d635d4/blurhash.worker.js generated SourceMap
<s> [webpack.Progress] 92% sealing asset processing SourceMapDevToolPlugin bundles/70e3e36a7a0933d635d4/5105.js generate SourceMap
<s> [webpack.Progress] 92% sealing asset processing SourceMapDevToolPlugin bundles/70e3e36a7a0933d635d4/5105.js generated SourceMap
<s> [webpack.Progress] 92% sealing asset processing SourceMapDevToolPlugin bundles/70e3e36a7a0933d635d4/8003.js generate SourceMap
<s> [webpack.Progress] 92% sealing asset processing SourceMapDevToolPlugin bundles/70e3e36a7a0933d635d4/8003.js generated SourceMap
<s> [webpack.Progress] 92% sealing asset processing SourceMapDevToolPlugin bundles/70e3e36a7a0933d635d4/211.js generate SourceMap
<s> [webpack.Progress] 92% sealing asset processing SourceMapDevToolPlugin bundles/70e3e36a7a0933d635d4/211.js generated SourceMap
<s> [webpack.Progress] 92% sealing asset processing SourceMapDevToolPlugin bundles/70e3e36a7a0933d635d4/2049.js generate SourceMap
<s> [webpack.Progress] 92% sealing asset processing SourceMapDevToolPlugin bundles/70e3e36a7a0933d635d4/2049.js generated SourceMap
<s> [webpack.Progress] 92% sealing asset processing SourceMapDevToolPlugin bundles/70e3e36a7a0933d635d4/6962.js generate SourceMap
<s> [webpack.Progress] 92% sealing asset processing SourceMapDevToolPlugin bundles/70e3e36a7a0933d635d4/6962.js generated SourceMap
<s> [webpack.Progress] 92% sealing asset processing SourceMapDevToolPlugin bundles/70e3e36a7a0933d635d4/436.js generate SourceMap
<s> [webpack.Progress] 92% sealing asset processing SourceMapDevToolPlugin bundles/70e3e36a7a0933d635d4/436.js generated SourceMap
<s> [webpack.Progress] 92% sealing asset processing SourceMapDevToolPlugin bundles/70e3e36a7a0933d635d4/7443.js generate SourceMap
<s> [webpack.Progress] 92% sealing asset processing SourceMapDevToolPlugin bundles/70e3e36a7a0933d635d4/7443.js generated SourceMap
<s> [webpack.Progress] 92% sealing asset processing SourceMapDevToolPlugin bundles/70e3e36a7a0933d635d4/5310.js generate SourceMap
<s> [webpack.Progress] 92% sealing asset processing SourceMapDevToolPlugin bundles/70e3e36a7a0933d635d4/5310.js generated SourceMap
<s> [webpack.Progress] 92% sealing asset processing SourceMapDevToolPlugin bundles/70e3e36a7a0933d635d4/3482.js generate SourceMap
<s> [webpack.Progress] 92% sealing asset processing SourceMapDevToolPlugin bundles/70e3e36a7a0933d635d4/3482.js generated SourceMap
<s> [webpack.Progress] 92% sealing asset processing SourceMapDevToolPlugin bundles/70e3e36a7a0933d635d4/9340.js generate SourceMap
<s> [webpack.Progress] 92% sealing asset processing SourceMapDevToolPlugin bundles/70e3e36a7a0933d635d4/9340.js generated SourceMap
<s> [webpack.Progress] 92% sealing asset processing SourceMapDevToolPlugin bundles/70e3e36a7a0933d635d4/882.js generate SourceMap
<s> [webpack.Progress] 92% sealing asset processing SourceMapDevToolPlugin bundles/70e3e36a7a0933d635d4/882.js generated SourceMap
<s> [webpack.Progress] 92% sealing asset processing SourceMapDevToolPlugin bundles/70e3e36a7a0933d635d4/2095.js generate SourceMap
<s> [webpack.Progress] 92% sealing asset processing SourceMapDevToolPlugin bundles/70e3e36a7a0933d635d4/2095.js generated SourceMap
<s> [webpack.Progress] 92% sealing asset processing SourceMapDevToolPlugin bundles/70e3e36a7a0933d635d4/5170.js generate SourceMap
<s> [webpack.Progress] 92% sealing asset processing SourceMapDevToolPlugin bundles/70e3e36a7a0933d635d4/5170.js generated SourceMap
<s> [webpack.Progress] 92% sealing asset processing SourceMapDevToolPlugin bundles/70e3e36a7a0933d635d4/5436.js generate SourceMap
<s> [webpack.Progress] 92% sealing asset processing SourceMapDevToolPlugin bundles/70e3e36a7a0933d635d4/5436.js generated SourceMap
<s> [webpack.Progress] 92% sealing asset processing SourceMapDevToolPlugin bundles/70e3e36a7a0933d635d4/3469.js generate SourceMap
<s> [webpack.Progress] 92% sealing asset processing SourceMapDevToolPlugin bundles/70e3e36a7a0933d635d4/3469.js generated SourceMap
<s> [webpack.Progress] 92% sealing asset processing SourceMapDevToolPlugin bundles/70e3e36a7a0933d635d4/1878.js generate SourceMap
<s> [webpack.Progress] 92% sealing asset processing SourceMapDevToolPlugin bundles/70e3e36a7a0933d635d4/1878.js generated SourceMap
<s> [webpack.Progress] 92% sealing asset processing SourceMapDevToolPlugin bundles/70e3e36a7a0933d635d4/5737.js generate SourceMap
<s> [webpack.Progress] 92% sealing asset processing SourceMapDevToolPlugin bundles/70e3e36a7a0933d635d4/5737.js generated SourceMap
<s> [webpack.Progress] 92% sealing asset processing SourceMapDevToolPlugin bundles/70e3e36a7a0933d635d4/5736.js generate SourceMap
<s> [webpack.Progress] 92% sealing asset processing SourceMapDevToolPlugin bundles/70e3e36a7a0933d635d4/5736.js generated SourceMap
<s> [webpack.Progress] 92% sealing asset processing SourceMapDevToolPlugin bundles/70e3e36a7a0933d635d4/4388.js generate SourceMap
<s> [webpack.Progress] 92% sealing asset processing SourceMapDevToolPlugin bundles/70e3e36a7a0933d635d4/4388.js generated SourceMap
<s> [webpack.Progress] 92% sealing asset processing SourceMapDevToolPlugin bundles/70e3e36a7a0933d635d4/8133.js generate SourceMap
<s> [webpack.Progress] 92% sealing asset processing SourceMapDevToolPlugin bundles/70e3e36a7a0933d635d4/8133.js generated SourceMap
<s> [webpack.Progress] 92% sealing asset processing SourceMapDevToolPlugin bundles/70e3e36a7a0933d635d4/7586.js generate SourceMap
<s> [webpack.Progress] 92% sealing asset processing SourceMapDevToolPlugin bundles/70e3e36a7a0933d635d4/7586.js generated SourceMap
<s> [webpack.Progress] 92% sealing asset processing SourceMapDevToolPlugin bundles/70e3e36a7a0933d635d4/6832.js generate SourceMap
<s> [webpack.Progress] 92% sealing asset processing SourceMapDevToolPlugin bundles/70e3e36a7a0933d635d4/6832.js generated SourceMap
<s> [webpack.Progress] 92% sealing asset processing SourceMapDevToolPlugin bundles/70e3e36a7a0933d635d4/9000.js generate SourceMap
<s> [webpack.Progress] 92% sealing asset processing SourceMapDevToolPlugin bundles/70e3e36a7a0933d635d4/9000.js generated SourceMap
<s> [webpack.Progress] 92% sealing asset processing SourceMapDevToolPlugin bundles/70e3e36a7a0933d635d4/5092.js generate SourceMap
<s> [webpack.Progress] 92% sealing asset processing SourceMapDevToolPlugin bundles/70e3e36a7a0933d635d4/5092.js generated SourceMap
<s> [webpack.Progress] 92% sealing asset processing SourceMapDevToolPlugin bundles/70e3e36a7a0933d635d4/4723.js generate SourceMap
<s> [webpack.Progress] 92% sealing asset processing SourceMapDevToolPlugin bundles/70e3e36a7a0933d635d4/4723.js generated SourceMap
<s> [webpack.Progress] 92% sealing asset processing SourceMapDevToolPlugin bundles/70e3e36a7a0933d635d4/2895.js generate SourceMap
<s> [webpack.Progress] 92% sealing asset processing SourceMapDevToolPlugin bundles/70e3e36a7a0933d635d4/2895.js generated SourceMap
<s> [webpack.Progress] 92% sealing asset processing SourceMapDevToolPlugin bundles/70e3e36a7a0933d635d4/6061.js generate SourceMap
<s> [webpack.Progress] 92% sealing asset processing SourceMapDevToolPlugin bundles/70e3e36a7a0933d635d4/6061.js generated SourceMap
<s> [webpack.Progress] 92% sealing asset processing SourceMapDevToolPlugin bundles/70e3e36a7a0933d635d4/3961.js generate SourceMap
<s> [webpack.Progress] 92% sealing asset processing SourceMapDevToolPlugin bundles/70e3e36a7a0933d635d4/3961.js generated SourceMap
<s> [webpack.Progress] 92% sealing asset processing SourceMapDevToolPlugin bundles/70e3e36a7a0933d635d4/1074.js generate SourceMap
<s> [webpack.Progress] 92% sealing asset processing SourceMapDevToolPlugin bundles/70e3e36a7a0933d635d4/1074.js generated SourceMap
<s> [webpack.Progress] 92% sealing asset processing SourceMapDevToolPlugin bundles/70e3e36a7a0933d635d4/9281.js generate SourceMap
<s> [webpack.Progress] 92% sealing asset processing SourceMapDevToolPlugin bundles/70e3e36a7a0933d635d4/9281.js generated SourceMap
<s> [webpack.Progress] 92% sealing asset processing SourceMapDevToolPlugin bundles/70e3e36a7a0933d635d4/8655.js generate SourceMap
<s> [webpack.Progress] 92% sealing asset processing SourceMapDevToolPlugin bundles/70e3e36a7a0933d635d4/8655.js generated SourceMap
<s> [webpack.Progress] 92% sealing asset processing SourceMapDevToolPlugin bundles/70e3e36a7a0933d635d4/9028.js generate SourceMap
<s> [webpack.Progress] 92% sealing asset processing SourceMapDevToolPlugin bundles/70e3e36a7a0933d635d4/9028.js generated SourceMap
<s> [webpack.Progress] 92% sealing asset processing SourceMapDevToolPlugin bundles/70e3e36a7a0933d635d4/8469.js generate SourceMap
<s> [webpack.Progress] 92% sealing asset processing SourceMapDevToolPlugin bundles/70e3e36a7a0933d635d4/8469.js generated SourceMap
<s> [webpack.Progress] 92% sealing asset processing SourceMapDevToolPlugin bundles/70e3e36a7a0933d635d4/6497.js generate SourceMap
<s> [webpack.Progress] 92% sealing asset processing SourceMapDevToolPlugin bundles/70e3e36a7a0933d635d4/6497.js generated SourceMap
<s> [webpack.Progress] 92% sealing asset processing SourceMapDevToolPlugin bundles/70e3e36a7a0933d635d4/9229.js generate SourceMap
<s> [webpack.Progress] 92% sealing asset processing SourceMapDevToolPlugin bundles/70e3e36a7a0933d635d4/9229.js generated SourceMap
<s> [webpack.Progress] 92% sealing asset processing SourceMapDevToolPlugin bundles/70e3e36a7a0933d635d4/3912.js generate SourceMap
<s> [webpack.Progress] 92% sealing asset processing SourceMapDevToolPlugin bundles/70e3e36a7a0933d635d4/3912.js generated SourceMap
<s> [webpack.Progress] 92% sealing asset processing SourceMapDevToolPlugin bundles/70e3e36a7a0933d635d4/3568.js generate SourceMap
<s> [webpack.Progress] 92% sealing asset processing SourceMapDevToolPlugin bundles/70e3e36a7a0933d635d4/3568.js generated SourceMap
<s> [webpack.Progress] 92% sealing asset processing SourceMapDevToolPlugin bundles/70e3e36a7a0933d635d4/1306.js generate SourceMap
<s> [webpack.Progress] 92% sealing asset processing SourceMapDevToolPlugin bundles/70e3e36a7a0933d635d4/1306.js generated SourceMap
<s> [webpack.Progress] 92% sealing asset processing SourceMapDevToolPlugin bundles/70e3e36a7a0933d635d4/styles.css generate SourceMap
<s> [webpack.Progress] 92% sealing asset processing SourceMapDevToolPlugin bundles/70e3e36a7a0933d635d4/styles.css generated SourceMap
<s> [webpack.Progress] 92% sealing asset processing SourceMapDevToolPlugin bundles/70e3e36a7a0933d635d4/styles.js generate SourceMap
<s> [webpack.Progress] 92% sealing asset processing SourceMapDevToolPlugin bundles/70e3e36a7a0933d635d4/styles.js generated SourceMap
<s> [webpack.Progress] 92% sealing asset processing SourceMapDevToolPlugin bundles/70e3e36a7a0933d635d4/5798.js generate SourceMap
<s> [webpack.Progress] 92% sealing asset processing SourceMapDevToolPlugin bundles/70e3e36a7a0933d635d4/5798.js generated SourceMap
<s> [webpack.Progress] 92% sealing asset processing SourceMapDevToolPlugin bundles/70e3e36a7a0933d635d4/8797.js generate SourceMap
<s> [webpack.Progress] 92% sealing asset processing SourceMapDevToolPlugin bundles/70e3e36a7a0933d635d4/8797.js generated SourceMap
<s> [webpack.Progress] 92% sealing asset processing SourceMapDevToolPlugin bundles/70e3e36a7a0933d635d4/8167.js generate SourceMap
<s> [webpack.Progress] 92% sealing asset processing SourceMapDevToolPlugin bundles/70e3e36a7a0933d635d4/8167.js generated SourceMap
<s> [webpack.Progress] 92% sealing asset processing SourceMapDevToolPlugin bundles/70e3e36a7a0933d635d4/7461.js generate SourceMap
<s> [webpack.Progress] 92% sealing asset processing SourceMapDevToolPlugin bundles/70e3e36a7a0933d635d4/7461.js generated SourceMap
<s> [webpack.Progress] 92% sealing asset processing SourceMapDevToolPlugin jitsi_external_api.min.js generate SourceMap
<s> [webpack.Progress] 92% sealing asset processing SourceMapDevToolPlugin jitsi_external_api.min.js generated SourceMap
<s> [webpack.Progress] 92% sealing asset processing SourceMapDevToolPlugin decoder-ring/datatypes.js generate SourceMap
<s> [webpack.Progress] 92% sealing asset processing SourceMapDevToolPlugin decoder-ring/datatypes.js generated SourceMap
<s> [webpack.Progress] 92% sealing asset processing SourceMapDevToolPlugin decoder-ring/decoder.js generate SourceMap
<s> [webpack.Progress] 92% sealing asset processing SourceMapDevToolPlugin decoder-ring/decoder.js generated SourceMap
<s> [webpack.Progress] 92% sealing asset processing SourceMapDevToolPlugin widgets/element-call/assets/IndexedDBWorker-Cdw0EZ8A.js generate SourceMap
<s> [webpack.Progress] 92% sealing asset processing SourceMapDevToolPlugin widgets/element-call/assets/IndexedDBWorker-Cdw0EZ8A.js generated SourceMap
<s> [webpack.Progress] 92% sealing asset processing SourceMapDevToolPlugin widgets/element-call/assets/index-DN5nqo8R.css generate SourceMap
<s> [webpack.Progress] 92% sealing asset processing SourceMapDevToolPlugin widgets/element-call/assets/index-DN5nqo8R.css generated SourceMap
<s> [webpack.Progress] 92% sealing asset processing SourceMapDevToolPlugin widgets/element-call/assets/index-Dul-9Slf.js generate SourceMap
<s> [webpack.Progress] 92% sealing asset processing SourceMapDevToolPlugin widgets/element-call/assets/index-Dul-9Slf.js generated SourceMap
<s> [webpack.Progress] 92% sealing asset processing SourceMapDevToolPlugin widgets/element-call/assets/pako.esm-C3Z1jUa_.js generate SourceMap
<s> [webpack.Progress] 92% sealing asset processing SourceMapDevToolPlugin widgets/element-call/assets/pako.esm-C3Z1jUa_.js generated SourceMap
<s> [webpack.Progress] 92% sealing asset processing SourceMapDevToolPlugin widgets/element-call/assets/polyfill-force-DkPZblV_.js generate SourceMap
<s> [webpack.Progress] 92% sealing asset processing SourceMapDevToolPlugin widgets/element-call/assets/polyfill-force-DkPZblV_.js generated SourceMap
<s> [webpack.Progress] 92% sealing asset processing SourceMapDevToolPlugin widgets/element-call/assets/polyfill-force-hbifgdYj.js generate SourceMap
<s> [webpack.Progress] 92% sealing asset processing SourceMapDevToolPlugin widgets/element-call/assets/polyfill-force-hbifgdYj.js generated SourceMap
<s> [webpack.Progress] 92% sealing asset processing SourceMapDevToolPlugin widgets/element-call/assets/rust-crypto-7BJW2SiO.js generate SourceMap
<s> [webpack.Progress] 92% sealing asset processing SourceMapDevToolPlugin widgets/element-call/assets/rust-crypto-7BJW2SiO.js generated SourceMap
<s> [webpack.Progress] 92% sealing asset processing SourceMapDevToolPlugin widgets/element-call/assets/rust-crypto-_--jvv76.js generate SourceMap
<s> [webpack.Progress] 92% sealing asset processing SourceMapDevToolPlugin widgets/element-call/assets/rust-crypto-_--jvv76.js generated SourceMap
<s> [webpack.Progress] 92% sealing asset processing SourceMapDevToolPlugin widgets/element-call/assets/spa-DfPO1OBn.js generate SourceMap
<s> [webpack.Progress] 92% sealing asset processing SourceMapDevToolPlugin widgets/element-call/assets/spa-DfPO1OBn.js generated SourceMap
<s> [webpack.Progress] 92% sealing asset processing SourceMapDevToolPlugin widgets/element-call/assets/vision_wasm_internal-Uq1_n2E_.js generate SourceMap
<s> [webpack.Progress] 92% sealing asset processing SourceMapDevToolPlugin widgets/element-call/assets/vision_wasm_internal-Uq1_n2E_.js generated SourceMap
<s> [webpack.Progress] 92% sealing asset processing SourceMapDevToolPlugin resolve sources
<s> [webpack.Progress] 92% sealing asset processing SourceMapDevToolPlugin bundles/70e3e36a7a0933d635d4/bundle.css attach SourceMap
<s> [webpack.Progress] 92% sealing asset processing SourceMapDevToolPlugin bundles/70e3e36a7a0933d635d4/bundle.css attached SourceMap
<s> [webpack.Progress] 92% sealing asset processing SourceMapDevToolPlugin bundles/70e3e36a7a0933d635d4/bundle.js attach SourceMap
<s> [webpack.Progress] 92% sealing asset processing SourceMapDevToolPlugin bundles/70e3e36a7a0933d635d4/bundle.js attached SourceMap
<s> [webpack.Progress] 92% sealing asset processing SourceMapDevToolPlugin bundles/70e3e36a7a0933d635d4/mobileguide.css attach SourceMap
<s> [webpack.Progress] 92% sealing asset processing SourceMapDevToolPlugin bundles/70e3e36a7a0933d635d4/mobileguide.css attached SourceMap
<s> [webpack.Progress] 92% sealing asset processing SourceMapDevToolPlugin bundles/70e3e36a7a0933d635d4/mobileguide.js attach SourceMap
<s> [webpack.Progress] 92% sealing asset processing SourceMapDevToolPlugin bundles/70e3e36a7a0933d635d4/mobileguide.js attached SourceMap
<s> [webpack.Progress] 92% sealing asset processing SourceMapDevToolPlugin bundles/70e3e36a7a0933d635d4/jitsi.css attach SourceMap
<s> [webpack.Progress] 92% sealing asset processing SourceMapDevToolPlugin bundles/70e3e36a7a0933d635d4/jitsi.css attached SourceMap
<s> [webpack.Progress] 92% sealing asset processing SourceMapDevToolPlugin bundles/70e3e36a7a0933d635d4/jitsi.js attach SourceMap
<s> [webpack.Progress] 92% sealing asset processing SourceMapDevToolPlugin bundles/70e3e36a7a0933d635d4/jitsi.js attached SourceMap
<s> [webpack.Progress] 92% sealing asset processing SourceMapDevToolPlugin bundles/70e3e36a7a0933d635d4/usercontent.js attach SourceMap
<s> [webpack.Progress] 92% sealing asset processing SourceMapDevToolPlugin bundles/70e3e36a7a0933d635d4/usercontent.js attached SourceMap
<s> [webpack.Progress] 92% sealing asset processing SourceMapDevToolPlugin sw.js attach SourceMap
<s> [webpack.Progress] 92% sealing asset processing SourceMapDevToolPlugin sw.js attached SourceMap
<s> [webpack.Progress] 92% sealing asset processing SourceMapDevToolPlugin bundles/70e3e36a7a0933d635d4/theme-legacy-light.css attach SourceMap
<s> [webpack.Progress] 92% sealing asset processing SourceMapDevToolPlugin bundles/70e3e36a7a0933d635d4/theme-legacy-light.css attached SourceMap
<s> [webpack.Progress] 92% sealing asset processing SourceMapDevToolPlugin bundles/70e3e36a7a0933d635d4/theme-legacy-light.js attach SourceMap
<s> [webpack.Progress] 92% sealing asset processing SourceMapDevToolPlugin bundles/70e3e36a7a0933d635d4/theme-legacy-light.js attached SourceMap
<s> [webpack.Progress] 92% sealing asset processing SourceMapDevToolPlugin bundles/70e3e36a7a0933d635d4/theme-legacy-dark.css attach SourceMap
<s> [webpack.Progress] 92% sealing asset processing SourceMapDevToolPlugin bundles/70e3e36a7a0933d635d4/theme-legacy-dark.css attached SourceMap
<s> [webpack.Progress] 92% sealing asset processing SourceMapDevToolPlugin bundles/70e3e36a7a0933d635d4/theme-legacy-dark.js attach SourceMap
<s> [webpack.Progress] 92% sealing asset processing SourceMapDevToolPlugin bundles/70e3e36a7a0933d635d4/theme-legacy-dark.js attached SourceMap
<s> [webpack.Progress] 92% sealing asset processing SourceMapDevToolPlugin bundles/70e3e36a7a0933d635d4/theme-light.css attach SourceMap
<s> [webpack.Progress] 92% sealing asset processing SourceMapDevToolPlugin bundles/70e3e36a7a0933d635d4/theme-light.css attached SourceMap
<s> [webpack.Progress] 92% sealing asset processing SourceMapDevToolPlugin bundles/70e3e36a7a0933d635d4/theme-light.js attach SourceMap
<s> [webpack.Progress] 92% sealing asset processing SourceMapDevToolPlugin bundles/70e3e36a7a0933d635d4/theme-light.js attached SourceMap
<s> [webpack.Progress] 92% sealing asset processing SourceMapDevToolPlugin bundles/70e3e36a7a0933d635d4/theme-light-high-contrast.css attach SourceMap
<s> [webpack.Progress] 92% sealing asset processing SourceMapDevToolPlugin bundles/70e3e36a7a0933d635d4/theme-light-high-contrast.css attached SourceMap
<s> [webpack.Progress] 92% sealing asset processing SourceMapDevToolPlugin bundles/70e3e36a7a0933d635d4/theme-light-high-contrast.js attach SourceMap
<s> [webpack.Progress] 92% sealing asset processing SourceMapDevToolPlugin bundles/70e3e36a7a0933d635d4/theme-light-high-contrast.js attached SourceMap
<s> [webpack.Progress] 92% sealing asset processing SourceMapDevToolPlugin bundles/70e3e36a7a0933d635d4/theme-dark.css attach SourceMap
<s> [webpack.Progress] 92% sealing asset processing SourceMapDevToolPlugin bundles/70e3e36a7a0933d635d4/theme-dark.css attached SourceMap
<s> [webpack.Progress] 92% sealing asset processing SourceMapDevToolPlugin bundles/70e3e36a7a0933d635d4/theme-dark.js attach SourceMap
<s> [webpack.Progress] 92% sealing asset processing SourceMapDevToolPlugin bundles/70e3e36a7a0933d635d4/theme-dark.js attached SourceMap
<s> [webpack.Progress] 92% sealing asset processing SourceMapDevToolPlugin bundles/70e3e36a7a0933d635d4/theme-light-custom.css attach SourceMap
<s> [webpack.Progress] 92% sealing asset processing SourceMapDevToolPlugin bundles/70e3e36a7a0933d635d4/theme-light-custom.css attached SourceMap
<s> [webpack.Progress] 92% sealing asset processing SourceMapDevToolPlugin bundles/70e3e36a7a0933d635d4/theme-light-custom.js attach SourceMap
<s> [webpack.Progress] 92% sealing asset processing SourceMapDevToolPlugin bundles/70e3e36a7a0933d635d4/theme-light-custom.js attached SourceMap
<s> [webpack.Progress] 92% sealing asset processing SourceMapDevToolPlugin bundles/70e3e36a7a0933d635d4/theme-dark-custom.css attach SourceMap
<s> [webpack.Progress] 92% sealing asset processing SourceMapDevToolPlugin bundles/70e3e36a7a0933d635d4/theme-dark-custom.css attached SourceMap
<s> [webpack.Progress] 92% sealing asset processing SourceMapDevToolPlugin bundles/70e3e36a7a0933d635d4/theme-dark-custom.js attach SourceMap
<s> [webpack.Progress] 92% sealing asset processing SourceMapDevToolPlugin bundles/70e3e36a7a0933d635d4/theme-dark-custom.js attached SourceMap
<s> [webpack.Progress] 92% sealing asset processing SourceMapDevToolPlugin bundles/70e3e36a7a0933d635d4/intl-segmenter-polyfill.js attach SourceMap
<s> [webpack.Progress] 92% sealing asset processing SourceMapDevToolPlugin bundles/70e3e36a7a0933d635d4/intl-segmenter-polyfill.js attached SourceMap
<s> [webpack.Progress] 92% sealing asset processing SourceMapDevToolPlugin bundles/70e3e36a7a0933d635d4/init.js attach SourceMap
<s> [webpack.Progress] 92% sealing asset processing SourceMapDevToolPlugin bundles/70e3e36a7a0933d635d4/init.js attached SourceMap
<s> [webpack.Progress] 92% sealing asset processing SourceMapDevToolPlugin bundles/70e3e36a7a0933d635d4/element-web-app.js attach SourceMap
<s> [webpack.Progress] 92% sealing asset processing SourceMapDevToolPlugin bundles/70e3e36a7a0933d635d4/element-web-app.js attached SourceMap
<s> [webpack.Progress] 92% sealing asset processing SourceMapDevToolPlugin bundles/70e3e36a7a0933d635d4/error-view.css attach SourceMap
<s> [webpack.Progress] 92% sealing asset processing SourceMapDevToolPlugin bundles/70e3e36a7a0933d635d4/error-view.css attached SourceMap
<s> [webpack.Progress] 92% sealing asset processing SourceMapDevToolPlugin bundles/70e3e36a7a0933d635d4/error-view.js attach SourceMap
<s> [webpack.Progress] 92% sealing asset processing SourceMapDevToolPlugin bundles/70e3e36a7a0933d635d4/error-view.js attached SourceMap
<s> [webpack.Progress] 92% sealing asset processing SourceMapDevToolPlugin bundles/70e3e36a7a0933d635d4/8474.js attach SourceMap
<s> [webpack.Progress] 92% sealing asset processing SourceMapDevToolPlugin bundles/70e3e36a7a0933d635d4/8474.js attached SourceMap
<s> [webpack.Progress] 92% sealing asset processing SourceMapDevToolPlugin bundles/70e3e36a7a0933d635d4/428.js attach SourceMap
<s> [webpack.Progress] 92% sealing asset processing SourceMapDevToolPlugin bundles/70e3e36a7a0933d635d4/428.js attached SourceMap
<s> [webpack.Progress] 92% sealing asset processing SourceMapDevToolPlugin bundles/70e3e36a7a0933d635d4/indexeddb.worker.js attach SourceMap
<s> [webpack.Progress] 92% sealing asset processing SourceMapDevToolPlugin bundles/70e3e36a7a0933d635d4/indexeddb.worker.js attached SourceMap
<s> [webpack.Progress] 92% sealing asset processing SourceMapDevToolPlugin bundles/70e3e36a7a0933d635d4/6941.js attach SourceMap
<s> [webpack.Progress] 92% sealing asset processing SourceMapDevToolPlugin bundles/70e3e36a7a0933d635d4/6941.js attached SourceMap
<s> [webpack.Progress] 92% sealing asset processing SourceMapDevToolPlugin bundles/70e3e36a7a0933d635d4/playback.worker.js attach SourceMap
<s> [webpack.Progress] 92% sealing asset processing SourceMapDevToolPlugin bundles/70e3e36a7a0933d635d4/playback.worker.js attached SourceMap
<s> [webpack.Progress] 92% sealing asset processing SourceMapDevToolPlugin bundles/70e3e36a7a0933d635d4/blurhash.worker.js attach SourceMap
<s> [webpack.Progress] 92% sealing asset processing SourceMapDevToolPlugin bundles/70e3e36a7a0933d635d4/blurhash.worker.js attached SourceMap
<s> [webpack.Progress] 92% sealing asset processing SourceMapDevToolPlugin bundles/70e3e36a7a0933d635d4/5105.js attach SourceMap
<s> [webpack.Progress] 92% sealing asset processing SourceMapDevToolPlugin bundles/70e3e36a7a0933d635d4/5105.js attached SourceMap
<s> [webpack.Progress] 92% sealing asset processing SourceMapDevToolPlugin bundles/70e3e36a7a0933d635d4/8003.js attach SourceMap
<s> [webpack.Progress] 92% sealing asset processing SourceMapDevToolPlugin bundles/70e3e36a7a0933d635d4/8003.js attached SourceMap
<s> [webpack.Progress] 92% sealing asset processing SourceMapDevToolPlugin bundles/70e3e36a7a0933d635d4/211.js attach SourceMap
<s> [webpack.Progress] 92% sealing asset processing SourceMapDevToolPlugin bundles/70e3e36a7a0933d635d4/211.js attached SourceMap
<s> [webpack.Progress] 92% sealing asset processing SourceMapDevToolPlugin bundles/70e3e36a7a0933d635d4/2049.js attach SourceMap
<s> [webpack.Progress] 92% sealing asset processing SourceMapDevToolPlugin bundles/70e3e36a7a0933d635d4/2049.js attached SourceMap
<s> [webpack.Progress] 92% sealing asset processing SourceMapDevToolPlugin bundles/70e3e36a7a0933d635d4/6962.js attach SourceMap
<s> [webpack.Progress] 92% sealing asset processing SourceMapDevToolPlugin bundles/70e3e36a7a0933d635d4/6962.js attached SourceMap
<s> [webpack.Progress] 92% sealing asset processing SourceMapDevToolPlugin bundles/70e3e36a7a0933d635d4/436.js attach SourceMap
<s> [webpack.Progress] 92% sealing asset processing SourceMapDevToolPlugin bundles/70e3e36a7a0933d635d4/436.js attached SourceMap
<s> [webpack.Progress] 92% sealing asset processing SourceMapDevToolPlugin bundles/70e3e36a7a0933d635d4/7443.js attach SourceMap
<s> [webpack.Progress] 92% sealing asset processing SourceMapDevToolPlugin bundles/70e3e36a7a0933d635d4/7443.js attached SourceMap
<s> [webpack.Progress] 92% sealing asset processing SourceMapDevToolPlugin bundles/70e3e36a7a0933d635d4/5310.js attach SourceMap
<s> [webpack.Progress] 92% sealing asset processing SourceMapDevToolPlugin bundles/70e3e36a7a0933d635d4/5310.js attached SourceMap
<s> [webpack.Progress] 92% sealing asset processing SourceMapDevToolPlugin bundles/70e3e36a7a0933d635d4/3482.js attach SourceMap
<s> [webpack.Progress] 92% sealing asset processing SourceMapDevToolPlugin bundles/70e3e36a7a0933d635d4/3482.js attached SourceMap
<s> [webpack.Progress] 92% sealing asset processing SourceMapDevToolPlugin bundles/70e3e36a7a0933d635d4/9340.js attach SourceMap
<s> [webpack.Progress] 92% sealing asset processing SourceMapDevToolPlugin bundles/70e3e36a7a0933d635d4/9340.js attached SourceMap
<s> [webpack.Progress] 92% sealing asset processing SourceMapDevToolPlugin bundles/70e3e36a7a0933d635d4/882.js attach SourceMap
<s> [webpack.Progress] 92% sealing asset processing SourceMapDevToolPlugin bundles/70e3e36a7a0933d635d4/882.js attached SourceMap
<s> [webpack.Progress] 92% sealing asset processing SourceMapDevToolPlugin bundles/70e3e36a7a0933d635d4/2095.js attach SourceMap
<s> [webpack.Progress] 92% sealing asset processing SourceMapDevToolPlugin bundles/70e3e36a7a0933d635d4/2095.js attached SourceMap
<s> [webpack.Progress] 92% sealing asset processing SourceMapDevToolPlugin bundles/70e3e36a7a0933d635d4/5170.js attach SourceMap
<s> [webpack.Progress] 92% sealing asset processing SourceMapDevToolPlugin bundles/70e3e36a7a0933d635d4/5170.js attached SourceMap
<s> [webpack.Progress] 92% sealing asset processing SourceMapDevToolPlugin bundles/70e3e36a7a0933d635d4/5436.js attach SourceMap
<s> [webpack.Progress] 92% sealing asset processing SourceMapDevToolPlugin bundles/70e3e36a7a0933d635d4/5436.js attached SourceMap
<s> [webpack.Progress] 92% sealing asset processing SourceMapDevToolPlugin bundles/70e3e36a7a0933d635d4/3469.js attach SourceMap
<s> [webpack.Progress] 92% sealing asset processing SourceMapDevToolPlugin bundles/70e3e36a7a0933d635d4/3469.js attached SourceMap
<s> [webpack.Progress] 92% sealing asset processing SourceMapDevToolPlugin bundles/70e3e36a7a0933d635d4/1878.js attach SourceMap
<s> [webpack.Progress] 92% sealing asset processing SourceMapDevToolPlugin bundles/70e3e36a7a0933d635d4/1878.js attached SourceMap
<s> [webpack.Progress] 92% sealing asset processing SourceMapDevToolPlugin bundles/70e3e36a7a0933d635d4/5737.js attach SourceMap
<s> [webpack.Progress] 92% sealing asset processing SourceMapDevToolPlugin bundles/70e3e36a7a0933d635d4/5737.js attached SourceMap
<s> [webpack.Progress] 92% sealing asset processing SourceMapDevToolPlugin bundles/70e3e36a7a0933d635d4/5736.js attach SourceMap
<s> [webpack.Progress] 92% sealing asset processing SourceMapDevToolPlugin bundles/70e3e36a7a0933d635d4/5736.js attached SourceMap
<s> [webpack.Progress] 92% sealing asset processing SourceMapDevToolPlugin bundles/70e3e36a7a0933d635d4/4388.js attach SourceMap
<s> [webpack.Progress] 92% sealing asset processing SourceMapDevToolPlugin bundles/70e3e36a7a0933d635d4/4388.js attached SourceMap
<s> [webpack.Progress] 92% sealing asset processing SourceMapDevToolPlugin bundles/70e3e36a7a0933d635d4/8133.js attach SourceMap
<s> [webpack.Progress] 92% sealing asset processing SourceMapDevToolPlugin bundles/70e3e36a7a0933d635d4/8133.js attached SourceMap
<s> [webpack.Progress] 92% sealing asset processing SourceMapDevToolPlugin bundles/70e3e36a7a0933d635d4/7586.js attach SourceMap
<s> [webpack.Progress] 92% sealing asset processing SourceMapDevToolPlugin bundles/70e3e36a7a0933d635d4/7586.js attached SourceMap
<s> [webpack.Progress] 92% sealing asset processing SourceMapDevToolPlugin bundles/70e3e36a7a0933d635d4/6832.js attach SourceMap
<s> [webpack.Progress] 92% sealing asset processing SourceMapDevToolPlugin bundles/70e3e36a7a0933d635d4/6832.js attached SourceMap
<s> [webpack.Progress] 92% sealing asset processing SourceMapDevToolPlugin bundles/70e3e36a7a0933d635d4/9000.js attach SourceMap
<s> [webpack.Progress] 92% sealing asset processing SourceMapDevToolPlugin bundles/70e3e36a7a0933d635d4/9000.js attached SourceMap
<s> [webpack.Progress] 92% sealing asset processing SourceMapDevToolPlugin bundles/70e3e36a7a0933d635d4/5092.js attach SourceMap
<s> [webpack.Progress] 92% sealing asset processing SourceMapDevToolPlugin bundles/70e3e36a7a0933d635d4/5092.js attached SourceMap
<s> [webpack.Progress] 92% sealing asset processing SourceMapDevToolPlugin bundles/70e3e36a7a0933d635d4/4723.js attach SourceMap
<s> [webpack.Progress] 92% sealing asset processing SourceMapDevToolPlugin bundles/70e3e36a7a0933d635d4/4723.js attached SourceMap
<s> [webpack.Progress] 92% sealing asset processing SourceMapDevToolPlugin bundles/70e3e36a7a0933d635d4/2895.js attach SourceMap
<s> [webpack.Progress] 92% sealing asset processing SourceMapDevToolPlugin bundles/70e3e36a7a0933d635d4/2895.js attached SourceMap
<s> [webpack.Progress] 92% sealing asset processing SourceMapDevToolPlugin bundles/70e3e36a7a0933d635d4/6061.js attach SourceMap
<s> [webpack.Progress] 92% sealing asset processing SourceMapDevToolPlugin bundles/70e3e36a7a0933d635d4/6061.js attached SourceMap
<s> [webpack.Progress] 92% sealing asset processing SourceMapDevToolPlugin bundles/70e3e36a7a0933d635d4/1074.js attach SourceMap
<s> [webpack.Progress] 92% sealing asset processing SourceMapDevToolPlugin bundles/70e3e36a7a0933d635d4/1074.js attached SourceMap
<s> [webpack.Progress] 92% sealing asset processing SourceMapDevToolPlugin bundles/70e3e36a7a0933d635d4/9281.js attach SourceMap
<s> [webpack.Progress] 92% sealing asset processing SourceMapDevToolPlugin bundles/70e3e36a7a0933d635d4/9281.js attached SourceMap
<s> [webpack.Progress] 92% sealing asset processing SourceMapDevToolPlugin bundles/70e3e36a7a0933d635d4/9028.js attach SourceMap
<s> [webpack.Progress] 92% sealing asset processing SourceMapDevToolPlugin bundles/70e3e36a7a0933d635d4/9028.js attached SourceMap
<s> [webpack.Progress] 92% sealing asset processing SourceMapDevToolPlugin bundles/70e3e36a7a0933d635d4/8469.js attach SourceMap
<s> [webpack.Progress] 92% sealing asset processing SourceMapDevToolPlugin bundles/70e3e36a7a0933d635d4/8469.js attached SourceMap
<s> [webpack.Progress] 92% sealing asset processing SourceMapDevToolPlugin bundles/70e3e36a7a0933d635d4/6497.js attach SourceMap
<s> [webpack.Progress] 92% sealing asset processing SourceMapDevToolPlugin bundles/70e3e36a7a0933d635d4/6497.js attached SourceMap
<s> [webpack.Progress] 92% sealing asset processing SourceMapDevToolPlugin bundles/70e3e36a7a0933d635d4/9229.js attach SourceMap
<s> [webpack.Progress] 92% sealing asset processing SourceMapDevToolPlugin bundles/70e3e36a7a0933d635d4/9229.js attached SourceMap
<s> [webpack.Progress] 92% sealing asset processing SourceMapDevToolPlugin bundles/70e3e36a7a0933d635d4/3912.js attach SourceMap
<s> [webpack.Progress] 92% sealing asset processing SourceMapDevToolPlugin bundles/70e3e36a7a0933d635d4/3912.js attached SourceMap
<s> [webpack.Progress] 92% sealing asset processing SourceMapDevToolPlugin bundles/70e3e36a7a0933d635d4/3568.js attach SourceMap
<s> [webpack.Progress] 92% sealing asset processing SourceMapDevToolPlugin bundles/70e3e36a7a0933d635d4/3568.js attached SourceMap
<s> [webpack.Progress] 92% sealing asset processing SourceMapDevToolPlugin bundles/70e3e36a7a0933d635d4/1306.js attach SourceMap
<s> [webpack.Progress] 92% sealing asset processing SourceMapDevToolPlugin bundles/70e3e36a7a0933d635d4/1306.js attached SourceMap
<s> [webpack.Progress] 92% sealing asset processing SourceMapDevToolPlugin bundles/70e3e36a7a0933d635d4/styles.css attach SourceMap
<s> [webpack.Progress] 92% sealing asset processing SourceMapDevToolPlugin bundles/70e3e36a7a0933d635d4/styles.css attached SourceMap
<s> [webpack.Progress] 92% sealing asset processing SourceMapDevToolPlugin bundles/70e3e36a7a0933d635d4/styles.js attach SourceMap
<s> [webpack.Progress] 92% sealing asset processing SourceMapDevToolPlugin bundles/70e3e36a7a0933d635d4/styles.js attached SourceMap
<s> [webpack.Progress] 92% sealing asset processing SourceMapDevToolPlugin bundles/70e3e36a7a0933d635d4/5798.js attach SourceMap
<s> [webpack.Progress] 92% sealing asset processing SourceMapDevToolPlugin bundles/70e3e36a7a0933d635d4/5798.js attached SourceMap
<s> [webpack.Progress] 92% sealing asset processing SourceMapDevToolPlugin bundles/70e3e36a7a0933d635d4/8797.js attach SourceMap
<s> [webpack.Progress] 92% sealing asset processing SourceMapDevToolPlugin bundles/70e3e36a7a0933d635d4/8797.js attached SourceMap
<s> [webpack.Progress] 92% sealing asset processing SourceMapDevToolPlugin bundles/70e3e36a7a0933d635d4/8167.js attach SourceMap
<s> [webpack.Progress] 92% sealing asset processing SourceMapDevToolPlugin bundles/70e3e36a7a0933d635d4/8167.js attached SourceMap
<s> [webpack.Progress] 92% sealing asset processing SourceMapDevToolPlugin bundles/70e3e36a7a0933d635d4/7461.js attach SourceMap
<s> [webpack.Progress] 92% sealing asset processing SourceMapDevToolPlugin bundles/70e3e36a7a0933d635d4/7461.js attached SourceMap
<s> [webpack.Progress] 92% sealing asset processing SourceMapDevToolPlugin
<s> [webpack.Progress] 92% sealing asset processing SourceMapDevToolPlugin
<s> [webpack.Progress] 92% sealing asset processing SourceMapDevToolPlugin resolve sources
<s> [webpack.Progress] 92% sealing asset processing SourceMapDevToolPlugin
<s> [webpack.Progress] 92% sealing asset processing HtmlWebpackPlugin
<s> [webpack.Progress] 92% sealing asset processing HtmlWebpackPlugin
<s> [webpack.Progress] 92% sealing asset processing HtmlWebpackPlugin resolve sources
<s> [webpack.Progress] 92% sealing asset processing HtmlWebpackPlugin
<s> [webpack.Progress] 92% sealing asset processing HtmlWebpackPlugin
<s> [webpack.Progress] 92% sealing asset processing HtmlWebpackPlugin
<s> [webpack.Progress] 92% sealing asset processing HtmlWebpackPlugin resolve sources
<s> [webpack.Progress] 92% sealing asset processing HtmlWebpackPlugin
<s> [webpack.Progress] 92% sealing asset processing HtmlWebpackPlugin
<s> [webpack.Progress] 92% sealing asset processing HtmlWebpackPlugin
<s> [webpack.Progress] 92% sealing asset processing HtmlWebpackPlugin resolve sources
<s> [webpack.Progress] 92% sealing asset processing HtmlWebpackPlugin
<s> [webpack.Progress] 92% sealing asset processing HtmlWebpackPlugin
<s> [webpack.Progress] 92% sealing asset processing HtmlWebpackPlugin
<s> [webpack.Progress] 92% sealing asset processing HtmlWebpackPlugin resolve sources
<s> [webpack.Progress] 92% sealing asset processing HtmlWebpackPlugin
<s> [webpack.Progress] 92% sealing asset processing HtmlWebpackPlugin
<s> [webpack.Progress] 92% sealing asset processing HtmlWebpackPlugin
<s> [webpack.Progress] 92% sealing asset processing HtmlWebpackPlugin resolve sources
<s> [webpack.Progress] 92% sealing asset processing HtmlWebpackPlugin
<s> [webpack.Progress] 92% sealing asset processing HtmlWebpackPlugin
<s> [webpack.Progress] 92% sealing asset processing HtmlWebpackPlugin
<s> [webpack.Progress] 92% sealing asset processing HtmlWebpackPlugin resolve sources
<s> [webpack.Progress] 92% sealing asset processing HtmlWebpackPlugin
<s> [webpack.Progress] 92% sealing asset processing RealContentHashPlugin
<s> [webpack.Progress] 92% sealing asset processing
<s> [webpack.Progress] 93% sealing after asset optimization
<s> [webpack.Progress] 93% sealing after asset optimization
<s> [webpack.Progress] 93% sealing recording
<s> [webpack.Progress] 93% sealing recording
<s> [webpack.Progress] 94% sealing after seal
<s> [webpack.Progress] 94% sealing after seal
<s> [webpack.Progress] 95% emitting emit
<s> [webpack.Progress] 95% emitting emit
<s> [webpack.Progress] 98% emitting after emit
<s> [webpack.Progress] 98% emitting after emit SizeLimitsPlugin
<s> [webpack.Progress] 98% emitting after emit
<s> [webpack.Progress] 99% done plugins
<s> [webpack.Progress] 99% done plugins
<s> [webpack.Progress] 99% 

<s> [webpack.Progress] 99% cache store build dependencies
<s> [webpack.Progress] 99% cache store build dependencies
<s> [webpack.Progress] 99% cache begin idle
<s> [webpack.Progress] 99% cache begin idle
<s> [webpack.Progress] 100% 

<s> [webpack.Progress] 99% cache shutdown
<s> [webpack.Progress] 99% cache shutdown
<s> [webpack.Progress] 100% 

assets by status 4.67 MiB [1m[32m[cached][39m[22m 245 assets
assets by path [1m[32m.[39m[22m 79 MiB
  assets by status 53 MiB [1m[33m[compared for emit][39m[22m 256 assets
  assets by path [1m[32mbundles/70e3e36a7a0933d635d4/[39m[22m 26 MiB
    assets by path [1m[32mbundles/70e3e36a7a0933d635d4/*.js[39m[22m 13.1 MiB
      assets by chunk 12.5 MiB (id hint: default) 28 assets
      + 36 assets
    assets by path [1m[32mbundles/70e3e36a7a0933d635d4/*.css[39m[22m 6.1 MiB
      assets by status [1m[33m5.75 MiB[39m[22m [1m[33m[big][39m[22m
        asset [1m[33mbundles/70e3e36a7a0933d635d4/theme-light-high-contrast.css[39m[22m [1m[33m859 KiB[39m[22m [1m[32m[emitted][39m[22m [1m[32m[immutable][39m[22m [1m[32m[minimized][39m[22m [1m[33m[big][39m[22m (name: theme-light-high-contrast) 1 related asset
        + 6 assets
      + 5 assets
    assets by path [1m[32mbundles/70e3e36a7a0933d635d4/*.wasm[39m[22m 6.81 MiB
      asset [1m[33mbundles/70e3e36a7a0933d635d4/e5ee191be150340246f5.wasm[39m[22m [1m[33m5.32 MiB[39m[22m [1m[32m[emitted][39m[22m [1m[32m[immutable][39m[22m [1m[33m[big][39m[22m
      asset [1m[33mbundles/70e3e36a7a0933d635d4/5196e57b26f5daa87b14.wasm[39m[22m [1m[33m1.5 MiB[39m[22m [1m[32m[emitted][39m[22m [1m[32m[immutable][39m[22m [1m[33m[big][39m[22m
orphan modules 28.8 MiB (javascript) 35.2 KiB (runtime) [1m[33m[orphan][39m[22m 2439 modules
runtime modules 44.2 KiB 61 modules
cacheable modules 23 MiB (javascript) 9.3 MiB (css/mini-extract) 6.81 MiB (webassembly)
  modules by path [1m../../[39m[22m 16 MiB (javascript) 153 KiB (css/mini-extract) 6.81 MiB (webassembly)
    javascript modules 15.3 MiB 1112 modules
    css modules 153 KiB 14 modules
    json modules 781 KiB 8 modules
    webassembly modules 2.72 KiB (javascript) 6.81 MiB (webassembly) 2 modules
  modules by path [1m./[39m[22m 7 MiB (javascript) 9.15 MiB (css/mini-extract)
    modules by path [1m./src/[39m[22m 6.99 MiB (javascript) 286 KiB (css/mini-extract) 499 modules
    modules by path [1m./res/[39m[22m 6.54 KiB (javascript) 8.87 MiB (css/mini-extract) 25 modules
    [1m./terminal-highlight (ignored)[39m[22m 15 bytes [1m[33m[built][39m[22m [1m[33m[code generated][39m[22m
  + 6 modules

[1mLOG from I18nWebpackPlugin[39m[22m
<i> [1m[32mGenerated languages.json and language files[39m[22m
+ 41 hidden lines

[1m[33mWARNING[39m[22m in [1mwidgets/element-call/assets/index-DN5nqo8R.css[39m[22m
[1mwidgets/element-call/assets/index-DN5nqo8R.css from Css Minimizer plugin
postcss-calc: /Users/hayyaksi/Code/element/apps/web/widgets/element-call/assets/index-DN5nqo8R.css:1:184650: Parse [1m[31merror[39m[22m[1m on line 1: 
...(--cpd-space-24x), max(var(--cpd-space-4x), calc((100vw - 900px) / 3)))
------------------------------------------------------------------------^
Expecting end of input, "ADD", "SUB", "MUL", "DIV", got [1m[31munexpected[39m[22m[1m "RPAREN"[39m[22m

[1m[33mWARNING[39m[22m in [1mwidgets/element-call/assets/index-DN5nqo8R.css[39m[22m
[1mwidgets/element-call/assets/index-DN5nqo8R.css from Css Minimizer plugin
postcss-calc: /Users/hayyaksi/Code/element/apps/web/widgets/element-call/assets/index-DN5nqo8R.css:1:184784: Parse [1m[31merror[39m[22m[1m on line 1: 
...(--cpd-space-24x), max(var(--cpd-space-4x), calc((100vw - 900px) / 3)))
------------------------------------------------------------------------^
Expecting end of input, "ADD", "SUB", "MUL", "DIV", got [1m[31munexpected[39m[22m[1m "RPAREN"[39m[22m

[1m[33mWARNING[39m[22m in [1masset size limit: The following asset(s) exceed the recommended size limit (244 KiB).
This can impact web performance.
Assets: 
  fonts/Twemoji_Mozilla/TwemojiMozilla-colr.666a113.woff2 (497 KiB)
  opus-encoderWorker.min.8bd8ff5.js (372 KiB)
  bundles/70e3e36a7a0933d635d4/jitsi.js (416 KiB)
  bundles/70e3e36a7a0933d635d4/theme-legacy-light.css (823 KiB)
  bundles/70e3e36a7a0933d635d4/theme-legacy-dark.css (824 KiB)
  bundles/70e3e36a7a0933d635d4/theme-light.css (841 KiB)
  bundles/70e3e36a7a0933d635d4/theme-light-high-contrast.css (859 KiB)
  bundles/70e3e36a7a0933d635d4/theme-dark.css (842 KiB)
  bundles/70e3e36a7a0933d635d4/theme-light-custom.css (850 KiB)
  bundles/70e3e36a7a0933d635d4/theme-dark-custom.css (850 KiB)
  bundles/70e3e36a7a0933d635d4/init.js (2.12 MiB)
  bundles/70e3e36a7a0933d635d4/element-web-app.js (1.18 MiB)
  bundles/70e3e36a7a0933d635d4/8003.js (972 KiB)
  bundles/70e3e36a7a0933d635d4/e5ee191be150340246f5.wasm (5.32 MiB)
  bundles/70e3e36a7a0933d635d4/5196e57b26f5daa87b14.wasm (1.5 MiB)
  bundles/70e3e36a7a0933d635d4/8469.js (1 MiB)
  bundles/70e3e36a7a0933d635d4/9229.js (388 KiB)
  bundles/70e3e36a7a0933d635d4/5798.js (3.47 MiB)
  bundles/70e3e36a7a0933d635d4/8797.js (423 KiB)
  bundles/70e3e36a7a0933d635d4/8167.js (427 KiB)
  bundles/70e3e36a7a0933d635d4/7461.js (1.63 MiB)
  themes/element/img/backgrounds/lake.jpg (596 KiB)
  widgets/element-call/assets/IndexedDBWorker-Cdw0EZ8A.js (727 KiB)
  widgets/element-call/assets/IndexedDBWorker-Cdw0EZ8A.js.map (2.81 MiB)
  widgets/element-call/assets/index-Dul-9Slf.js (2.81 MiB)
  widgets/element-call/assets/index-Dul-9Slf.js.map (11 MiB)
  widgets/element-call/assets/livekit-client.e2ee.worker-Bx7qm3vf.js.map (372 KiB)
  widgets/element-call/assets/matrix_sdk_crypto_wasm_bg-LxVvzIHg.wasm (5.36 MiB)
  widgets/element-call/assets/pako.esm-C3Z1jUa_.js.map (290 KiB)
  widgets/element-call/assets/polyfill-force-DkPZblV_.js (330 KiB)
  widgets/element-call/assets/polyfill-force-DkPZblV_.js.map (831 KiB)
  widgets/element-call/assets/rust-crypto-7BJW2SiO.js.map (941 KiB)
  widgets/element-call/assets/rust-crypto-_--jvv76.js (247 KiB)
  widgets/element-call/assets/rust-crypto-_--jvv76.js.map (1.01 MiB)
  widgets/element-call/assets/vision_wasm_internal-CA13OlP-.wasm (10.6 MiB)
  widgets/element-call/assets/vision_wasm_internal-Uq1_n2E_.js (314 KiB)
  i18n/cs.0bc0973.json (298 KiB)
  i18n/cy.f05fd4d.json (285 KiB)
  i18n/de_DE.8a34e99.json (294 KiB)
  i18n/el.d4b83e0.json (336 KiB)
  i18n/en_EN.20e631f.json (274 KiB)
  i18n/et.906e895.json (297 KiB)
  i18n/fr.57a5782.json (314 KiB)
  i18n/hr.613b8d3.json (286 KiB)
  i18n/hu.ee11be6.json (311 KiB)
  i18n/hy.280c5ca.json (394 KiB)
  i18n/id.adfae28.json (278 KiB)
  i18n/ja.69280f1.json (255 KiB)
  i18n/ka.9553434.json (346 KiB)
  i18n/ko.3529697.json (303 KiB)
  i18n/lo.f2a6c34.json (318 KiB)
  i18n/mg_MG.f04ba0a.json (247 KiB)
  i18n/nb_NO.b8b3c35.json (276 KiB)
  i18n/pl.d25c609.json (306 KiB)
  i18n/pt.4c233eb.json (270 KiB)
  i18n/pt_BR.faba9ec.json (284 KiB)
  i18n/ru.1870dc5.json (407 KiB)
  i18n/sk.ed79ca9.json (297 KiB)
  i18n/sv.096654b.json (267 KiB)
  i18n/tr.1271aaa.json (266 KiB)
  i18n/uk.1655866.json (385 KiB)
  i18n/zh_Hans.18590e7.json (262 KiB)[39m[22m

[1m[33mWARNING[39m[22m in [1mentrypoint size limit: The following entrypoint(s) combined asset size exceeds the recommended limit (244 KiB). This can impact web performance.
Entrypoints:
  jitsi (533 KiB)
      bundles/70e3e36a7a0933d635d4/jitsi.css
      bundles/70e3e36a7a0933d635d4/jitsi.js
  theme-legacy-light (824 KiB)
      bundles/70e3e36a7a0933d635d4/theme-legacy-light.css
      bundles/70e3e36a7a0933d635d4/theme-legacy-light.js
  theme-legacy-dark (824 KiB)
      bundles/70e3e36a7a0933d635d4/theme-legacy-dark.css
      bundles/70e3e36a7a0933d635d4/theme-legacy-dark.js
  theme-light (842 KiB)
      bundles/70e3e36a7a0933d635d4/theme-light.css
      bundles/70e3e36a7a0933d635d4/theme-light.js
  theme-light-high-contrast (859 KiB)
      bundles/70e3e36a7a0933d635d4/theme-light-high-contrast.css
      bundles/70e3e36a7a0933d635d4/theme-light-high-contrast.js
  theme-dark (843 KiB)
      bundles/70e3e36a7a0933d635d4/theme-dark.css
      bundles/70e3e36a7a0933d635d4/theme-dark.js
  theme-light-custom (850 KiB)
      bundles/70e3e36a7a0933d635d4/theme-light-custom.css
      bundles/70e3e36a7a0933d635d4/theme-light-custom.js
  theme-dark-custom (850 KiB)
      bundles/70e3e36a7a0933d635d4/theme-dark-custom.css
      bundles/70e3e36a7a0933d635d4/theme-dark-custom.js
[39m[22m

webpack 5.107.1 compiled with [1m[33m4 warnings[39m[22m in 20096 ms



 NX   Successfully ran target build for project element-web and 4 tasks it depends on

Nx read the output from the cache instead of running the command for 4 out of 5 tasks.

==== [2/5] Staging local webapp into apps/desktop/webapp ====
apps/desktop/webapp/index.html
==== [3/5] Packing webapp.asar ====
$ asar p webapp webapp.asar
-rw-r--r--@ 1 hayyaksi  staff  376573190 Jun 26 00:42 apps/desktop/webapp.asar
==== [4/5] Desktop main-process TS + resources ====
==== [5/5] Packaging unsigned arm64 app (electron-builder) ====
  • electron-builder  version=26.15.2 os=25.5.0
No VARIANT_PATH specified, using default variant configuration 'element.io/release/build.json':
appId: im.riot.app
name: element-desktop
productName: Element
description: Element: the future of secure communication
protocols: io.element.desktop,element
  • loaded configuration  file=/Users/hayyaksi/Code/element/apps/desktop/electron-builder.ts
  • packageManager not detected by file, falling back to environment detection  resolvedPackageManager=npm detected=/Users/hayyaksi/Code/element/apps/desktop
  • executing @electron/rebuild  electronVersion=42.3.3 arch=arm64 buildFromSource=false workspaceRoot=/Users/hayyaksi/Code/element/apps/desktop projectDir=./ appDir=./
  • installing native dependencies  arch=arm64
  • completed installing native dependencies
  • packaging       platform=darwin arch=arm64 electron=42.3.3 appOutDir=dist/mac-arm64
  • downloaded      label=electron progress=100%
  • downloaded electron zip extracted successfully  output=/Users/hayyaksi/Code/element/apps/desktop/dist/mac-arm64
  • searching for node modules  pm=npm searchDir=/Users/hayyaksi/Code/element/apps/desktop
  • duplicate dependency references  dependencies=["@types/node@26.0.0","@sinonjs/fake-timers@15.4.0","@types/node@26.0.0","abort-controller@3.0.0","dns-packet@5.6.1","form-data@4.0.5","jest@30.4.2","jsdom@26.1.0","@octokit/endpoint@11.0.3","@octokit/request-error@7.1.0","@octokit/types@16.0.0","@types/node@26.0.0","@vitest/coverage-v8@4.1.8","esbuild@0.27.4","fetch-mock@12.6.0","tinyglobby@0.2.17","vitest@4.1.8","handlebars@4.7.9","typedoc@0.28.19","@vitest/coverage-v8@4.1.8","esbuild@0.27.4","fetch-mock@12.6.0","glob@13.0.6","vitest@4.1.8","@octokit/endpoint@11.0.3","@octokit/request-error@7.1.0","@octokit/types@16.0.0","@types/node@26.0.0","@vitest/coverage-v8@4.1.8","esbuild@0.27.4","fetch-mock@12.6.0","tinyglobby@0.2.17","vitest@4.1.8","handlebars@4.7.9","typedoc@0.28.19","@types/node@26.0.0","@vitest/coverage-v8@4.1.8","esbuild@0.27.4","fetch-mock@12.6.0","glob@13.0.6","vitest@4.1.8","@octokit/types@16.0.0","@types/node@26.0.0","@vitest/coverage-v8@4.1.8","esbuild@0.27.4","glob@13.0.6","vitest@4.1.8","@octokit/endpoint@11.0.3","@octokit/request-error@7.1.0","@octokit/types@16.0.0","@types/node@26.0.0","@vitest/coverage-v8@4.1.8","esbuild@0.27.4","fetch-mock@12.6.0","tinyglobby@0.2.17","vitest@4.1.8","handlebars@4.7.9","typedoc@0.28.19","@sinonjs/fake-timers@15.4.0","@types/node@26.0.0","@vitest/coverage-v8@4.1.8","@types/node@26.0.0","esbuild@0.27.4","vitest@4.1.8","@octokit/graphql@9.0.3","@octokit/request-error@7.1.0","@octokit/request@10.0.8","@octokit/types@16.0.0","@sinonjs/fake-timers@15.4.0","@types/node@26.0.0","@vitest/coverage-v8@4.1.8","esbuild@0.27.4","fetch-mock@12.6.0","vitest@4.1.8","@octokit/core@7.0.6","@octokit/types@16.0.0","@types/node@26.0.0","@vitest/coverage-v8@4.1.8","esbuild@0.27.4","fetch-mock@12.6.0","glob@13.0.6","vitest@4.1.8","handlebars@4.7.9","typedoc@0.28.19","@types/node@26.0.0","@vitest/coverage-v8@4.1.8","esbuild@0.27.4","fetch-mock@12.6.0","glob@13.0.6","vitest@4.1.8","@octokit/graphql@9.0.3","@octokit/request-error@7.1.0","@octokit/request@10.0.8","@octokit/types@16.0.0","@sinonjs/fake-timers@15.4.0","@types/node@26.0.0","@vitest/coverage-v8@4.1.8","esbuild@0.27.4","fetch-mock@12.6.0","vitest@4.1.8","handlebars@4.7.9","typedoc@0.28.19","@types/node@26.0.0","@vitest/coverage-v8@4.1.8","esbuild@0.27.4","fetch-mock@12.6.0","glob@13.0.6","vitest@4.1.8","handlebars@4.7.9","typedoc@0.28.19","@types/node@26.0.0","@vitest/coverage-v8@4.1.8","esbuild@0.27.4","glob@13.0.6","vitest@4.1.8","handlebars@4.7.9","typedoc@0.28.19","@types/node@26.0.0","@vitest/coverage-v8@4.1.8","esbuild@0.27.4","tinyglobby@0.2.17","vitest@4.1.8","@octokit/types@16.0.0","@types/node@26.0.0","@vitest/coverage-v8@4.1.8","esbuild@0.27.4","glob@13.0.6","vitest@4.1.8","handlebars@4.7.9","typedoc@0.28.19","@types/node@26.0.0","@vitest/coverage-v8@4.1.8","esbuild@0.27.4","eslint-plugin-import@2.32.0","eslint@8.57.1","eslint@8.57.1","fetch-mock@12.6.0","tinyglobby@0.2.17","vitest@4.1.8","@sinonjs/fake-timers@15.4.0","@types/node@26.0.0","abort-controller@3.0.0","dns-packet@5.6.1","form-data@4.0.5","jest@30.4.2","jsdom@26.1.0","@babel/core@7.29.7","@babel/code-frame@7.29.7","@babel/generator@7.29.7","@babel/helper-compilation-targets@7.29.7","@babel/helper-module-transforms@7.29.7","@babel/helpers@7.29.7","@babel/parser@7.29.7","@babel/plugin-transform-modules-commonjs@7.29.7","@babel/preset-env@7.29.7","@babel/preset-typescript@7.29.7","@babel/template@7.29.7","@babel/traverse@7.29.7","@babel/types@7.29.7","@jridgewell/remapping@2.3.5","@jridgewell/trace-mapping@0.3.31","@types/debug@4.1.13","debug@4.4.3","rimraf@6.1.3","@babel/traverse@7.29.7","@babel/types@7.29.7","@babel/core@7.29.7","@babel/traverse@7.29.7","@babel/types@7.29.7","@babel/core@7.29.7","@babel/core@7.29.7","@babel/traverse@7.29.7","@babel/generator@7.29.7","@babel/parser@7.29.7","@babel/preset-env@7.29.7","@types/chai@5.2.3","@types/node@26.0.0","@types/ws@8.18.1","@vitest/mocker@4.1.8","@vitest/runner@4.1.8","@vitest/utils@4.1.8","magic-string@0.30.21","sirv@3.0.2","vitest@4.1.8","chai@5.3.3","esbuild@0.27.4","@types/node@26.0.0","rimraf@6.1.3","babel-jest@30.4.1","eslint@8.57.1","jest@30.4.2","terser@5.48.0","vite@8.0.16","vitest@4.1.8","@babel/core@7.29.7","@sentry-internal/browser-utils@10.50.0","jest-matcher-utils@30.4.1","@babel/core@7.29.7","@types/node@26.0.0","@types/react@19.2.14","eslint@8.57.1","rimraf@6.1.3","eslint@8.57.1","playwright@1.60.0","assert@2.1.0","buffer@5.7.1","string_decoder@1.1.1","@babel/preset-env@7.29.7","eslint@8.57.1","rollup@4.60.1","react-dom@19.2.7","terser@5.48.0","@gerrit0/mini-shiki@3.23.0","@types/markdown-it@14.1.2","@types/node@26.0.0","esbuild@0.27.4","eslint@8.57.1","markdown-it@14.1.1","minimatch@10.2.5","typedoc@0.28.19","@types/node@26.0.0","ansi-styles@4.3.0","execa@5.1.1","import-fresh@3.3.1","supports-color@7.2.0","chalk@4.1.2","pretty-format@30.4.1","@jest/schemas@30.4.1","@types/react@19.2.14","jest-util@30.4.1","@babel/core@7.29.7","@babel/code-frame@7.29.7","@babel/generator@7.29.7","@babel/helper-compilation-targets@7.29.7","@babel/helper-module-transforms@7.29.7","@babel/helpers@7.29.7","@babel/parser@7.29.7","@babel/plugin-transform-modules-commonjs@7.29.7","@babel/preset-env@7.29.7","@babel/preset-typescript@7.29.7","@babel/template@7.29.7","@babel/traverse@7.29.7","@babel/types@7.29.7","@jridgewell/remapping@2.3.5","@jridgewell/trace-mapping@0.3.31","@types/debug@4.1.13","debug@4.4.3","rimraf@6.1.3","@babel/core@7.29.7","@babel/helper-module-imports@7.29.7","@babel/traverse@7.29.7","@babel/core@7.29.7","@babel/preset-env@7.29.7","@babel/code-frame@7.29.7","@babel/generator@7.29.7","@babel/helper-compilation-targets@7.29.7","@babel/helper-module-transforms@7.29.7","@babel/helpers@7.29.7","@babel/parser@7.29.7","@babel/plugin-transform-modules-commonjs@7.29.7","@babel/preset-env@7.29.7","@babel/preset-typescript@7.29.7","@babel/template@7.29.7","@babel/traverse@7.29.7","@babel/types@7.29.7","@jridgewell/remapping@2.3.5","@jridgewell/trace-mapping@0.3.31","@types/debug@4.1.13","debug@4.4.3","rimraf@6.1.3","@babel/core@7.29.7","@babel/code-frame@7.29.7","@babel/generator@7.29.7","@babel/helper-compilation-targets@7.29.7","@babel/helper-module-transforms@7.29.7","@babel/helpers@7.29.7","@babel/parser@7.29.7","@babel/plugin-transform-modules-commonjs@7.29.7","@babel/preset-env@7.29.7","@babel/preset-typescript@7.29.7","@babel/template@7.29.7","@babel/traverse@7.29.7","@babel/types@7.29.7","@jridgewell/remapping@2.3.5","@jridgewell/trace-mapping@0.3.31","@types/debug@4.1.13","debug@4.4.3","rimraf@6.1.3","@babel/core@7.29.7","@babel/core@7.29.7","@babel/helper-module-transforms@7.29.7","@babel/core@7.29.7","@babel/helper-annotate-as-pure@7.29.7","@babel/helper-create-class-features-plugin@7.29.7","@babel/helper-skip-transparent-expression-wrappers@7.29.7","@babel/plugin-syntax-typescript@7.29.7","@babel/traverse@7.29.7","@babel/types@7.29.7","@types/node@26.0.0","@typescript-eslint/eslint-plugin@8.60.1","@typescript-eslint/parser@8.59.4","eslint-plugin-import@2.32.0","eslint@8.57.1","glob@13.0.6","jest@30.4.2","lint-staged@17.0.5","@types/node@26.0.0","esbuild@0.27.4","vitest@4.1.8","@types/node@26.0.0","babel-plugin-istanbul@7.0.1","memfs@4.57.2","webpack@5.107.1","@types/node@26.0.0","babel-plugin-istanbul@7.0.1","webpack@5.107.1","@opentelemetry/core@2.6.1","@opentelemetry/instrumentation@0.214.0","@opentelemetry/sdk-trace-base@2.7.1","@types/node@26.0.0","axios@1.16.0","@babel/core@7.29.7","@babel/preset-env@7.29.7","@types/node@26.0.0","babel-plugin-istanbul@7.0.1","memfs@4.57.2","webpack@5.107.1","@types/node@26.0.0","babel-plugin-istanbul@7.0.1","webpack@5.107.1","@types/node@26.0.0","babel-plugin-istanbul@7.0.1","memfs@4.57.2","webpack@5.107.1","@types/node@26.0.0","babel-loader@10.1.1","babel-plugin-istanbul@7.0.1","@babel/core@7.29.7","@babel/eslint-parser@7.28.6","@babel/plugin-syntax-import-assertions@7.29.7","@types/node@26.0.0","@babel/core@7.29.7","@babel/preset-env@7.29.7","chai@5.3.3","@babel/core@7.29.7","@babel/plugin-transform-modules-commonjs@7.29.7","terser@5.48.0","eslint-plugin-import@2.32.0","eslint-plugin-n@17.24.0","eslint@8.57.1","got@11.8.6","vue@3.5.31","@babel/core@7.29.7","@babel/preset-env@7.29.7","@babel/preset-typescript@7.29.7","debug@4.4.3","webpack-cli@7.0.2","webpack@5.107.1","@opentelemetry/core@2.7.1","@opentelemetry/resources@2.7.1","@types/node@26.0.0","babel-plugin-istanbul@7.0.1","webpack@5.107.1","@types/node@26.0.0","@types/node@26.0.0","eslint@8.57.1","@types/node@26.0.0","@types/node@26.0.0","@types/node@26.0.0","typedoc@0.28.19","typedoc@0.28.19","typedoc@0.28.19","@types/node@26.0.0","@babel/core@7.29.7","@babel/core@7.29.7","@babel/core@7.29.7","@babel/traverse@7.29.7","@babel/plugin-transform-modules-commonjs@7.29.7","locate-path@5.0.0","eslint@8.57.1","eslint@8.57.1","glob@13.0.6","temp@0.9.4","webpack@5.107.1","chai@5.3.3","@babel/code-frame@7.29.7","@babel/generator@7.29.7","@babel/helper-compilation-targets@7.29.7","@babel/helper-module-transforms@7.29.7","@babel/helpers@7.29.7","@babel/parser@7.29.7","@babel/plugin-transform-modules-commonjs@7.29.7","@babel/preset-env@7.29.7","@babel/preset-typescript@7.29.7","@babel/template@7.29.7","@babel/traverse@7.29.7","@babel/types@7.29.7","@jridgewell/remapping@2.3.5","@jridgewell/trace-mapping@0.3.31","@types/debug@4.1.13","debug@4.4.3","rimraf@6.1.3","@babel/code-frame@7.29.7","@babel/types@7.29.7","chai@5.3.3","debug@4.4.3","chai@5.3.3","js-yaml@4.1.1","memfs@4.57.2","brace-expansion@1.1.13","rimraf@6.1.3","brace-expansion@1.1.13","memfs@4.57.2","webpack@5.107.1","@types/node@26.0.0","babel-plugin-istanbul@7.0.1","memfs@4.57.2","webpack@5.107.1","@types/node@26.0.0","@types/node@26.0.0","babel-plugin-istanbul@7.0.1","webpack@5.107.1","@types/node@26.0.0","babel-plugin-istanbul@7.0.1","memfs@4.57.2","webpack@5.107.1","@types/node@26.0.0","babel-plugin-istanbul@7.0.1","webpack@5.107.1","@babel/core@7.29.7","@babel/preset-env@7.29.7","@opentelemetry/api-logs@0.214.0","@types/node@26.0.0","babel-loader@10.1.1","babel-plugin-istanbul@7.0.1","import-in-the-middle@3.0.1","require-in-the-middle@8.0.1","webpack-cli@7.0.2","webpack@5.107.1","@types/node@26.0.0","@types/node@26.0.0","babel-plugin-istanbul@7.0.1","memfs@4.57.2","webpack@5.107.1","@types/node@26.0.0","babel-plugin-istanbul@7.0.1","webpack@5.107.1","@babel/core@7.29.7","@babel/preset-env@7.29.7","@opentelemetry/api-logs@0.214.0","@types/node@26.0.0","babel-loader@10.1.1","babel-plugin-istanbul@7.0.1","import-in-the-middle@3.0.1","require-in-the-middle@8.0.1","webpack-cli@7.0.2","webpack@5.107.1","@opentelemetry/sdk-trace-base@2.7.1","@types/node@26.0.0","@types/node@26.0.0","babel-plugin-istanbul@7.0.1","memfs@4.57.2","webpack@5.107.1","@babel/core@7.29.7","@babel/preset-env@7.29.7","@opentelemetry/api-logs@0.214.0","@types/node@26.0.0","babel-loader@10.1.1","babel-plugin-istanbul@7.0.1","import-in-the-middle@3.0.1","require-in-the-middle@8.0.1","webpack-cli@7.0.2","webpack@5.107.1","@opentelemetry/sdk-trace-base@2.7.1","@types/node@26.0.0","babel-plugin-istanbul@7.0.1","memfs@4.57.2","webpack@5.107.1","@types/node@26.0.0","babel-plugin-istanbul@7.0.1","webpack@5.107.1","@babel/core@7.29.7","@babel/preset-env@7.29.7","@opentelemetry/api-logs@0.214.0","@types/node@26.0.0","babel-loader@10.1.1","babel-plugin-istanbul@7.0.1","import-in-the-middle@3.0.1","require-in-the-middle@8.0.1","webpack-cli@7.0.2","webpack@5.107.1","@types/node@26.0.0","babel-plugin-istanbul@7.0.1","memfs@4.57.2","webpack@5.107.1","@types/node@26.0.0","babel-plugin-istanbul@7.0.1","webpack@5.107.1","@types/node@26.0.0","@types/node@26.0.0","webpack-cli@7.0.2","webpack@5.107.1","@opentelemetry/sdk-trace-base@2.7.1","@types/node@26.0.0","babel-plugin-istanbul@7.0.1","memfs@4.57.2","webpack@5.107.1","@babel/core@7.29.7","@babel/preset-env@7.29.7","@opentelemetry/api-logs@0.214.0","@types/node@26.0.0","babel-loader@10.1.1","babel-plugin-istanbul@7.0.1","import-in-the-middle@3.0.1","require-in-the-middle@8.0.1","webpack-cli@7.0.2","webpack@5.107.1","@opentelemetry/sdk-trace-base@2.7.1","@types/node@26.0.0","babel-plugin-istanbul@7.0.1","memfs@4.57.2","webpack@5.107.1","@babel/core@7.29.7","@babel/preset-env@7.29.7","@opentelemetry/api-logs@0.214.0","@types/node@26.0.0","babel-loader@10.1.1","babel-plugin-istanbul@7.0.1","import-in-the-middle@3.0.1","require-in-the-middle@8.0.1","webpack-cli@7.0.2","webpack@5.107.1","@opentelemetry/sdk-trace-base@2.7.1","@types/node@26.0.0","@types/node@26.0.0","babel-plugin-istanbul@7.0.1","memfs@4.57.2","webpack@5.107.1","@types/node@26.0.0","babel-plugin-istanbul@7.0.1","webpack@5.107.1","@babel/core@7.29.7","@babel/preset-env@7.29.7","@opentelemetry/api-logs@0.214.0","@types/node@26.0.0","babel-loader@10.1.1","babel-plugin-istanbul@7.0.1","import-in-the-middle@3.0.1","require-in-the-middle@8.0.1","webpack-cli@7.0.2","webpack@5.107.1","@opentelemetry/sdk-trace-base@2.7.1","@types/node@26.0.0","@types/node@26.0.0","@types/node@26.0.0","@typescript-eslint/eslint-plugin@8.60.1","@typescript-eslint/parser@8.59.4","@types/node@26.0.0","@types/node@26.0.0","@types/node@26.0.0","@types/node@26.0.0","@types/node@26.0.0","@types/node@26.0.0","@types/node@26.0.0","ajv@8.20.0","@types/node@26.0.0","babel-plugin-istanbul@7.0.1","memfs@4.57.2","webpack@5.107.1","@types/node@26.0.0","babel-plugin-istanbul@7.0.1","memfs@4.57.2","webpack@5.107.1","@types/node@26.0.0","@types/node@26.0.0","babel-plugin-istanbul@7.0.1","webpack@5.107.1","@babel/core@7.29.7","@babel/preset-env@7.29.7","@opentelemetry/api-logs@0.214.0","@types/node@26.0.0","babel-loader@10.1.1","babel-plugin-istanbul@7.0.1","import-in-the-middle@3.0.1","require-in-the-middle@8.0.1","webpack-cli@7.0.2","webpack@5.107.1","@opentelemetry/sdk-trace-base@2.7.1","@types/node@26.0.0","@types/node@26.0.0","@babel/core@7.29.7","@babel/preset-env@7.29.7","@vitest/browser-playwright@4.1.8","@vitest/browser@4.1.8","eslint@8.57.1","eslint-plugin-import@2.32.0","eslint@8.57.1","eslint-plugin-import@2.32.0","eslint@8.57.1","eslint-plugin-import@2.32.0","eslint@8.57.1","@stylistic/eslint-plugin@5.10.0","@types/node@26.0.0","eslint@8.57.1","eslint-plugin-import@2.32.0","eslint@8.57.1","eslint@8.57.1","for-each@0.3.5","glob@13.0.6","has-property-descriptors@1.0.2","has-proto@1.2.0","iconv-lite@0.6.3","jackspeak@3.4.3","side-channel@1.1.0","@stylistic/eslint-plugin@5.10.0","eslint@8.57.1","eslint@8.57.1","eslint-plugin-import@2.32.0","eslint@8.57.1","@stylistic/eslint-plugin@5.10.0","@types/node@26.0.0","eslint@8.57.1","readable-stream@2.3.8","readable-stream@2.3.8","eslint-plugin-import@2.32.0","eslint@8.57.1","mime-types@3.0.2","eslint@8.57.1","express@5.2.1","eslint@8.57.1","express@5.2.1","combined-stream@1.0.8","cross-spawn@7.0.6","es-set-tostringtag@2.1.0","eslint@8.57.1","hasown@2.0.3","mime-types@2.1.35","rimraf@6.1.3","fs-extra@10.1.0","get-stream@5.2.0","lint-staged@17.0.5","playwright@1.60.0","eslint@8.57.1","rollup@4.60.1","@babel/core@7.29.7","@babel/preset-env@7.29.7","@peculiar/utils@2.0.3","asn1js@3.0.10","@peculiar/utils@2.0.3","asn1js@3.0.10","@peculiar/asn1-schema@2.7.0","@peculiar/utils@2.0.3","asn1js@3.0.10","@types/jest@30.0.0","@types/node@26.0.0","eslint@8.57.1","jest@30.4.2","pvtsutils@1.3.6","rollup@4.60.1","@peculiar/asn1-schema@2.7.0","@peculiar/utils@2.0.3","asn1js@3.0.10","@types/jest@30.0.0","@types/node@26.0.0","eslint@8.57.1","jest@30.4.2","pvtsutils@1.3.6","rollup@4.60.1","@peculiar/utils@2.0.3","asn1js@3.0.10","@peculiar/asn1-schema@2.7.0","@peculiar/utils@2.0.3","asn1js@3.0.10","@types/jest@30.0.0","@types/node@26.0.0","eslint@8.57.1","jest@30.4.2","pvtsutils@1.3.6","rollup@4.60.1","@peculiar/utils@2.0.3","asn1js@3.0.10","@peculiar/asn1-schema@2.7.0","@peculiar/utils@2.0.3","asn1js@3.0.10","@types/jest@30.0.0","@types/node@26.0.0","eslint@8.57.1","jest@30.4.2","pvtsutils@1.3.6","rollup@4.60.1","@peculiar/asn1-schema@2.7.0","@peculiar/asn1-x509-attr@2.7.0","@peculiar/asn1-x509@2.7.0","asn1js@3.0.10","@peculiar/asn1-schema@2.7.0","@peculiar/asn1-x509-attr@2.7.0","@peculiar/asn1-x509@2.7.0","asn1js@3.0.10","@peculiar/asn1-schema@2.7.0","@peculiar/asn1-x509@2.7.0","asn1js@3.0.10","@peculiar/asn1-schema@2.7.0","@peculiar/asn1-x509@2.7.0","asn1js@3.0.10","@peculiar/utils@2.0.3","asn1js@3.0.10","@types/jest@30.0.0","@types/node@26.0.0","eslint@8.57.1","jest@30.4.2","pvtsutils@1.3.6","rollup@4.60.1","@peculiar/utils@2.0.3","asn1js@3.0.10","@peculiar/asn1-schema@2.7.0","@peculiar/utils@2.0.3","asn1js@3.0.10","@types/jest@30.0.0","@types/node@26.0.0","eslint@8.57.1","jest@30.4.2","pvtsutils@1.3.6","rollup@4.60.1","@peculiar/utils@2.0.3","asn1js@3.0.10","@peculiar/asn1-schema@2.7.0","@peculiar/asn1-x509@2.7.0","asn1js@3.0.10","@peculiar/asn1-schema@2.7.0","@peculiar/utils@2.0.3","asn1js@3.0.10","@types/jest@30.0.0","@types/node@26.0.0","eslint@8.57.1","jest@30.4.2","pvtsutils@1.3.6","rollup@4.60.1","@peculiar/utils@2.0.3","asn1js@3.0.10","@peculiar/asn1-schema@2.7.0","@peculiar/utils@2.0.3","asn1js@3.0.10","@types/jest@30.0.0","@types/node@26.0.0","eslint@8.57.1","jest@30.4.2","pvtsutils@1.3.6","rollup@4.60.1","@types/node@26.0.0","@vitest/coverage-v8@4.1.8","rimraf@6.1.3","vitest@4.1.8","@types/jest@30.0.0","@types/node@26.0.0","eslint@8.57.1","jest@30.4.2","pvtsutils@1.3.6","rollup@4.60.1","@peculiar/utils@2.0.3","asn1js@3.0.10","@types/node@26.0.0","@vitest/coverage-v8@4.1.8","rimraf@6.1.3","vitest@4.1.8","@types/jest@30.0.0","@types/node@26.0.0","eslint@8.57.1","jest@30.4.2","pvtsutils@1.3.6","rollup@4.60.1","@peculiar/utils@2.0.3","asn1js@3.0.10","@types/node@26.0.0","rimraf@6.1.3","rollup@4.60.1","@types/node@26.0.0","@vitest/coverage-v8@4.1.8","rimraf@6.1.3","vitest@4.1.8","@types/node@26.0.0","@vitest/coverage-v8@4.1.8","rimraf@6.1.3","rollup@4.60.1","vitest@4.1.8","@peculiar/utils@2.0.3","asn1js@3.0.10","@types/node@26.0.0","rimraf@6.1.3","rollup@4.60.1","@types/node@26.0.0","@vitest/coverage-v8@4.1.8","rimraf@6.1.3","vitest@4.1.8","@vitest/coverage-v8@4.1.8","@types/jest@30.0.0","@types/node@26.0.0","eslint@8.57.1","jest@30.4.2","pvtsutils@1.3.6","rollup@4.60.1","rimraf@6.1.3","rollup@4.60.1","vitest@4.1.8","@types/node@26.0.0","@vitest/coverage-v8@4.1.8","@types/node@26.0.0","rimraf@6.1.3","rollup@4.60.1","@types/chai@5.2.3","@types/node@26.0.0","chai@5.3.3","rimraf@6.1.3","rollup@4.60.1","@types/jest@30.0.0","@types/node@26.0.0","@typescript-eslint/eslint-plugin@8.60.1","@typescript-eslint/parser@8.59.4","eslint@8.57.1","jest@30.4.2","rimraf@6.1.3","vitest@4.1.8","chai@5.3.3","@peculiar/webcrypto@1.7.1","@types/node@26.0.0","@typescript-eslint/eslint-plugin@8.60.1","@typescript-eslint/parser@8.59.4","@types/jest@30.0.0","@types/node@26.0.0","eslint@8.57.1","jest@30.4.2","@types/node@26.0.0","rimraf@6.1.3","rollup@4.60.1","@types/node@26.0.0","@typescript-eslint/eslint-plugin@8.60.1","@typescript-eslint/parser@8.59.4","eslint-plugin-import@2.32.0","eslint@8.57.1","rollup@4.60.1","rollup@4.60.1","assert@2.1.0","@types/node@26.0.0","@typescript-eslint/eslint-plugin@8.60.1","@typescript-eslint/parser@8.59.4","eslint@8.57.1","rimraf@6.1.3","eslint@8.57.1","@types/node@26.0.0","rimraf@6.1.3","rollup@4.60.1","@types/node@26.0.0","@typescript-eslint/eslint-plugin@8.60.1","@typescript-eslint/parser@8.59.4","eslint-plugin-import@2.32.0","eslint@8.57.1","rollup@4.60.1","rollup@4.60.1","vitest@4.1.8","@types/node@26.0.0","babel-plugin-istanbul@7.0.1","memfs@4.57.2","webpack@5.107.1","@babel/core@7.29.7","@babel/preset-env@7.29.7","@opentelemetry/api-logs@0.214.0","@types/node@26.0.0","babel-loader@10.1.1","babel-plugin-istanbul@7.0.1","import-in-the-middle@3.0.1","require-in-the-middle@8.0.1","webpack-cli@7.0.2","webpack@5.107.1","@opentelemetry/sdk-trace-base@2.7.1","@types/node@26.0.0","@types/node@26.0.0","babel-plugin-istanbul@7.0.1","memfs@4.57.2","webpack@5.107.1","@babel/core@7.29.7","@babel/preset-env@7.29.7","@opentelemetry/api-logs@0.214.0","@types/node@26.0.0","babel-loader@10.1.1","babel-plugin-istanbul@7.0.1","import-in-the-middle@3.0.1","require-in-the-middle@8.0.1","webpack-cli@7.0.2","webpack@5.107.1","@opentelemetry/sdk-trace-base@2.7.1","@types/node@26.0.0","@types/node@26.0.0","babel-plugin-istanbul@7.0.1","memfs@4.57.2","webpack@5.107.1","@babel/core@7.29.7","@babel/preset-env@7.29.7","@opentelemetry/api-logs@0.214.0","@types/node@26.0.0","babel-loader@10.1.1","babel-plugin-istanbul@7.0.1","import-in-the-middle@3.0.1","require-in-the-middle@8.0.1","webpack-cli@7.0.2","webpack@5.107.1","@opentelemetry/sdk-trace-base@2.7.1","@types/node@26.0.0","@types/node@26.0.0","babel-plugin-istanbul@7.0.1","memfs@4.57.2","webpack@5.107.1","@types/node@26.0.0","babel-plugin-istanbul@7.0.1","webpack@5.107.1","@opentelemetry/instrumentation-http@0.214.0","@babel/core@7.29.7","@babel/preset-env@7.29.7","@opentelemetry/api-logs@0.214.0","@types/node@26.0.0","babel-loader@10.1.1","babel-plugin-istanbul@7.0.1","import-in-the-middle@3.0.1","require-in-the-middle@8.0.1","webpack-cli@7.0.2","webpack@5.107.1","@opentelemetry/sdk-trace-base@2.7.1","@types/node@26.0.0","@types/node@26.0.0","babel-plugin-istanbul@7.0.1","memfs@4.57.2","webpack@5.107.1","@babel/core@7.29.7","@babel/preset-env@7.29.7","@opentelemetry/api-logs@0.214.0","@types/node@26.0.0","babel-loader@10.1.1","babel-plugin-istanbul@7.0.1","import-in-the-middle@3.0.1","require-in-the-middle@8.0.1","webpack-cli@7.0.2","webpack@5.107.1","@types/node@26.0.0","babel-plugin-istanbul@7.0.1","memfs@4.57.2","webpack@5.107.1","@babel/core@7.29.7","@babel/preset-env@7.29.7","@opentelemetry/api-logs@0.214.0","@types/node@26.0.0","babel-loader@10.1.1","babel-plugin-istanbul@7.0.1","import-in-the-middle@3.0.1","require-in-the-middle@8.0.1","webpack-cli@7.0.2","webpack@5.107.1","@opentelemetry/sdk-trace-base@2.7.1","@types/node@26.0.0","@types/node@26.0.0","babel-plugin-istanbul@7.0.1","memfs@4.57.2","webpack@5.107.1","@types/node@26.0.0","babel-plugin-istanbul@7.0.1","webpack@5.107.1","@babel/core@7.29.7","@babel/preset-env@7.29.7","@opentelemetry/api-logs@0.214.0","@types/node@26.0.0","babel-loader@10.1.1","babel-plugin-istanbul@7.0.1","import-in-the-middle@3.0.1","require-in-the-middle@8.0.1","webpack-cli@7.0.2","webpack@5.107.1","@opentelemetry/sdk-trace-base@2.7.1","@types/node@26.0.0","@types/node@26.0.0","babel-plugin-istanbul@7.0.1","memfs@4.57.2","webpack@5.107.1","@babel/core@7.29.7","@babel/preset-env@7.29.7","@opentelemetry/api-logs@0.214.0","@types/node@26.0.0","babel-loader@10.1.1","babel-plugin-istanbul@7.0.1","import-in-the-middle@3.0.1","require-in-the-middle@8.0.1","webpack-cli@7.0.2","webpack@5.107.1","@opentelemetry/sdk-trace-base@2.7.1","@types/node@26.0.0","@types/node@26.0.0","babel-plugin-istanbul@7.0.1","memfs@4.57.2","webpack@5.107.1","@babel/core@7.29.7","@babel/preset-env@7.29.7","@opentelemetry/api-logs@0.214.0","@types/node@26.0.0","babel-loader@10.1.1","babel-plugin-istanbul@7.0.1","import-in-the-middle@3.0.1","require-in-the-middle@8.0.1","webpack-cli@7.0.2","webpack@5.107.1","@opentelemetry/sdk-trace-base@2.7.1","@types/node@26.0.0","@types/node@26.0.0","babel-plugin-istanbul@7.0.1","memfs@4.57.2","webpack@5.107.1","@types/node@26.0.0","babel-plugin-istanbul@7.0.1","webpack@5.107.1","@types/node@26.0.0","@types/node@26.0.0","babel-plugin-istanbul@7.0.1","memfs@4.57.2","webpack@5.107.1","@types/node@26.0.0","babel-plugin-istanbul@7.0.1","webpack@5.107.1","@babel/core@7.29.7","@babel/preset-env@7.29.7","@opentelemetry/api-logs@0.214.0","@types/node@26.0.0","babel-loader@10.1.1","babel-plugin-istanbul@7.0.1","import-in-the-middle@3.0.1","require-in-the-middle@8.0.1","webpack-cli@7.0.2","webpack@5.107.1","@opentelemetry/sdk-trace-base@2.7.1","@types/node@26.0.0","@opentelemetry/core@2.7.1","@types/node@26.0.0","@types/node@26.0.0","pg-types@2.2.0","@types/chai@5.2.3","@types/node@26.0.0","chai@5.3.3","@types/node@26.0.0","babel-plugin-istanbul@7.0.1","memfs@4.57.2","webpack@5.107.1","@babel/core@7.29.7","@babel/preset-env@7.29.7","@opentelemetry/api-logs@0.214.0","@types/node@26.0.0","babel-loader@10.1.1","babel-plugin-istanbul@7.0.1","import-in-the-middle@3.0.1","require-in-the-middle@8.0.1","webpack-cli@7.0.2","webpack@5.107.1","@opentelemetry/sdk-trace-base@2.7.1","@types/node@26.0.0","@types/node@26.0.0","babel-plugin-istanbul@7.0.1","memfs@4.57.2","webpack@5.107.1","@babel/core@7.29.7","@babel/preset-env@7.29.7","@opentelemetry/api-logs@0.214.0","@types/node@26.0.0","babel-loader@10.1.1","babel-plugin-istanbul@7.0.1","import-in-the-middle@3.0.1","require-in-the-middle@8.0.1","webpack-cli@7.0.2","webpack@5.107.1","@opentelemetry/sdk-trace-base@2.7.1","@types/node@26.0.0","@babel/core@7.29.7","@babel/preset-env@7.29.7","@types/node@26.0.0","babel-plugin-istanbul@7.0.1","memfs@4.57.2","webpack@5.107.1","@types/node@26.0.0","babel-plugin-istanbul@7.0.1","webpack@5.107.1","@types/node@26.0.0","babel-plugin-istanbul@7.0.1","memfs@4.57.2","webpack@5.107.1","@types/node@26.0.0","babel-loader@10.1.1","babel-plugin-istanbul@7.0.1","@babel/core@7.29.7","@babel/eslint-parser@7.28.6","@babel/plugin-syntax-import-assertions@7.29.7","@types/node@26.0.0","eslint-plugin-import@2.32.0","eslint-plugin-n@17.24.0","eslint@8.57.1","got@11.8.6","vue@3.5.31","@babel/core@7.29.7","@babel/preset-env@7.29.7","@babel/preset-typescript@7.29.7","webpack-cli@7.0.2","webpack@5.107.1","@types/node@26.0.0","babel-plugin-istanbul@7.0.1","memfs@4.57.2","webpack@5.107.1","@types/node@26.0.0","babel-plugin-istanbul@7.0.1","webpack@5.107.1","@opentelemetry/core@2.7.1","@types/node@26.0.0","webpack-cli@7.0.2","webpack@5.107.1","@types/node@26.0.0","@types/node@26.0.0","babel-plugin-istanbul@7.0.1","webpack@5.107.1","@types/node@26.0.0","@types/node@26.0.0","babel-plugin-istanbul@7.0.1","memfs@4.57.2","webpack@5.107.1","@babel/core@7.29.7","@babel/preset-env@7.29.7","@types/node@26.0.0","babel-plugin-istanbul@7.0.1","memfs@4.57.2","webpack@5.107.1","@types/node@26.0.0","babel-plugin-istanbul@7.0.1","webpack@5.107.1","@types/node@26.0.0","babel-plugin-istanbul@7.0.1","memfs@4.57.2","webpack@5.107.1","@types/node@26.0.0","babel-loader@10.1.1","babel-plugin-istanbul@7.0.1","@babel/core@7.29.7","@babel/eslint-parser@7.28.6","@babel/plugin-syntax-import-assertions@7.29.7","@types/node@26.0.0","eslint-plugin-import@2.32.0","eslint-plugin-n@17.24.0","eslint@8.57.1","got@11.8.6","vue@3.5.31","@babel/core@7.29.7","@babel/preset-env@7.29.7","@babel/preset-typescript@7.29.7","debug@4.4.3","webpack-cli@7.0.2","webpack@5.107.1","@types/node@26.0.0","@types/node@26.0.0","babel-plugin-istanbul@7.0.1","memfs@4.57.2","webpack@5.107.1","@types/node@26.0.0","babel-plugin-istanbul@7.0.1","webpack@5.107.1","@babel/core@7.29.7","@babel/preset-env@7.29.7","@opentelemetry/api-logs@0.214.0","@types/node@26.0.0","babel-loader@10.1.1","babel-plugin-istanbul@7.0.1","import-in-the-middle@3.0.1","require-in-the-middle@8.0.1","webpack-cli@7.0.2","webpack@5.107.1","@opentelemetry/core@2.7.1","@opentelemetry/resources@2.7.1","@types/node@26.0.0","babel-plugin-istanbul@7.0.1","webpack@5.107.1","@types/node@26.0.0","@opentelemetry/core@2.7.1","@opentelemetry/sdk-trace-base@2.7.1","@types/node@26.0.0","@babel/core@7.29.7","@babel/eslint-parser@7.28.6","@babel/plugin-syntax-import-assertions@7.29.7","@types/node@26.0.0","eslint-plugin-import@2.32.0","eslint-plugin-n@17.24.0","eslint@8.57.1","got@11.8.6","vue@3.5.31","@types/node@26.0.0","babel-plugin-istanbul@7.0.1","memfs@4.57.2","webpack@5.107.1","@types/node@26.0.0","babel-plugin-istanbul@7.0.1","webpack@5.107.1","@opentelemetry/core@2.7.1","@opentelemetry/resources@2.7.1","@types/node@26.0.0","babel-plugin-istanbul@7.0.1","webpack@5.107.1","@types/node@26.0.0","@babel/core@7.29.7","@babel/code-frame@7.29.7","@babel/generator@7.29.7","@babel/helper-compilation-targets@7.29.7","@babel/helper-module-transforms@7.29.7","@babel/helpers@7.29.7","@babel/parser@7.29.7","@babel/plugin-transform-modules-commonjs@7.29.7","@babel/preset-env@7.29.7","@babel/preset-typescript@7.29.7","@babel/template@7.29.7","@babel/traverse@7.29.7","@babel/types@7.29.7","@jridgewell/remapping@2.3.5","@jridgewell/trace-mapping@0.3.31","@types/debug@4.1.13","debug@4.4.3","rimraf@6.1.3","@typescript-eslint/parser@8.59.4","chai@5.3.3","eslint@8.57.1","espree@10.4.0","esrecurse@4.3.0","@typescript-eslint/typescript-estree@8.59.4","@typescript-eslint/visitor-keys@8.60.1","@vitest/coverage-v8@4.1.8","@vitest/pretty-format@4.1.8","eslint@8.57.1","glob@13.0.6","rimraf@6.1.3","vitest@4.1.8","eslint@8.57.1","@babel/core@7.29.7","@babel/preset-env@7.29.7","@eslint-community/eslint-utils@4.9.1","@eslint/eslintrc@2.1.4","@humanwhocodes/config-array@0.13.0","@nodelib/fs.walk@1.2.8","@sinonjs/fake-timers@15.4.0","ajv@6.15.0","babel-loader@10.1.1","chai@5.3.3","chalk@4.1.2","cross-spawn@7.0.6","debug@4.4.3","doctrine@3.0.0","ejs@3.1.10","eslint-plugin-n@17.24.0","eslint-plugin-unicorn@56.0.1","eslint-scope@7.2.2","eslint@8.57.1","espree@9.6.1","esquery@1.7.0","fast-glob@3.3.3","file-entry-cache@6.0.1","find-up@5.0.0","glob-parent@6.0.2","glob@13.0.6","globals@13.24.0","got@11.8.6","is-glob@4.0.3","js-yaml@4.1.1","levn@0.4.1","lint-staged@17.0.5","markdown-it@14.1.1","memfs@4.57.2","minimatch@3.1.5","optionator@0.9.4","recast@0.23.11","strip-ansi@6.0.1","webpack-cli@7.0.2","webpack@5.107.1","@babel/code-frame@7.29.7","@babel/generator@7.29.7","@babel/helper-compilation-targets@7.29.7","@babel/helper-module-transforms@7.29.7","@babel/helpers@7.29.7","@babel/parser@7.29.7","@babel/plugin-transform-modules-commonjs@7.29.7","@babel/preset-env@7.29.7","@babel/preset-typescript@7.29.7","@babel/template@7.29.7","@babel/traverse@7.29.7","@babel/types@7.29.7","@jridgewell/remapping@2.3.5","@jridgewell/trace-mapping@0.3.31","@types/debug@4.1.13","debug@4.4.3","rimraf@6.1.3","@babel/core@7.29.7","@types/node@26.0.0","@babel/core@7.29.7","@babel/preset-env@7.29.7","chai@5.3.3","@babel/core@7.29.7","@babel/plugin-transform-modules-commonjs@7.29.7","terser@5.48.0","eslint-plugin-import@2.32.0","eslint-plugin-n@17.24.0","eslint@8.57.1","got@11.8.6","vue@3.5.31","@types/node@26.0.0","@vitest/coverage-v8@4.1.8","import-fresh@3.3.1","rimraf@6.1.3","lint-staged@17.0.5","eslint-plugin-import@2.32.0","eslint@8.57.1","typedoc@0.28.19","@sinonjs/fake-timers@15.4.0","@types/node@26.0.0","@babel/core@7.29.7","@babel/plugin-transform-modules-commonjs@7.29.7","@babel/preset-env@7.29.7","@types/node@26.0.0","assert@2.1.0","eslint@8.57.1","@babel/core@7.29.7","@babel/plugin-transform-modules-commonjs@7.29.7","@babel/preset-env@7.29.7","assert@2.1.0","eslint@8.57.1","rimraf@6.1.3","rollup@4.60.1","rimraf@6.1.3","rollup@4.60.1","eslint-plugin-import@2.32.0","eslint@8.57.1","esbuild@0.27.4","eslint@8.57.1","jest@30.4.2","vitest@4.1.8","@typescript-eslint/eslint-plugin@8.60.1","@typescript-eslint/parser@8.59.4","debug@4.4.3","eslint-plugin-import@2.32.0","eslint@8.57.1","fs-extra@10.1.0","get-stream@5.2.0","lint-staged@17.0.5","yauzl@3.3.2","@types/jsdom@21.1.7","@types/node@26.0.0","eslint@8.57.1","jsdom@26.1.0","rimraf@6.1.3","rollup@4.60.1","@babel/core@7.29.7","@babel/preset-env@7.29.7","@babel/preset-typescript@7.29.7","@types/jest@30.0.0","@types/jsdom@21.1.7","@types/node@26.0.0","babel-jest@30.4.1","chokidar@3.6.0","esbuild@0.27.4","eslint@8.57.1","ajv@8.20.0","rollup@4.60.1","webpack@5.107.1","jest@30.4.2","jsdom@26.1.0","ajv@8.20.0","@typescript-eslint/scope-manager@8.59.4","@typescript-eslint/typescript-estree@8.59.4","@typescript-eslint/visitor-keys@8.59.4","@vitest/coverage-v8@4.1.8","debug@4.4.3","eslint@8.57.1","glob@13.0.6","rimraf@6.1.3","vitest@4.1.8","@vitest/coverage-v8@4.1.8","eslint@8.57.1","rimraf@6.1.3","vitest@4.1.8","@typescript-eslint/typescript-estree@8.59.4","@vitest/coverage-v8@4.1.8","eslint@8.57.1","rimraf@6.1.3","vitest@4.1.8","@vitest/coverage-v8@4.1.8","eslint@8.57.1","glob@13.0.6","rimraf@6.1.3","vitest@4.1.8","@typescript-eslint/parser@8.59.4","@typescript-eslint/typescript-estree@8.60.1","@typescript-eslint/utils@8.60.1","@vitest/coverage-v8@4.1.8","ajv@8.20.0","debug@4.4.3","eslint@8.57.1","rimraf@6.1.3","vitest@4.1.8","@eslint-community/eslint-utils@4.9.1","@typescript-eslint/scope-manager@8.60.1","@typescript-eslint/typescript-estree@8.60.1","@vitest/coverage-v8@4.1.8","eslint@8.57.1","rimraf@6.1.3","vitest@4.1.8","@vitest/coverage-v8@4.1.8","eslint@8.57.1","rimraf@6.1.3","vitest@4.1.8","@vitest/coverage-v8@4.1.8","eslint@8.57.1","rimraf@6.1.3","vitest@4.1.8","@vitest/coverage-v8@4.1.8","@types/chai@5.2.3","@types/node@26.0.0","@typescript-eslint/eslint-plugin@8.60.1","@typescript-eslint/parser@8.59.4","ajv-formats@3.0.1","chai@5.3.3","eslint@8.57.1","glob@13.0.6","lint-staged@17.0.5","node-fetch@2.7.0","rollup@4.60.1","uri-js@4.4.1","@babel/core@7.29.7","@babel/preset-env@7.29.7","@eslint-community/eslint-utils@4.9.1","@eslint/eslintrc@2.1.4","@humanwhocodes/config-array@0.13.0","@nodelib/fs.walk@1.2.8","@sinonjs/fake-timers@15.4.0","ajv@6.15.0","babel-loader@10.1.1","chai@5.3.3","chalk@4.1.2","cross-spawn@7.0.6","debug@4.4.3","doctrine@3.0.0","ejs@3.1.10","eslint-plugin-n@17.24.0","eslint-plugin-unicorn@56.0.1","eslint-scope@7.2.2","eslint@8.57.1","espree@9.6.1","esquery@1.7.0","fast-glob@3.3.3","file-entry-cache@6.0.1","find-up@5.0.0","glob-parent@6.0.2","glob@13.0.6","globals@13.24.0","got@11.8.6","is-glob@4.0.3","js-yaml@4.1.1","levn@0.4.1","lint-staged@17.0.5","markdown-it@14.1.1","memfs@4.57.2","minimatch@3.1.5","optionator@0.9.4","recast@0.23.11","strip-ansi@6.0.1","webpack-cli@7.0.2","webpack@5.107.1","@babel/core@7.29.7","@babel/preset-env@7.29.7","@typescript-eslint/eslint-plugin@8.60.1","debug@4.4.3","eslint-plugin-import@2.32.0","eslint@8.57.1","rimraf@6.1.3","rimraf@6.1.3","@types/node@26.0.0","@vitest/coverage-v8@4.1.8","eslint-plugin-n@17.24.0","eslint@8.57.1","knip@6.16.0","lint-staged@17.0.5","typedoc@0.28.19","@types/chai@5.2.3","@types/node@26.0.0","@typescript-eslint/type-utils@8.60.1","@typescript-eslint/utils@8.60.1","chai@5.3.3","chokidar@3.6.0","esbuild@0.27.4","eslint@8.57.1","glob@13.0.6","knip@6.16.0","playwright@1.60.0","source-map-support@0.5.21","which@5.0.0","vitest@4.1.8","@types/chai@5.2.3","@types/node@26.0.0","@typescript-eslint/type-utils@8.60.1","@typescript-eslint/utils@8.60.1","chai@5.3.3","chokidar@3.6.0","esbuild@0.27.4","eslint@8.57.1","glob@13.0.6","knip@6.16.0","playwright@1.60.0","source-map-support@0.5.21","which@5.0.0","@types/mdast@4.0.4","@types/node@26.0.0","@types/mdast@4.0.4","@types/node@26.0.0","@types/mdast@4.0.4","@types/node@26.0.0","strip-ansi@7.2.0","@types/mdast@4.0.4","@types/node@26.0.0","vitest@4.1.8","@vitest/coverage-v8@4.1.8","eslint@8.57.1","rimraf@6.1.3","vitest@4.1.8","@typescript-eslint/typescript-estree@8.59.4","@vitest/coverage-v8@4.1.8","eslint@8.57.1","rimraf@6.1.3","vitest@4.1.8","@vitest/coverage-v8@4.1.8","@vitest/pretty-format@4.1.8","eslint@8.57.1","glob@13.0.6","rimraf@6.1.3","vitest@4.1.8","@vitest/coverage-v8@4.1.8","eslint@8.57.1","rimraf@6.1.3","vitest@4.1.8","@vitest/coverage-v8@4.1.8","rimraf@6.1.3","@types/chai@5.2.3","@types/node@26.0.0","@typescript-eslint/type-utils@8.60.1","@typescript-eslint/utils@8.60.1","chai@5.3.3","chokidar@3.6.0","esbuild@0.27.4","eslint@8.57.1","glob@13.0.6","knip@6.16.0","playwright@1.60.0","source-map-support@0.5.21","which@5.0.0","vitest@4.1.8","@vitest/coverage-v8@4.1.8","eslint@8.57.1","rimraf@6.1.3","vitest@4.1.8","@vitest/coverage-v8@4.1.8","rimraf@6.1.3","@types/chai@5.2.3","@types/node@26.0.0","@typescript-eslint/type-utils@8.60.1","@typescript-eslint/utils@8.60.1","chai@5.3.3","chokidar@3.6.0","esbuild@0.27.4","eslint@8.57.1","glob@13.0.6","knip@6.16.0","playwright@1.60.0","source-map-support@0.5.21","which@5.0.0","vitest@4.1.8","@vitest/coverage-v8@4.1.8","rimraf@6.1.3","@types/chai@5.2.3","@types/node@26.0.0","@typescript-eslint/type-utils@8.60.1","@typescript-eslint/utils@8.60.1","chai@5.3.3","chokidar@3.6.0","esbuild@0.27.4","eslint@8.57.1","glob@13.0.6","knip@6.16.0","playwright@1.60.0","source-map-support@0.5.21","which@5.0.0","vitest@4.1.8","@vitest/coverage-v8@4.1.8","eslint@8.57.1","rimraf@6.1.3","vitest@4.1.8","@vitest/coverage-v8@4.1.8","eslint@8.57.1","rimraf@6.1.3","vitest@4.1.8","@vitest/coverage-v8@4.1.8","eslint@8.57.1","glob@13.0.6","@types/node@26.0.0","brace-expansion@5.0.6","typedoc@0.28.19","rimraf@6.1.3","@types/node@26.0.0","fast-glob@3.3.3","glob@13.0.6","@types/node@26.0.0","@vitest/coverage-v8@4.1.8","eslint-plugin-n@17.24.0","eslint@8.57.1","knip@6.16.0","lint-staged@17.0.5","typedoc@0.28.19","vitest@4.1.8","@types/chai@5.2.3","@types/node@26.0.0","@typescript-eslint/type-utils@8.60.1","@typescript-eslint/utils@8.60.1","chai@5.3.3","chokidar@3.6.0","esbuild@0.27.4","eslint@8.57.1","glob@13.0.6","knip@6.16.0","playwright@1.60.0","source-map-support@0.5.21","which@5.0.0","vitest@4.1.8","@vitest/coverage-v8@4.1.8","eslint@8.57.1","rimraf@6.1.3","vitest@4.1.8","@vitest/coverage-v8@4.1.8","eslint@8.57.1","rimraf@6.1.3","vitest@4.1.8","@vitest/coverage-v8@4.1.8","@babel/core@7.29.7","@babel/preset-env@7.29.7","@eslint-community/eslint-utils@4.9.1","@eslint/eslintrc@2.1.4","@humanwhocodes/config-array@0.13.0","@nodelib/fs.walk@1.2.8","@sinonjs/fake-timers@15.4.0","ajv@6.15.0","babel-loader@10.1.1","chai@5.3.3","chalk@4.1.2","cross-spawn@7.0.6","debug@4.4.3","doctrine@3.0.0","ejs@3.1.10","eslint-plugin-n@17.24.0","eslint-plugin-unicorn@56.0.1","eslint-scope@7.2.2","eslint@8.57.1","espree@9.6.1","esquery@1.7.0","fast-glob@3.3.3","file-entry-cache@6.0.1","find-up@5.0.0","glob-parent@6.0.2","glob@13.0.6","globals@13.24.0","got@11.8.6","is-glob@4.0.3","js-yaml@4.1.1","levn@0.4.1","lint-staged@17.0.5","markdown-it@14.1.1","memfs@4.57.2","minimatch@3.1.5","optionator@0.9.4","recast@0.23.11","strip-ansi@6.0.1","webpack-cli@7.0.2","webpack@5.107.1","glob@13.0.6","rimraf@6.1.3","@types/chai@5.2.3","@types/node@26.0.0","@typescript-eslint/type-utils@8.60.1","@typescript-eslint/utils@8.60.1","chai@5.3.3","chokidar@3.6.0","esbuild@0.27.4","eslint@8.57.1","glob@13.0.6","knip@6.16.0","playwright@1.60.0","source-map-support@0.5.21","which@5.0.0","vitest@4.1.8","eslint@8.57.1","lint-staged@17.0.5","@typescript-eslint/scope-manager@8.59.4","@typescript-eslint/typescript-estree@8.59.4","@typescript-eslint/visitor-keys@8.59.4","@vitest/coverage-v8@4.1.8","debug@4.4.3","eslint@8.57.1","glob@13.0.6","rimraf@6.1.3","vitest@4.1.8","eslint@8.57.1","eslint@8.57.1","for-each@0.3.5","eslint@8.57.1","eslint@8.57.1","eslint@8.57.1","for-each@0.3.5","call-bind-apply-helpers@1.0.2","call-bound@1.0.4","es-abstract@1.24.1","es-object-atoms@1.1.1","eslint@8.57.1","for-each@0.3.5","get-proto@1.0.1","hasown@2.0.3","call-bind-apply-helpers@1.0.2","eslint@8.57.1","for-each@0.3.5","get-intrinsic@1.3.0","set-function-length@1.2.2","eslint@8.57.1","for-each@0.3.5","hasown@2.0.3","eslint@8.57.1","eslint@8.57.1","for-each@0.3.5","eslint@8.57.1","call-bind-apply-helpers@1.0.2","call-bound@1.0.4","es-abstract@1.24.1","es-object-atoms@1.1.1","eslint@8.57.1","for-each@0.3.5","get-proto@1.0.1","hasown@2.0.3","eslint@8.57.1","eslint@8.57.1","eslint@8.57.1","for-each@0.3.5","eslint@8.57.1","for-each@0.3.5","call-bind-apply-helpers@1.0.2","call-bound@1.0.4","es-abstract@1.24.1","es-object-atoms@1.1.1","eslint@8.57.1","for-each@0.3.5","get-proto@1.0.1","hasown@2.0.3","eslint@8.57.1","eslint@8.57.1","eslint@8.57.1","eslint@8.57.1","for-each@0.3.5","eslint@8.57.1","hasown@2.0.3","eslint@8.57.1","eslint@8.57.1","eslint@8.57.1","eslint@8.57.1","call-bind-apply-helpers@1.0.2","eslint@8.57.1","for-each@0.3.5","get-intrinsic@1.3.0","eslint@8.57.1","for-each@0.3.5","available-typed-arrays@1.0.7","call-bind@1.0.8","call-bound@1.0.4","eslint@8.57.1","for-each@0.3.5","get-intrinsic@1.3.0","array.prototype.flatmap@1.3.3","call-bound@1.0.4","eslint@8.57.1","for-each@0.3.5","is-array-buffer@3.0.5","call-bind-apply-helpers@1.0.2","eslint@8.57.1","for-each@0.3.5","get-intrinsic@1.3.0","set-function-length@1.2.2","define-data-property@1.1.4","eslint@8.57.1","has-property-descriptors@1.0.2","array-buffer-byte-length@1.0.2","array.prototype.flatmap@1.3.3","arraybuffer.prototype.slice@1.0.4","available-typed-arrays@1.0.7","call-bind@1.0.8","call-bound@1.0.4","data-view-buffer@1.0.2","data-view-byte-length@1.0.2","data-view-byte-offset@1.0.1","define-data-property@1.1.4","es-object-atoms@1.1.1","es-set-tostringtag@2.1.0","es-to-primitive@1.3.0","eslint@8.57.1","for-each@0.3.5","function.prototype.name@1.1.8","get-intrinsic@1.3.0","get-proto@1.0.1","get-symbol-description@1.1.0","glob@13.0.6","globalthis@1.0.4","has-property-descriptors@1.0.2","has-proto@1.2.0","hasown@2.0.3","internal-slot@1.1.0","is-array-buffer@3.0.5","is-bigint@1.1.0","is-core-module@2.16.2","is-data-view@1.0.2","is-regex@1.2.1","is-shared-array-buffer@1.0.4","is-string@1.1.1","is-typed-array@1.1.15","is-weakref@1.1.1","jackspeak@3.4.3","object.assign@4.1.7","object.fromentries@2.0.8","own-keys@1.0.1","regexp.prototype.flags@1.5.4","safe-array-concat@1.1.3","safe-push-apply@1.0.0","safe-regex-test@1.1.0","set-proto@1.0.0","stop-iteration-iterator@1.1.0","string.prototype.trim@1.2.10","string.prototype.trimend@1.0.9","string.prototype.trimstart@1.0.8","typed-array-buffer@1.0.3","typed-array-byte-length@1.0.3","typed-array-byte-offset@1.0.4","typed-array-length@1.0.7","unbox-primitive@1.1.0","which-typed-array@1.1.20","eslint@8.57.1","eslint@8.57.1","for-each@0.3.5","call-bind-apply-helpers@1.0.2","call-bound@1.0.4","es-abstract@1.24.1","es-object-atoms@1.1.1","eslint@8.57.1","for-each@0.3.5","get-proto@1.0.1","hasown@2.0.3","available-typed-arrays@1.0.7","call-bind@1.0.8","call-bound@1.0.4","eslint@8.57.1","for-each@0.3.5","get-intrinsic@1.3.0","eslint@8.57.1","eslint@8.57.1","call-bind-apply-helpers@1.0.2","eslint@8.57.1","for-each@0.3.5","get-intrinsic@1.3.0","set-function-length@1.2.2","call-bind-apply-helpers@1.0.2","eslint@8.57.1","for-each@0.3.5","get-intrinsic@1.3.0","call-bind-apply-helpers@1.0.2","eslint@8.57.1","for-each@0.3.5","get-intrinsic@1.3.0","eslint@8.57.1","eslint@8.57.1","for-each@0.3.5","@types/node@26.0.0","available-typed-arrays@1.0.7","call-bound@1.0.4","eslint@8.57.1","for-each@0.3.5","get-intrinsic@1.3.0","has-tostringtag@1.0.2","is-typed-array@1.1.15","call-bind-apply-helpers@1.0.2","eslint@8.57.1","for-each@0.3.5","get-intrinsic@1.3.0","eslint@8.57.1","eslint@8.57.1","for-each@0.3.5","@types/node@26.0.0","available-typed-arrays@1.0.7","call-bound@1.0.4","eslint@8.57.1","for-each@0.3.5","get-intrinsic@1.3.0","has-tostringtag@1.0.2","is-typed-array@1.1.15","call-bind-apply-helpers@1.0.2","eslint@8.57.1","for-each@0.3.5","get-intrinsic@1.3.0","eslint@8.57.1","eslint@8.57.1","for-each@0.3.5","@types/node@26.0.0","available-typed-arrays@1.0.7","call-bound@1.0.4","eslint@8.57.1","for-each@0.3.5","get-intrinsic@1.3.0","has-tostringtag@1.0.2","is-typed-array@1.1.15","eslint@8.57.1","for-each@0.3.5","hasown@2.0.3","eslint@8.57.1","eslint@8.57.1","eslint@8.57.1","eslint@8.57.1","get-intrinsic@1.3.0","has-tostringtag@1.0.2","hasown@2.0.3","eslint@8.57.1","for-each@0.3.5","call-bind@1.0.8","call-bound@1.0.4","define-properties@1.2.1","eslint@8.57.1","for-each@0.3.5","hasown@2.0.3","available-typed-arrays@1.0.7","eslint@8.57.1","for-each@0.3.5","has-tostringtag@1.0.2","rimraf@6.1.3","call-bind-apply-helpers@1.0.2","eslint@8.57.1","for-each@0.3.5","get-intrinsic@1.3.0","eslint@8.57.1","eslint@8.57.1","call-bind-apply-helpers@1.0.2","eslint@8.57.1","for-each@0.3.5","get-intrinsic@1.3.0","eslint@8.57.1","for-each@0.3.5","eslint@8.57.1","has-tostringtag@1.0.2","call-bound@1.0.4","eslint@8.57.1","for-each@0.3.5","is-regex@1.2.1","call-bind@1.0.8","define-properties@1.2.1","eslint@8.57.1","eslint@8.57.1","for-each@0.3.5","call-bind-apply-helpers@1.0.2","eslint@8.57.1","for-each@0.3.5","get-intrinsic@1.3.0","set-function-length@1.2.2","call-bind-apply-helpers@1.0.2","eslint@8.57.1","for-each@0.3.5","get-intrinsic@1.3.0","define-data-property@1.1.4","eslint@8.57.1","has-property-descriptors@1.0.2","eslint@8.57.1","for-each@0.3.5","eslint@8.57.1","eslint@8.57.1","available-typed-arrays@1.0.7","eslint@8.57.1","for-each@0.3.5","has-tostringtag@1.0.2","rimraf@6.1.3","call-bind-apply-helpers@1.0.2","call-bound@1.0.4","es-abstract@1.24.1","es-object-atoms@1.1.1","eslint@8.57.1","for-each@0.3.5","get-proto@1.0.1","hasown@2.0.3","eslint@8.57.1","for-each@0.3.5","eslint@8.57.1","eslint@8.57.1","eslint@8.57.1","eslint@8.57.1","eslint@8.57.1","call-bind-apply-helpers@1.0.2","eslint@8.57.1","for-each@0.3.5","get-intrinsic@1.3.0","eslint@8.57.1","eslint@8.57.1","for-each@0.3.5","call-bind-apply-helpers@1.0.2","call-bound@1.0.4","es-abstract@1.24.1","es-object-atoms@1.1.1","eslint@8.57.1","for-each@0.3.5","get-proto@1.0.1","hasown@2.0.3","hasown@2.0.3","glob@13.0.6","define-properties@1.2.1","eslint@8.57.1","for-each@0.3.5","eslint@8.57.1","eslint@8.57.1","eslint@8.57.1","call-bind-apply-helpers@1.0.2","eslint@8.57.1","eslint@8.57.1","call-bind-apply-helpers@1.0.2","eslint@8.57.1","for-each@0.3.5","get-intrinsic@1.3.0","set-function-length@1.2.2","define-data-property@1.1.4","eslint@8.57.1","has-property-descriptors@1.0.2","array-buffer-byte-length@1.0.2","array.prototype.flatmap@1.3.3","arraybuffer.prototype.slice@1.0.4","available-typed-arrays@1.0.7","call-bind@1.0.8","call-bound@1.0.4","data-view-buffer@1.0.2","data-view-byte-length@1.0.2","data-view-byte-offset@1.0.1","define-data-property@1.1.4","es-object-atoms@1.1.1","es-set-tostringtag@2.1.0","es-to-primitive@1.3.0","eslint@8.57.1","for-each@0.3.5","function.prototype.name@1.1.8","get-intrinsic@1.3.0","get-proto@1.0.1","get-symbol-description@1.1.0","glob@13.0.6","globalthis@1.0.4","has-property-descriptors@1.0.2","has-proto@1.2.0","hasown@2.0.3","internal-slot@1.1.0","is-array-buffer@3.0.5","is-bigint@1.1.0","is-core-module@2.16.2","is-data-view@1.0.2","is-regex@1.2.1","is-shared-array-buffer@1.0.4","is-string@1.1.1","is-typed-array@1.1.15","is-weakref@1.1.1","jackspeak@3.4.3","object.assign@4.1.7","object.fromentries@2.0.8","own-keys@1.0.1","regexp.prototype.flags@1.5.4","safe-array-concat@1.1.3","safe-push-apply@1.0.0","safe-regex-test@1.1.0","set-proto@1.0.0","stop-iteration-iterator@1.1.0","string.prototype.trim@1.2.10","string.prototype.trimend@1.0.9","string.prototype.trimstart@1.0.8","typed-array-buffer@1.0.3","typed-array-byte-length@1.0.3","typed-array-byte-offset@1.0.4","typed-array-length@1.0.7","unbox-primitive@1.1.0","which-typed-array@1.1.20","eslint@8.57.1","eslint@8.57.1","eslint@8.57.1","call-bind-apply-helpers@1.0.2","call-bound@1.0.4","es-abstract@1.24.1","es-object-atoms@1.1.1","eslint@8.57.1","for-each@0.3.5","get-proto@1.0.1","hasown@2.0.3","dunder-proto@1.0.1","es-object-atoms@1.1.1","eslint@8.57.1","available-typed-arrays@1.0.7","call-bind-apply-helpers@1.0.2","eslint@8.57.1","for-each@0.3.5","get-intrinsic@1.3.0","eslint@8.57.1","for-each@0.3.5","call-bind@1.0.8","call-bound@1.0.4","define-properties@1.2.1","eslint@8.57.1","for-each@0.3.5","hasown@2.0.3","eslint@8.57.1","eslint@8.57.1","get-proto@1.0.1","call-bind-apply-helpers@1.0.2","eslint@8.57.1","for-each@0.3.5","get-intrinsic@1.3.0","eslint@8.57.1","for-each@0.3.5","dunder-proto@1.0.1","es-object-atoms@1.1.1","eslint@8.57.1","eslint@8.57.1","call-bound@1.0.4","eslint@8.57.1","for-each@0.3.5","is-regex@1.2.1","call-bound@1.0.4","eslint@8.57.1","has-tostringtag@1.0.2","call-bind-apply-helpers@1.0.2","eslint@8.57.1","for-each@0.3.5","get-intrinsic@1.3.0","eslint@8.57.1","for-each@0.3.5","call-bound@1.0.4","eslint@8.57.1","for-each@0.3.5","get-proto@1.0.1","has-tostringtag@1.0.2","safe-regex-test@1.1.0","call-bound@1.0.4","eslint@8.57.1","for-each@0.3.5","has-tostringtag@1.0.2","hasown@2.0.3","call-bound@1.0.4","eslint@8.57.1","for-each@0.3.5","object.assign@4.1.7","eslint@8.57.1","for-each@0.3.5","is-bigint@1.1.0","is-boolean-object@1.2.2","is-number-object@1.1.1","is-string@1.1.1","is-symbol@1.1.1","eslint@8.57.1","for-each@0.3.5","eslint@8.57.1","for-each@0.3.5","eslint@8.57.1","for-each@0.3.5","eslint@8.57.1","for-each@0.3.5","call-bind-apply-helpers@1.0.2","eslint@8.57.1","for-each@0.3.5","get-intrinsic@1.3.0","eslint@8.57.1","for-each@0.3.5","call-bind-apply-helpers@1.0.2","call-bound@1.0.4","es-abstract@1.24.1","es-object-atoms@1.1.1","eslint@8.57.1","for-each@0.3.5","get-proto@1.0.1","hasown@2.0.3","available-typed-arrays@1.0.7","call-bind@1.0.8","call-bound@1.0.4","eslint@8.57.1","for-each@0.3.5","get-proto@1.0.1","has-tostringtag@1.0.2","eslint@8.57.1","eslint@8.57.1","eslint@8.57.1","eslint@8.57.1","for-each@0.3.5","eslint@8.57.1","eslint@8.57.1","side-channel-list@1.0.0","side-channel-map@1.0.1","side-channel-weakmap@1.0.2","eslint@8.57.1","call-bind-apply-helpers@1.0.2","eslint@8.57.1","for-each@0.3.5","get-intrinsic@1.3.0","set-function-length@1.2.2","call-bind-apply-helpers@1.0.2","eslint@8.57.1","for-each@0.3.5","get-intrinsic@1.3.0","eslint@8.57.1","for-each@0.3.5","call-bind-apply-helpers@1.0.2","call-bound@1.0.4","es-abstract@1.24.1","es-object-atoms@1.1.1","eslint@8.57.1","for-each@0.3.5","get-proto@1.0.1","hasown@2.0.3","eslint@8.57.1","for-each@0.3.5","eslint@8.57.1","has-tostringtag@1.0.2","available-typed-arrays@1.0.7","eslint@8.57.1","for-each@0.3.5","has-tostringtag@1.0.2","rimraf@6.1.3","eslint@8.57.1","hasown@2.0.3","@types/node@26.0.0","available-typed-arrays@1.0.7","call-bind-apply-helpers@1.0.2","eslint@8.57.1","for-each@0.3.5","get-intrinsic@1.3.0","eslint@8.57.1","for-each@0.3.5","call-bind-apply-helpers@1.0.2","call-bound@1.0.4","es-abstract@1.24.1","es-object-atoms@1.1.1","eslint@8.57.1","for-each@0.3.5","get-proto@1.0.1","hasown@2.0.3","has-tostringtag@1.0.2","@types/node@26.0.0","eslint@8.57.1","for-each@0.3.5","has-tostringtag@1.0.2","which-typed-array@1.1.20","eslint@8.57.1","call-bind-apply-helpers@1.0.2","eslint@8.57.1","for-each@0.3.5","get-intrinsic@1.3.0","eslint@8.57.1","for-each@0.3.5","eslint@8.57.1","eslint@8.57.1","eslint@8.57.1","eslint@8.57.1","for-each@0.3.5","@types/node@26.0.0","available-typed-arrays@1.0.7","call-bind-apply-helpers@1.0.2","eslint@8.57.1","for-each@0.3.5","get-intrinsic@1.3.0","eslint@8.57.1","for-each@0.3.5","call-bound@1.0.4","eslint@8.57.1","has-tostringtag@1.0.2","@types/node@26.0.0","eslint@8.57.1","for-each@0.3.5","has-tostringtag@1.0.2","which-typed-array@1.1.20","call-bind-apply-helpers@1.0.2","eslint@8.57.1","for-each@0.3.5","get-intrinsic@1.3.0","eslint@8.57.1","for-each@0.3.5","jackspeak@3.4.3","eslint@8.57.1","for-each@0.3.5","eslint@8.57.1","for-each@0.3.5","glob@13.0.6","globalthis@1.0.4","has-tostringtag@1.0.2","jackspeak@3.4.3","string.prototype.repeat@1.0.0","eslint@8.57.1","call-bind@1.0.8","call-bound@1.0.4","define-properties@1.2.1","es-object-atoms@1.1.1","eslint@8.57.1","for-each@0.3.5","hasown@2.0.3","call-bind@1.0.8","define-properties@1.2.1","es-abstract@1.24.1","es-object-atoms@1.1.1","eslint@8.57.1","eslint@8.57.1","call-bind-apply-helpers@1.0.2","call-bound@1.0.4","es-abstract@1.24.1","es-object-atoms@1.1.1","eslint@8.57.1","for-each@0.3.5","get-proto@1.0.1","hasown@2.0.3","has-property-descriptors@1.0.2","eslint@8.57.1","eslint@8.57.1","call-bind-apply-helpers@1.0.2","eslint@8.57.1","for-each@0.3.5","get-intrinsic@1.3.0","set-function-length@1.2.2","define-data-property@1.1.4","eslint@8.57.1","has-property-descriptors@1.0.2","eslint@8.57.1","eslint@8.57.1","for-each@0.3.5","dunder-proto@1.0.1","es-object-atoms@1.1.1","eslint@8.57.1","eslint@8.57.1","hasown@2.0.3","eslint@8.57.1","for-each@0.3.5","hasown@2.0.3","eslint@8.57.1","eslint@8.57.1","for-each@0.3.5","function.prototype.name@1.1.8","eslint@8.57.1","eslint@8.57.1","call-bind-apply-helpers@1.0.2","eslint@8.57.1","for-each@0.3.5","get-intrinsic@1.3.0","set-function-length@1.2.2","call-bind-apply-helpers@1.0.2","eslint@8.57.1","for-each@0.3.5","get-intrinsic@1.3.0","eslint@8.57.1","call-bind-apply-helpers@1.0.2","call-bound@1.0.4","es-abstract@1.24.1","es-object-atoms@1.1.1","eslint@8.57.1","for-each@0.3.5","get-proto@1.0.1","hasown@2.0.3","eslint@8.57.1","call-bind@1.0.8","define-data-property@1.1.4","eslint@8.57.1","for-each@0.3.5","get-intrinsic@1.3.0","has-property-descriptors@1.0.2","eslint@8.57.1","eslint@8.57.1","call-bind-apply-helpers@1.0.2","eslint@8.57.1","for-each@0.3.5","get-intrinsic@1.3.0","eslint@8.57.1","eslint@8.57.1","for-each@0.3.5","call-bound@1.0.4","eslint@8.57.1","for-each@0.3.5","has-tostringtag@1.0.2","hasown@2.0.3","call-bind-apply-helpers@1.0.2","eslint@8.57.1","eslint@8.57.1","eslint@8.57.1","eslint@8.57.1","eslint@8.57.1","eslint@8.57.1","eslint@8.57.1","for-each@0.3.5","hasown@2.0.3","side-channel@1.1.0","call-bind-apply-helpers@1.0.2","eslint@8.57.1","for-each@0.3.5","get-intrinsic@1.3.0","set-function-length@1.2.2","call-bind-apply-helpers@1.0.2","eslint@8.57.1","for-each@0.3.5","get-intrinsic@1.3.0","eslint@8.57.1","for-each@0.3.5","hasown@2.0.3","define-data-property@1.1.4","eslint@8.57.1","has-property-descriptors@1.0.2","array-buffer-byte-length@1.0.2","array.prototype.flatmap@1.3.3","arraybuffer.prototype.slice@1.0.4","available-typed-arrays@1.0.7","call-bind@1.0.8","call-bound@1.0.4","data-view-buffer@1.0.2","data-view-byte-length@1.0.2","data-view-byte-offset@1.0.1","define-data-property@1.1.4","es-object-atoms@1.1.1","es-set-tostringtag@2.1.0","es-to-primitive@1.3.0","eslint@8.57.1","for-each@0.3.5","function.prototype.name@1.1.8","get-intrinsic@1.3.0","get-proto@1.0.1","get-symbol-description@1.1.0","glob@13.0.6","globalthis@1.0.4","has-property-descriptors@1.0.2","has-proto@1.2.0","hasown@2.0.3","internal-slot@1.1.0","is-array-buffer@3.0.5","is-bigint@1.1.0","is-core-module@2.16.2","is-data-view@1.0.2","is-regex@1.2.1","is-shared-array-buffer@1.0.4","is-string@1.1.1","is-typed-array@1.1.15","is-weakref@1.1.1","jackspeak@3.4.3","object.assign@4.1.7","object.fromentries@2.0.8","own-keys@1.0.1","regexp.prototype.flags@1.5.4","safe-array-concat@1.1.3","safe-push-apply@1.0.0","safe-regex-test@1.1.0","set-proto@1.0.0","stop-iteration-iterator@1.1.0","string.prototype.trim@1.2.10","string.prototype.trimend@1.0.9","string.prototype.trimstart@1.0.8","typed-array-buffer@1.0.3","typed-array-byte-length@1.0.3","typed-array-byte-offset@1.0.4","typed-array-length@1.0.7","unbox-primitive@1.1.0","which-typed-array@1.1.20","eslint@8.57.1","eslint@8.57.1","for-each@0.3.5","eslint@8.57.1","call-bind@1.0.8","call-bound@1.0.4","define-properties@1.2.1","es-object-atoms@1.1.1","eslint@8.57.1","call-bind-apply-helpers@1.0.2","eslint@8.57.1","for-each@0.3.5","get-intrinsic@1.3.0","set-function-length@1.2.2","define-data-property@1.1.4","eslint@8.57.1","has-property-descriptors@1.0.2","eslint@8.57.1","eslint@8.57.1","available-typed-arrays@1.0.7","call-bind-apply-helpers@1.0.2","eslint@8.57.1","for-each@0.3.5","get-intrinsic@1.3.0","eslint@8.57.1","eslint@8.57.1","for-each@0.3.5","@types/node@26.0.0","eslint@8.57.1","for-each@0.3.5","has-tostringtag@1.0.2","which-typed-array@1.1.20","available-typed-arrays@1.0.7","call-bind-apply-helpers@1.0.2","eslint@8.57.1","for-each@0.3.5","get-intrinsic@1.3.0","set-function-length@1.2.2","eslint@8.57.1","eslint@8.57.1","eslint@8.57.1","dunder-proto@1.0.1","eslint@8.57.1","reflect.getprototypeof@1.0.10","@types/node@26.0.0","eslint@8.57.1","for-each@0.3.5","has-tostringtag@1.0.2","which-typed-array@1.1.20","eslint@8.57.1","call-bind-apply-helpers@1.0.2","eslint@8.57.1","for-each@0.3.5","get-intrinsic@1.3.0","set-function-length@1.2.2","eslint@8.57.1","eslint@8.57.1","eslint@8.57.1","dunder-proto@1.0.1","eslint@8.57.1","reflect.getprototypeof@1.0.10","@types/node@26.0.0","eslint@8.57.1","for-each@0.3.5","has-tostringtag@1.0.2","which-typed-array@1.1.20","eslint@8.57.1","call-bind@1.0.8","define-properties@1.2.1","es-abstract@1.24.1","es-object-atoms@1.1.1","eslint@8.57.1","get-intrinsic@1.3.0","get-proto@1.0.1","which-builtin-type@1.2.1","call-bind-apply-helpers@1.0.2","eslint@8.57.1","for-each@0.3.5","get-intrinsic@1.3.0","set-function-length@1.2.2","eslint@8.57.1","eslint@8.57.1","eslint@8.57.1","@types/node@26.0.0","eslint@8.57.1","for-each@0.3.5","has-tostringtag@1.0.2","which-typed-array@1.1.20","eslint@8.57.1","call-bind@1.0.8","define-properties@1.2.1","es-abstract@1.24.1","es-object-atoms@1.1.1","eslint@8.57.1","get-intrinsic@1.3.0","get-proto@1.0.1","which-builtin-type@1.2.1","call-bind-apply-helpers@1.0.2","eslint@8.57.1","for-each@0.3.5","get-intrinsic@1.3.0","eslint@8.57.1","for-each@0.3.5","eslint@8.57.1","eslint@8.57.1","object-is@1.1.6","eslint@8.57.1","for-each@0.3.5","eslint@8.57.1","for-each@0.3.5","has-tostringtag@1.0.2","call-bind-apply-helpers@1.0.2","eslint@8.57.1","for-each@0.3.5","get-intrinsic@1.3.0","eslint@8.57.1","eslint@8.57.1","call-bind-apply-helpers@1.0.2","eslint@8.57.1","for-each@0.3.5","get-intrinsic@1.3.0","eslint@8.57.1","eslint@8.57.1","call-bound@1.0.4","eslint@8.57.1","has-tostringtag@1.0.2","call-bound@1.0.4","eslint@8.57.1","for-each@0.3.5","has-tostringtag@1.0.2","safe-regex-test@1.1.0","available-typed-arrays@1.0.7","call-bind@1.0.8","call-bound@1.0.4","eslint@8.57.1","for-each@0.3.5","get-proto@1.0.1","has-tostringtag@1.0.2","eslint@8.57.1","eslint@8.57.1","eslint@8.57.1","eslint@8.57.1","eslint@8.57.1","for-each@0.3.5","call-bind-apply-helpers@1.0.2","eslint@8.57.1","for-each@0.3.5","get-intrinsic@1.3.0","array-buffer-byte-length@1.0.2","array.prototype.flatmap@1.3.3","arraybuffer.prototype.slice@1.0.4","available-typed-arrays@1.0.7","call-bind@1.0.8","call-bound@1.0.4","data-view-buffer@1.0.2","data-view-byte-length@1.0.2","data-view-byte-offset@1.0.1","define-data-property@1.1.4","es-object-atoms@1.1.1","es-set-tostringtag@2.1.0","es-to-primitive@1.3.0","eslint@8.57.1","for-each@0.3.5","function.prototype.name@1.1.8","get-intrinsic@1.3.0","get-proto@1.0.1","get-symbol-description@1.1.0","glob@13.0.6","globalthis@1.0.4","has-property-descriptors@1.0.2","has-proto@1.2.0","hasown@2.0.3","internal-slot@1.1.0","is-array-buffer@3.0.5","is-bigint@1.1.0","is-core-module@2.16.2","is-data-view@1.0.2","is-regex@1.2.1","is-shared-array-buffer@1.0.4","is-string@1.1.1","is-typed-array@1.1.15","is-weakref@1.1.1","jackspeak@3.4.3","object.assign@4.1.7","object.fromentries@2.0.8","own-keys@1.0.1","regexp.prototype.flags@1.5.4","safe-array-concat@1.1.3","safe-push-apply@1.0.0","safe-regex-test@1.1.0","set-proto@1.0.0","stop-iteration-iterator@1.1.0","string.prototype.trim@1.2.10","string.prototype.trimend@1.0.9","string.prototype.trimstart@1.0.8","typed-array-buffer@1.0.3","typed-array-byte-length@1.0.3","typed-array-byte-offset@1.0.4","typed-array-length@1.0.7","unbox-primitive@1.1.0","which-typed-array@1.1.20","eslint@8.57.1","eslint@8.57.1","eslint@8.57.1","eslint@8.57.1","for-each@0.3.5","eslint@8.57.1","dunder-proto@1.0.1","es-object-atoms@1.1.1","eslint@8.57.1","eslint@8.57.1","eslint@8.57.1","eslint@8.57.1","eslint@8.57.1","for-each@0.3.5","call-bind-apply-helpers@1.0.2","eslint@8.57.1","for-each@0.3.5","get-intrinsic@1.3.0","eslint@8.57.1","eslint@8.57.1","eslint@8.57.1","eslint@8.57.1","for-each@0.3.5","call-bind-apply-helpers@1.0.2","eslint@8.57.1","for-each@0.3.5","get-intrinsic@1.3.0","set-function-length@1.2.2","call-bind-apply-helpers@1.0.2","eslint@8.57.1","for-each@0.3.5","get-intrinsic@1.3.0","define-data-property@1.1.4","eslint@8.57.1","has-property-descriptors@1.0.2","array-buffer-byte-length@1.0.2","array.prototype.flatmap@1.3.3","arraybuffer.prototype.slice@1.0.4","available-typed-arrays@1.0.7","call-bind@1.0.8","call-bound@1.0.4","data-view-buffer@1.0.2","data-view-byte-length@1.0.2","data-view-byte-offset@1.0.1","define-data-property@1.1.4","es-object-atoms@1.1.1","es-set-tostringtag@2.1.0","es-to-primitive@1.3.0","eslint@8.57.1","for-each@0.3.5","function.prototype.name@1.1.8","get-intrinsic@1.3.0","get-proto@1.0.1","get-symbol-description@1.1.0","glob@13.0.6","globalthis@1.0.4","has-property-descriptors@1.0.2","has-proto@1.2.0","hasown@2.0.3","internal-slot@1.1.0","is-array-buffer@3.0.5","is-bigint@1.1.0","is-core-module@2.16.2","is-data-view@1.0.2","is-regex@1.2.1","is-shared-array-buffer@1.0.4","is-string@1.1.1","is-typed-array@1.1.15","is-weakref@1.1.1","jackspeak@3.4.3","object.assign@4.1.7","object.fromentries@2.0.8","own-keys@1.0.1","regexp.prototype.flags@1.5.4","safe-array-concat@1.1.3","safe-push-apply@1.0.0","safe-regex-test@1.1.0","set-proto@1.0.0","stop-iteration-iterator@1.1.0","string.prototype.trim@1.2.10","string.prototype.trimend@1.0.9","string.prototype.trimstart@1.0.8","typed-array-buffer@1.0.3","typed-array-byte-length@1.0.3","typed-array-byte-offset@1.0.4","typed-array-length@1.0.7","unbox-primitive@1.1.0","which-typed-array@1.1.20","eslint@8.57.1","eslint@8.57.1","eslint@8.57.1","for-each@0.3.5","eslint@8.57.1","eslint@8.57.1","eslint@8.57.1","available-typed-arrays@1.0.7","eslint@8.57.1","for-each@0.3.5","has-tostringtag@1.0.2","rimraf@6.1.3","define-data-property@1.1.4","eslint@8.57.1","has-property-descriptors@1.0.2","eslint@8.57.1","for-each@0.3.5","eslint@8.57.1","eslint@8.57.1","eslint@8.57.1","for-each@0.3.5","glob@13.0.6","globalthis@1.0.4","eslint@8.57.1","jackspeak@3.4.3","define-data-property@1.1.4","eslint@8.57.1","has-property-descriptors@1.0.2","array-buffer-byte-length@1.0.2","array.prototype.flatmap@1.3.3","arraybuffer.prototype.slice@1.0.4","available-typed-arrays@1.0.7","call-bind@1.0.8","call-bound@1.0.4","data-view-buffer@1.0.2","data-view-byte-length@1.0.2","data-view-byte-offset@1.0.1","define-data-property@1.1.4","es-object-atoms@1.1.1","es-set-tostringtag@2.1.0","es-to-primitive@1.3.0","eslint@8.57.1","for-each@0.3.5","function.prototype.name@1.1.8","get-intrinsic@1.3.0","get-proto@1.0.1","get-symbol-description@1.1.0","glob@13.0.6","globalthis@1.0.4","has-property-descriptors@1.0.2","has-proto@1.2.0","hasown@2.0.3","internal-slot@1.1.0","is-array-buffer@3.0.5","is-bigint@1.1.0","is-core-module@2.16.2","is-data-view@1.0.2","is-regex@1.2.1","is-shared-array-buffer@1.0.4","is-string@1.1.1","is-typed-array@1.1.15","is-weakref@1.1.1","jackspeak@3.4.3","object.assign@4.1.7","object.fromentries@2.0.8","own-keys@1.0.1","regexp.prototype.flags@1.5.4","safe-array-concat@1.1.3","safe-push-apply@1.0.0","safe-regex-test@1.1.0","set-proto@1.0.0","stop-iteration-iterator@1.1.0","string.prototype.trim@1.2.10","string.prototype.trimend@1.0.9","string.prototype.trimstart@1.0.8","typed-array-buffer@1.0.3","typed-array-byte-length@1.0.3","typed-array-byte-offset@1.0.4","typed-array-length@1.0.7","unbox-primitive@1.1.0","which-typed-array@1.1.20","call-bind-apply-helpers@1.0.2","eslint@8.57.1","for-each@0.3.5","get-intrinsic@1.3.0","set-function-length@1.2.2","define-data-property@1.1.4","eslint@8.57.1","has-property-descriptors@1.0.2","array-buffer-byte-length@1.0.2","array.prototype.flatmap@1.3.3","arraybuffer.prototype.slice@1.0.4","available-typed-arrays@1.0.7","call-bind@1.0.8","call-bound@1.0.4","data-view-buffer@1.0.2","data-view-byte-length@1.0.2","data-view-byte-offset@1.0.1","define-data-property@1.1.4","es-object-atoms@1.1.1","es-set-tostringtag@2.1.0","es-to-primitive@1.3.0","eslint@8.57.1","for-each@0.3.5","function.prototype.name@1.1.8","get-intrinsic@1.3.0","get-proto@1.0.1","get-symbol-description@1.1.0","glob@13.0.6","globalthis@1.0.4","has-property-descriptors@1.0.2","has-proto@1.2.0","hasown@2.0.3","internal-slot@1.1.0","is-array-buffer@3.0.5","is-bigint@1.1.0","is-core-module@2.16.2","is-data-view@1.0.2","is-regex@1.2.1","is-shared-array-buffer@1.0.4","is-string@1.1.1","is-typed-array@1.1.15","is-weakref@1.1.1","jackspeak@3.4.3","object.assign@4.1.7","object.fromentries@2.0.8","own-keys@1.0.1","regexp.prototype.flags@1.5.4","safe-array-concat@1.1.3","safe-push-apply@1.0.0","safe-regex-test@1.1.0","set-proto@1.0.0","stop-iteration-iterator@1.1.0","string.prototype.trim@1.2.10","string.prototype.trimend@1.0.9","string.prototype.trimstart@1.0.8","typed-array-buffer@1.0.3","typed-array-byte-length@1.0.3","typed-array-byte-offset@1.0.4","typed-array-length@1.0.7","unbox-primitive@1.1.0","which-typed-array@1.1.20","eslint@8.57.1","for-each@0.3.5","hasown@2.0.3","eslint@8.57.1","eslint@8.57.1","call-bind-apply-helpers@1.0.2","eslint@8.57.1","for-each@0.3.5","get-intrinsic@1.3.0","set-function-length@1.2.2","define-data-property@1.1.4","eslint@8.57.1","has-property-descriptors@1.0.2","array-buffer-byte-length@1.0.2","array.prototype.flatmap@1.3.3","arraybuffer.prototype.slice@1.0.4","available-typed-arrays@1.0.7","call-bind@1.0.8","call-bound@1.0.4","data-view-buffer@1.0.2","data-view-byte-length@1.0.2","data-view-byte-offset@1.0.1","define-data-property@1.1.4","es-object-atoms@1.1.1","es-set-tostringtag@2.1.0","es-to-primitive@1.3.0","eslint@8.57.1","for-each@0.3.5","function.prototype.name@1.1.8","get-intrinsic@1.3.0","get-proto@1.0.1","get-symbol-description@1.1.0","glob@13.0.6","globalthis@1.0.4","has-property-descriptors@1.0.2","has-proto@1.2.0","hasown@2.0.3","internal-slot@1.1.0","is-array-buffer@3.0.5","is-bigint@1.1.0","is-core-module@2.16.2","is-data-view@1.0.2","is-regex@1.2.1","is-shared-array-buffer@1.0.4","is-string@1.1.1","is-typed-array@1.1.15","is-weakref@1.1.1","jackspeak@3.4.3","object.assign@4.1.7","object.fromentries@2.0.8","own-keys@1.0.1","regexp.prototype.flags@1.5.4","safe-array-concat@1.1.3","safe-push-apply@1.0.0","safe-regex-test@1.1.0","set-proto@1.0.0","stop-iteration-iterator@1.1.0","string.prototype.trim@1.2.10","string.prototype.trimend@1.0.9","string.prototype.trimstart@1.0.8","typed-array-buffer@1.0.3","typed-array-byte-length@1.0.3","typed-array-byte-offset@1.0.4","typed-array-length@1.0.7","unbox-primitive@1.1.0","which-typed-array@1.1.20","eslint@8.57.1","for-each@0.3.5","hasown@2.0.3","eslint@8.57.1","for-each@0.3.5","babel-plugin-istanbul@7.0.1","chai@5.3.3","@babel/core@7.29.7","@babel/preset-env@7.29.7","chai@5.3.3","eslint@8.57.1","lint-staged@17.0.5","rimraf@6.1.3","eslint@8.57.1","chai@5.3.3","chai@5.3.3","@babel/core@7.29.7","@babel/preset-env@7.29.7","chai@5.3.3","rimraf@6.1.3","eslint@8.57.1","hasown@2.0.3","eslint@8.57.1","eslint@8.57.1","eslint@8.57.1","hasown@2.0.3","rimraf@6.1.3","eslint@8.57.1","@types/debug@4.1.13","@types/node@26.0.0","@babel/core@7.29.7","@babel/preset-env@7.29.7","chai@5.3.3","rimraf@6.1.3","@typescript-eslint/parser@8.59.4","array-includes@3.1.9","array.prototype.findlastindex@1.2.6","array.prototype.flat@1.3.3","array.prototype.flatmap@1.3.3","babel-plugin-istanbul@7.0.1","chai@5.3.3","debug@3.2.7","doctrine@2.1.0","eslint-import-resolver-node@0.3.9","eslint-module-utils@2.12.1","eslint-plugin-import@2.32.0","eslint@8.57.1","glob@13.0.6","hasown@2.0.3","is-core-module@2.16.2","is-glob@4.0.3","jackspeak@3.4.3","minimatch@3.1.5","object.fromentries@2.0.8","object.groupby@1.0.3","object.values@1.2.1","redux@4.2.1","rimraf@6.1.3","string.prototype.trimend@1.0.9","tsconfig-paths@3.15.0","@babel/core@7.29.7","@babel/preset-env@7.29.7","@eslint-community/eslint-utils@4.9.1","@eslint/eslintrc@2.1.4","@humanwhocodes/config-array@0.13.0","@nodelib/fs.walk@1.2.8","@sinonjs/fake-timers@15.4.0","ajv@6.15.0","babel-loader@10.1.1","chai@5.3.3","chalk@4.1.2","cross-spawn@7.0.6","debug@4.4.3","doctrine@3.0.0","ejs@3.1.10","eslint-plugin-n@17.24.0","eslint-plugin-unicorn@56.0.1","eslint-scope@7.2.2","eslint@8.57.1","espree@9.6.1","esquery@1.7.0","fast-glob@3.3.3","file-entry-cache@6.0.1","find-up@5.0.0","glob-parent@6.0.2","glob@13.0.6","globals@13.24.0","got@11.8.6","is-glob@4.0.3","js-yaml@4.1.1","levn@0.4.1","lint-staged@17.0.5","markdown-it@14.1.1","memfs@4.57.2","minimatch@3.1.5","optionator@0.9.4","recast@0.23.11","strip-ansi@6.0.1","webpack-cli@7.0.2","webpack@5.107.1","glob@13.0.6","eslint@8.57.1","eslint@8.57.1","eslint@8.57.1","eslint@8.57.1","@types/node@26.0.0","@typescript-eslint/eslint-plugin@8.60.1","@typescript-eslint/parser@8.59.4","chai@5.3.3","eslint-plugin-import@2.32.0","eslint@8.57.1","rimraf@6.1.3","rollup@4.60.1","strip-ansi@6.0.1","@babel/core@7.29.7","@babel/preset-env@7.29.7","color-convert@2.0.1","strip-ansi@6.0.1","strip-ansi@7.2.0","@types/node@26.0.0","typedoc@0.28.19","brace-expansion@1.1.13","call-bind-apply-helpers@1.0.2","eslint@8.57.1","for-each@0.3.5","get-intrinsic@1.3.0","set-function-length@1.2.2","define-data-property@1.1.4","eslint@8.57.1","has-property-descriptors@1.0.2","array-buffer-byte-length@1.0.2","array.prototype.flatmap@1.3.3","arraybuffer.prototype.slice@1.0.4","available-typed-arrays@1.0.7","call-bind@1.0.8","call-bound@1.0.4","data-view-buffer@1.0.2","data-view-byte-length@1.0.2","data-view-byte-offset@1.0.1","define-data-property@1.1.4","es-object-atoms@1.1.1","es-set-tostringtag@2.1.0","es-to-primitive@1.3.0","eslint@8.57.1","for-each@0.3.5","function.prototype.name@1.1.8","get-intrinsic@1.3.0","get-proto@1.0.1","get-symbol-description@1.1.0","glob@13.0.6","globalthis@1.0.4","has-property-descriptors@1.0.2","has-proto@1.2.0","hasown@2.0.3","internal-slot@1.1.0","is-array-buffer@3.0.5","is-bigint@1.1.0","is-core-module@2.16.2","is-data-view@1.0.2","is-regex@1.2.1","is-shared-array-buffer@1.0.4","is-string@1.1.1","is-typed-array@1.1.15","is-weakref@1.1.1","jackspeak@3.4.3","object.assign@4.1.7","object.fromentries@2.0.8","own-keys@1.0.1","regexp.prototype.flags@1.5.4","safe-array-concat@1.1.3","safe-push-apply@1.0.0","safe-regex-test@1.1.0","set-proto@1.0.0","stop-iteration-iterator@1.1.0","string.prototype.trim@1.2.10","string.prototype.trimend@1.0.9","string.prototype.trimstart@1.0.8","typed-array-buffer@1.0.3","typed-array-byte-length@1.0.3","typed-array-byte-offset@1.0.4","typed-array-length@1.0.7","unbox-primitive@1.1.0","which-typed-array@1.1.20","eslint@8.57.1","eslint@8.57.1","call-bind-apply-helpers@1.0.2","eslint@8.57.1","for-each@0.3.5","get-intrinsic@1.3.0","set-function-length@1.2.2","define-data-property@1.1.4","eslint@8.57.1","has-property-descriptors@1.0.2","array-buffer-byte-length@1.0.2","array.prototype.flatmap@1.3.3","arraybuffer.prototype.slice@1.0.4","available-typed-arrays@1.0.7","call-bind@1.0.8","call-bound@1.0.4","data-view-buffer@1.0.2","data-view-byte-length@1.0.2","data-view-byte-offset@1.0.1","define-data-property@1.1.4","es-object-atoms@1.1.1","es-set-tostringtag@2.1.0","es-to-primitive@1.3.0","eslint@8.57.1","for-each@0.3.5","function.prototype.name@1.1.8","get-intrinsic@1.3.0","get-proto@1.0.1","get-symbol-description@1.1.0","glob@13.0.6","globalthis@1.0.4","has-property-descriptors@1.0.2","has-proto@1.2.0","hasown@2.0.3","internal-slot@1.1.0","is-array-buffer@3.0.5","is-bigint@1.1.0","is-core-module@2.16.2","is-data-view@1.0.2","is-regex@1.2.1","is-shared-array-buffer@1.0.4","is-string@1.1.1","is-typed-array@1.1.15","is-weakref@1.1.1","jackspeak@3.4.3","object.assign@4.1.7","object.fromentries@2.0.8","own-keys@1.0.1","regexp.prototype.flags@1.5.4","safe-array-concat@1.1.3","safe-push-apply@1.0.0","safe-regex-test@1.1.0","set-proto@1.0.0","stop-iteration-iterator@1.1.0","string.prototype.trim@1.2.10","string.prototype.trimend@1.0.9","string.prototype.trimstart@1.0.8","typed-array-buffer@1.0.3","typed-array-byte-length@1.0.3","typed-array-byte-offset@1.0.4","typed-array-length@1.0.7","unbox-primitive@1.1.0","which-typed-array@1.1.20","eslint@8.57.1","for-each@0.3.5","call-bind-apply-helpers@1.0.2","eslint@8.57.1","for-each@0.3.5","get-intrinsic@1.3.0","set-function-length@1.2.2","call-bind-apply-helpers@1.0.2","eslint@8.57.1","for-each@0.3.5","get-intrinsic@1.3.0","define-data-property@1.1.4","eslint@8.57.1","has-property-descriptors@1.0.2","eslint@8.57.1","eslint@8.57.1","eslint@8.57.1","@babel/core@7.29.7","@babel/code-frame@7.29.7","@babel/generator@7.29.7","@babel/helper-compilation-targets@7.29.7","@babel/helper-module-transforms@7.29.7","@babel/helpers@7.29.7","@babel/parser@7.29.7","@babel/plugin-transform-modules-commonjs@7.29.7","@babel/preset-env@7.29.7","@babel/preset-typescript@7.29.7","@babel/template@7.29.7","@babel/traverse@7.29.7","@babel/types@7.29.7","@jridgewell/remapping@2.3.5","@jridgewell/trace-mapping@0.3.31","@types/debug@4.1.13","debug@4.4.3","rimraf@6.1.3","@babel/core@7.29.7","@babel/traverse@7.29.7","@babel/types@7.29.7","@babel/core@7.29.7","@babel/generator@7.29.7","@babel/parser@7.29.7","@babel/template@7.29.7","@babel/types@7.29.7","@babel/preset-env@7.29.7","@babel/core@7.29.7","@babel/helper-define-polyfill-provider@0.6.8","@babel/plugin-transform-for-of@7.29.7","@babel/plugin-transform-modules-commonjs@7.29.7","@babel/core@7.29.7","@babel/helper-define-polyfill-provider@0.6.8","@babel/plugin-proposal-decorators@7.29.7","@babel/plugin-transform-class-properties@7.29.7","@babel/plugin-transform-classes@7.29.7","@babel/plugin-transform-for-of@7.29.7","@babel/plugin-transform-modules-commonjs@7.29.7","@babel/plugin-transform-runtime@7.29.7","@babel/plugin-transform-spread@7.29.7","core-js-compat@3.49.0","@babel/core@7.29.7","@babel/helper-define-polyfill-provider@0.6.8","@babel/plugin-transform-regenerator@7.29.7","@types/node@26.0.0","@babel/preset-env@7.29.7","@babel/preset-typescript@7.29.7","@types/jest@30.0.0","@types/node@26.0.0","@typescript-eslint/eslint-plugin@8.60.1","@typescript-eslint/parser@8.59.4","babel-jest@30.4.1","eslint-plugin-import@2.32.0","@babel/core@7.29.7","@babel/eslint-parser@7.28.6","@babel/core@7.29.7","@babel/eslint-parser@7.28.6","@babel/plugin-transform-react-jsx@7.28.6","@babel/preset-env@7.29.7","eslint@8.57.1","call-bind@1.0.8","call-bound@1.0.4","define-properties@1.2.1","es-object-atoms@1.1.1","eslint@8.57.1","rimraf@6.1.3","call-bind@1.0.8","call-bound@1.0.4","define-properties@1.2.1","es-abstract@1.24.1","es-object-atoms@1.1.1","eslint@8.57.1","get-intrinsic@1.3.0","is-string@1.1.1","call-bind@1.0.8","define-properties@1.2.1","es-abstract@1.24.1","es-shim-unscopables@1.1.0","eslint@8.57.1","for-each@0.3.5","@babel/core@7.29.7","@babel/preset-env@7.29.7","@types/node@26.0.0","@babel/core@7.29.7","@babel/eslint-parser@7.28.6","@babel/preset-env@7.29.7","babel-jest@30.4.1","eslint-plugin-import@2.32.0","eslint-plugin-jest@29.15.2","eslint@8.57.1","expect@30.4.1","jest@30.4.2","rimraf@6.1.3","chai@5.3.3","@babel/core@7.29.7","@babel/preset-env@7.29.7","esbuild@0.27.4","eslint@8.57.1","execa@5.1.1","glob@13.0.6","jsdom@26.1.0","lint-staged@17.0.5","parse5@7.3.0","recast@0.23.11","@babel/core@7.29.7","@babel/eslint-parser@7.28.6","@babel/plugin-transform-react-jsx@7.28.6","@babel/preset-env@7.29.7","eslint-plugin-import@2.32.0","eslint@8.57.1","expect@30.4.1","object.values@1.2.1","rimraf@6.1.3","@babel/core@7.29.7","@babel/preset-env@7.29.7","eslint-plugin-import@2.32.0","@babel/core@7.29.7","@babel/preset-env@7.29.7","@eslint-community/eslint-utils@4.9.1","@eslint/eslintrc@2.1.4","@humanwhocodes/config-array@0.13.0","@nodelib/fs.walk@1.2.8","@sinonjs/fake-timers@15.4.0","ajv@6.15.0","babel-loader@10.1.1","chai@5.3.3","chalk@4.1.2","cross-spawn@7.0.6","debug@4.4.3","doctrine@3.0.0","ejs@3.1.10","eslint-plugin-n@17.24.0","eslint-plugin-unicorn@56.0.1","eslint-scope@7.2.2","eslint@8.57.1","espree@9.6.1","esquery@1.7.0","fast-glob@3.3.3","file-entry-cache@6.0.1","find-up@5.0.0","glob-parent@6.0.2","glob@13.0.6","globals@13.24.0","got@11.8.6","is-glob@4.0.3","js-yaml@4.1.1","levn@0.4.1","lint-staged@17.0.5","markdown-it@14.1.1","memfs@4.57.2","minimatch@3.1.5","optionator@0.9.4","recast@0.23.11","strip-ansi@6.0.1","webpack-cli@7.0.2","webpack@5.107.1","chai@5.3.3","espree@10.4.0","eslint@8.57.1","jackspeak@3.4.3","@babel/core@7.29.7","@babel/eslint-parser@7.28.6","@babel/parser@7.29.7","call-bind@1.0.8","call-bound@1.0.4","define-properties@1.2.1","es-abstract@1.24.1","es-object-atoms@1.1.1","eslint@8.57.1","get-intrinsic@1.3.0","is-string@1.1.1","call-bind@1.0.8","define-properties@1.2.1","es-abstract@1.24.1","es-shim-unscopables@1.1.0","eslint@8.57.1","babel-jest@30.4.1","eslint-plugin-import@2.32.0","eslint@8.57.1","jest-cli@30.4.2","jest@30.4.2","call-bind@1.0.8","call-bound@1.0.4","define-properties@1.2.1","es-object-atoms@1.1.1","eslint@8.57.1","for-each@0.3.5","hasown@2.0.3","object.entries@1.1.9","object.fromentries@2.0.8","call-bind@1.0.8","call-bound@1.0.4","define-properties@1.2.1","es-object-atoms@1.1.1","eslint@8.57.1","rimraf@6.1.3","@babel/preset-env@7.29.7","eslint@8.57.1","rimraf@6.1.3","brace-expansion@1.1.13","object.assign@4.1.7","object.entries@1.1.9","call-bind@1.0.8","define-properties@1.2.1","es-abstract@1.24.1","es-object-atoms@1.1.1","eslint@8.57.1","rimraf@6.1.3","call-bound@1.0.4","eslint@8.57.1","for-each@0.3.5","is-regex@1.2.1","call-bind-apply-helpers@1.0.2","eslint@8.57.1","for-each@0.3.5","get-intrinsic@1.3.0","set-function-length@1.2.2","define-data-property@1.1.4","eslint@8.57.1","has-property-descriptors@1.0.2","array-buffer-byte-length@1.0.2","array.prototype.flatmap@1.3.3","arraybuffer.prototype.slice@1.0.4","available-typed-arrays@1.0.7","call-bind@1.0.8","call-bound@1.0.4","data-view-buffer@1.0.2","data-view-byte-length@1.0.2","data-view-byte-offset@1.0.1","define-data-property@1.1.4","es-object-atoms@1.1.1","es-set-tostringtag@2.1.0","es-to-primitive@1.3.0","eslint@8.57.1","for-each@0.3.5","function.prototype.name@1.1.8","get-intrinsic@1.3.0","get-proto@1.0.1","get-symbol-description@1.1.0","glob@13.0.6","globalthis@1.0.4","has-property-descriptors@1.0.2","has-proto@1.2.0","hasown@2.0.3","internal-slot@1.1.0","is-array-buffer@3.0.5","is-bigint@1.1.0","is-core-module@2.16.2","is-data-view@1.0.2","is-regex@1.2.1","is-shared-array-buffer@1.0.4","is-string@1.1.1","is-typed-array@1.1.15","is-weakref@1.1.1","jackspeak@3.4.3","object.assign@4.1.7","object.fromentries@2.0.8","own-keys@1.0.1","regexp.prototype.flags@1.5.4","safe-array-concat@1.1.3","safe-push-apply@1.0.0","safe-regex-test@1.1.0","set-proto@1.0.0","stop-iteration-iterator@1.1.0","string.prototype.trim@1.2.10","string.prototype.trimend@1.0.9","string.prototype.trimstart@1.0.8","typed-array-buffer@1.0.3","typed-array-byte-length@1.0.3","typed-array-byte-offset@1.0.4","typed-array-length@1.0.7","unbox-primitive@1.1.0","which-typed-array@1.1.20","eslint@8.57.1","@babel/code-frame@7.29.7","@babel/generator@7.29.7","@babel/helper-compilation-targets@7.29.7","@babel/helper-module-transforms@7.29.7","@babel/helpers@7.29.7","@babel/parser@7.29.7","@babel/plugin-transform-modules-commonjs@7.29.7","@babel/preset-env@7.29.7","@babel/preset-typescript@7.29.7","@babel/template@7.29.7","@babel/traverse@7.29.7","@babel/types@7.29.7","@jridgewell/remapping@2.3.5","@jridgewell/trace-mapping@0.3.31","@types/debug@4.1.13","debug@4.4.3","rimraf@6.1.3","@babel/eslint-parser@7.28.6","@babel/code-frame@7.29.7","@babel/types@7.29.7","@babel/preset-typescript@7.29.7","@babel/types@7.29.7","@types/node@26.0.0","@babel/core@7.29.7","@babel/preset-env@7.29.7","@eslint-community/eslint-utils@4.9.1","@eslint/eslintrc@2.1.4","@humanwhocodes/config-array@0.13.0","@nodelib/fs.walk@1.2.8","@sinonjs/fake-timers@15.4.0","ajv@6.15.0","babel-loader@10.1.1","chai@5.3.3","chalk@4.1.2","cross-spawn@7.0.6","debug@4.4.3","doctrine@3.0.0","ejs@3.1.10","eslint-plugin-n@17.24.0","eslint-plugin-unicorn@56.0.1","eslint-scope@7.2.2","eslint@8.57.1","espree@9.6.1","esquery@1.7.0","fast-glob@3.3.3","file-entry-cache@6.0.1","find-up@5.0.0","glob-parent@6.0.2","glob@13.0.6","globals@13.24.0","got@11.8.6","is-glob@4.0.3","js-yaml@4.1.1","levn@0.4.1","lint-staged@17.0.5","markdown-it@14.1.1","memfs@4.57.2","minimatch@3.1.5","optionator@0.9.4","recast@0.23.11","strip-ansi@6.0.1","webpack-cli@7.0.2","webpack@5.107.1","@babel/generator@7.29.7","@babel/parser@7.29.7","@babel/types@7.29.7","espree@10.4.0","jest@30.4.2","@types/node@26.0.0","@typescript-eslint/eslint-plugin@8.60.1","@typescript-eslint/parser@8.59.4","eslint-plugin-import@2.32.0","eslint@8.57.1","lint-staged@17.0.5","vitest@4.1.8","@babel/core@7.29.7","@babel/eslint-parser@7.28.6","@babel/code-frame@7.29.7","@babel/generator@7.29.7","@babel/helper-compilation-targets@7.29.7","@babel/helper-module-transforms@7.29.7","@babel/helpers@7.29.7","@babel/parser@7.29.7","@babel/plugin-transform-modules-commonjs@7.29.7","@babel/preset-env@7.29.7","@babel/preset-typescript@7.29.7","@babel/template@7.29.7","@babel/traverse@7.29.7","@babel/types@7.29.7","@jridgewell/remapping@2.3.5","@jridgewell/trace-mapping@0.3.31","@types/debug@4.1.13","debug@4.4.3","rimraf@6.1.3","@babel/core@7.29.7","@babel/preset-react@7.28.5","@types/node@26.0.0","@typescript-eslint/parser@8.59.4","call-bind@1.0.8","call-bound@1.0.4","define-properties@1.2.1","es-abstract@1.24.1","es-object-atoms@1.1.1","eslint@8.57.1","get-intrinsic@1.3.0","is-string@1.1.1","call-bind-apply-helpers@1.0.2","eslint@8.57.1","for-each@0.3.5","get-intrinsic@1.3.0","set-function-length@1.2.2","define-data-property@1.1.4","eslint@8.57.1","has-property-descriptors@1.0.2","array-buffer-byte-length@1.0.2","array.prototype.flatmap@1.3.3","arraybuffer.prototype.slice@1.0.4","available-typed-arrays@1.0.7","call-bind@1.0.8","call-bound@1.0.4","data-view-buffer@1.0.2","data-view-byte-length@1.0.2","data-view-byte-offset@1.0.1","define-data-property@1.1.4","es-object-atoms@1.1.1","es-set-tostringtag@2.1.0","es-to-primitive@1.3.0","eslint@8.57.1","for-each@0.3.5","function.prototype.name@1.1.8","get-intrinsic@1.3.0","get-proto@1.0.1","get-symbol-description@1.1.0","glob@13.0.6","globalthis@1.0.4","has-property-descriptors@1.0.2","has-proto@1.2.0","hasown@2.0.3","internal-slot@1.1.0","is-array-buffer@3.0.5","is-bigint@1.1.0","is-core-module@2.16.2","is-data-view@1.0.2","is-regex@1.2.1","is-shared-array-buffer@1.0.4","is-string@1.1.1","is-typed-array@1.1.15","is-weakref@1.1.1","jackspeak@3.4.3","object.assign@4.1.7","object.fromentries@2.0.8","own-keys@1.0.1","regexp.prototype.flags@1.5.4","safe-array-concat@1.1.3","safe-push-apply@1.0.0","safe-regex-test@1.1.0","set-proto@1.0.0","stop-iteration-iterator@1.1.0","string.prototype.trim@1.2.10","string.prototype.trimend@1.0.9","string.prototype.trimstart@1.0.8","typed-array-buffer@1.0.3","typed-array-byte-length@1.0.3","typed-array-byte-offset@1.0.4","typed-array-length@1.0.7","unbox-primitive@1.1.0","which-typed-array@1.1.20","eslint@8.57.1","eslint@8.57.1","eslint@8.57.1","for-each@0.3.5","hasown@2.0.3","eslint@8.57.1","for-each@0.3.5","globalthis@1.0.4","hasown@2.0.3","call-bind@1.0.8","define-properties@1.2.1","es-abstract@1.24.1","es-shim-unscopables@1.1.0","eslint@8.57.1","for-each@0.3.5","call-bind-apply-helpers@1.0.2","eslint@8.57.1","for-each@0.3.5","get-intrinsic@1.3.0","set-function-length@1.2.2","define-data-property@1.1.4","eslint@8.57.1","has-property-descriptors@1.0.2","array-buffer-byte-length@1.0.2","array.prototype.flatmap@1.3.3","arraybuffer.prototype.slice@1.0.4","available-typed-arrays@1.0.7","call-bind@1.0.8","call-bound@1.0.4","data-view-buffer@1.0.2","data-view-byte-length@1.0.2","data-view-byte-offset@1.0.1","define-data-property@1.1.4","es-object-atoms@1.1.1","es-set-tostringtag@2.1.0","es-to-primitive@1.3.0","eslint@8.57.1","for-each@0.3.5","function.prototype.name@1.1.8","get-intrinsic@1.3.0","get-proto@1.0.1","get-symbol-description@1.1.0","glob@13.0.6","globalthis@1.0.4","has-property-descriptors@1.0.2","has-proto@1.2.0","hasown@2.0.3","internal-slot@1.1.0","is-array-buffer@3.0.5","is-bigint@1.1.0","is-core-module@2.16.2","is-data-view@1.0.2","is-regex@1.2.1","is-shared-array-buffer@1.0.4","is-string@1.1.1","is-typed-array@1.1.15","is-weakref@1.1.1","jackspeak@3.4.3","object.assign@4.1.7","object.fromentries@2.0.8","own-keys@1.0.1","regexp.prototype.flags@1.5.4","safe-array-concat@1.1.3","safe-push-apply@1.0.0","safe-regex-test@1.1.0","set-proto@1.0.0","stop-iteration-iterator@1.1.0","string.prototype.trim@1.2.10","string.prototype.trimend@1.0.9","string.prototype.trimstart@1.0.8","typed-array-buffer@1.0.3","typed-array-byte-length@1.0.3","typed-array-byte-offset@1.0.4","typed-array-length@1.0.7","unbox-primitive@1.1.0","which-typed-array@1.1.20","eslint@8.57.1","eslint@8.57.1","for-each@0.3.5","hasown@2.0.3","eslint@8.57.1","hasown@2.0.3","eslint@8.57.1","call-bind-apply-helpers@1.0.2","eslint@8.57.1","for-each@0.3.5","get-intrinsic@1.3.0","set-function-length@1.2.2","call-bind-apply-helpers@1.0.2","eslint@8.57.1","for-each@0.3.5","get-intrinsic@1.3.0","define-data-property@1.1.4","eslint@8.57.1","has-property-descriptors@1.0.2","array-buffer-byte-length@1.0.2","array.prototype.flatmap@1.3.3","arraybuffer.prototype.slice@1.0.4","available-typed-arrays@1.0.7","call-bind@1.0.8","call-bound@1.0.4","data-view-buffer@1.0.2","data-view-byte-length@1.0.2","data-view-byte-offset@1.0.1","define-data-property@1.1.4","es-object-atoms@1.1.1","es-set-tostringtag@2.1.0","es-to-primitive@1.3.0","eslint@8.57.1","for-each@0.3.5","function.prototype.name@1.1.8","get-intrinsic@1.3.0","get-proto@1.0.1","get-symbol-description@1.1.0","glob@13.0.6","globalthis@1.0.4","has-property-descriptors@1.0.2","has-proto@1.2.0","hasown@2.0.3","internal-slot@1.1.0","is-array-buffer@3.0.5","is-bigint@1.1.0","is-core-module@2.16.2","is-data-view@1.0.2","is-regex@1.2.1","is-shared-array-buffer@1.0.4","is-string@1.1.1","is-typed-array@1.1.15","is-weakref@1.1.1","jackspeak@3.4.3","object.assign@4.1.7","object.fromentries@2.0.8","own-keys@1.0.1","regexp.prototype.flags@1.5.4","safe-array-concat@1.1.3","safe-push-apply@1.0.0","safe-regex-test@1.1.0","set-proto@1.0.0","stop-iteration-iterator@1.1.0","string.prototype.trim@1.2.10","string.prototype.trimend@1.0.9","string.prototype.trimstart@1.0.8","typed-array-buffer@1.0.3","typed-array-byte-length@1.0.3","typed-array-byte-offset@1.0.4","typed-array-length@1.0.7","unbox-primitive@1.1.0","which-typed-array@1.1.20","eslint@8.57.1","eslint@8.57.1","get-intrinsic@1.3.0","has-tostringtag@1.0.2","hasown@2.0.3","eslint-plugin-import@2.32.0","eslint@8.57.1","for-each@0.3.5","eslint@8.57.1","call-bind-apply-helpers@1.0.2","call-bound@1.0.4","es-abstract@1.24.1","es-object-atoms@1.1.1","eslint@8.57.1","for-each@0.3.5","get-proto@1.0.1","hasown@2.0.3","define-properties@1.2.1","eslint@8.57.1","for-each@0.3.5","eslint@8.57.1","eslint@8.57.1","dunder-proto@1.0.1","eslint@8.57.1","reflect.getprototypeof@1.0.10","eslint@8.57.1","has-tostringtag@1.0.2","eslint@8.57.1","for-each@0.3.5","hasown@2.0.3","side-channel@1.1.0","eslint@8.57.1","for-each@0.3.5","hasown@2.0.3","eslint@8.57.1","eslint@8.57.1","call-bind-apply-helpers@1.0.2","call-bound@1.0.4","es-abstract@1.24.1","es-object-atoms@1.1.1","eslint@8.57.1","for-each@0.3.5","get-proto@1.0.1","hasown@2.0.3","dunder-proto@1.0.1","es-object-atoms@1.1.1","eslint@8.57.1","eslint@8.57.1","define-data-property@1.1.4","eslint@8.57.1","for-each@0.3.5","function.prototype.name@1.1.8","has-property-descriptors@1.0.2","call-bind@1.0.8","call-bound@1.0.4","eslint@8.57.1","get-intrinsic@1.3.0","set-function-length@1.2.2","eslint-plugin-import@2.32.0","@typescript-eslint/parser@8.59.4","chai@5.3.3","eslint@8.57.1","espree@10.4.0","esrecurse@4.3.0","rollup@4.60.1","@babel/core@7.29.7","@babel/preset-env@7.29.7","@eslint-community/eslint-utils@4.9.1","@eslint/eslintrc@2.1.4","@humanwhocodes/config-array@0.13.0","@nodelib/fs.walk@1.2.8","@sinonjs/fake-timers@15.4.0","ajv@6.15.0","babel-loader@10.1.1","chai@5.3.3","chalk@4.1.2","cross-spawn@7.0.6","debug@4.4.3","doctrine@3.0.0","ejs@3.1.10","eslint-plugin-n@17.24.0","eslint-plugin-unicorn@56.0.1","eslint-scope@7.2.2","eslint@8.57.1","espree@9.6.1","esquery@1.7.0","fast-glob@3.3.3","file-entry-cache@6.0.1","find-up@5.0.0","glob-parent@6.0.2","glob@13.0.6","globals@13.24.0","got@11.8.6","is-glob@4.0.3","js-yaml@4.1.1","levn@0.4.1","lint-staged@17.0.5","markdown-it@14.1.1","memfs@4.57.2","minimatch@3.1.5","optionator@0.9.4","recast@0.23.11","strip-ansi@6.0.1","webpack-cli@7.0.2","webpack@5.107.1","espree@10.4.0","chai@5.3.3","espree@10.4.0","glob@13.0.6","eslint@8.57.1","jackspeak@3.4.3","@babel/core@7.29.7","@babel/eslint-parser@7.28.6","@babel/parser@7.29.7","array-includes@3.1.9","array.prototype.flat@1.3.3","babel-jest@30.4.1","eslint-plugin-import@2.32.0","eslint@8.57.1","jest-cli@30.4.2","jest@30.4.2","object.assign@4.1.7","object.entries@1.1.9","object.fromentries@2.0.8","object.values@1.2.1","rimraf@6.1.3","brace-expansion@1.1.13","call-bind@1.0.8","call-bound@1.0.4","define-properties@1.2.1","es-object-atoms@1.1.1","eslint@8.57.1","call-bind@1.0.8","define-properties@1.2.1","es-abstract@1.24.1","es-object-atoms@1.1.1","eslint@8.57.1","call-bind@1.0.8","call-bound@1.0.4","define-properties@1.2.1","es-object-atoms@1.1.1","eslint@8.57.1","babel-jest@30.4.1","eslint@8.57.1","jest@30.4.2","loose-envify@1.4.0","eslint@8.57.1","eslint@8.57.1","hasown@2.0.3","rimraf@6.1.3","eslint@8.57.1","call-bind-apply-helpers@1.0.2","eslint@8.57.1","for-each@0.3.5","get-intrinsic@1.3.0","set-function-length@1.2.2","call-bind-apply-helpers@1.0.2","eslint@8.57.1","for-each@0.3.5","get-intrinsic@1.3.0","define-data-property@1.1.4","eslint@8.57.1","has-property-descriptors@1.0.2","array-buffer-byte-length@1.0.2","array.prototype.flatmap@1.3.3","arraybuffer.prototype.slice@1.0.4","available-typed-arrays@1.0.7","call-bind@1.0.8","call-bound@1.0.4","data-view-buffer@1.0.2","data-view-byte-length@1.0.2","data-view-byte-offset@1.0.1","define-data-property@1.1.4","es-object-atoms@1.1.1","es-set-tostringtag@2.1.0","es-to-primitive@1.3.0","eslint@8.57.1","for-each@0.3.5","function.prototype.name@1.1.8","get-intrinsic@1.3.0","get-proto@1.0.1","get-symbol-description@1.1.0","glob@13.0.6","globalthis@1.0.4","has-property-descriptors@1.0.2","has-proto@1.2.0","hasown@2.0.3","internal-slot@1.1.0","is-array-buffer@3.0.5","is-bigint@1.1.0","is-core-module@2.16.2","is-data-view@1.0.2","is-regex@1.2.1","is-shared-array-buffer@1.0.4","is-string@1.1.1","is-typed-array@1.1.15","is-weakref@1.1.1","jackspeak@3.4.3","object.assign@4.1.7","object.fromentries@2.0.8","own-keys@1.0.1","regexp.prototype.flags@1.5.4","safe-array-concat@1.1.3","safe-push-apply@1.0.0","safe-regex-test@1.1.0","set-proto@1.0.0","stop-iteration-iterator@1.1.0","string.prototype.trim@1.2.10","string.prototype.trimend@1.0.9","string.prototype.trimstart@1.0.8","typed-array-buffer@1.0.3","typed-array-byte-length@1.0.3","typed-array-byte-offset@1.0.4","typed-array-length@1.0.7","unbox-primitive@1.1.0","which-typed-array@1.1.20","eslint@8.57.1","eslint@8.57.1","eslint@8.57.1","for-each@0.3.5","call-bind-apply-helpers@1.0.2","call-bound@1.0.4","es-abstract@1.24.1","es-object-atoms@1.1.1","eslint@8.57.1","for-each@0.3.5","get-proto@1.0.1","hasown@2.0.3","eslint@8.57.1","eslint@8.57.1","eslint@8.57.1","for-each@0.3.5","hasown@2.0.3","side-channel@1.1.0","object.assign@4.1.7","object.entries@1.1.9","call-bind@1.0.8","define-properties@1.2.1","eslint@8.57.1","for-each@0.3.5","get-proto@1.0.1","hasown@2.0.3","set-function-name@2.0.2","define-data-property@1.1.4","eslint@8.57.1","for-each@0.3.5","function.prototype.name@1.1.8","has-property-descriptors@1.0.2","eslint@8.57.1","side-channel-list@1.0.0","side-channel-map@1.0.1","side-channel-weakmap@1.0.2","define-properties@1.2.1","es-abstract@1.24.1","eslint@8.57.1","glob@13.0.6","jest@30.4.2","rimraf@6.1.3","rollup@4.60.1","rxjs@7.8.2","rimraf@6.1.3","call-bind-apply-helpers@1.0.2","eslint@8.57.1","for-each@0.3.5","get-intrinsic@1.3.0","set-function-length@1.2.2","call-bind-apply-helpers@1.0.2","eslint@8.57.1","for-each@0.3.5","get-intrinsic@1.3.0","define-data-property@1.1.4","eslint@8.57.1","has-property-descriptors@1.0.2","eslint@8.57.1","eslint@8.57.1","@types/jest@30.0.0","@types/node@26.0.0","jest@30.4.2","babel-plugin-istanbul@7.0.1","eslint-plugin-import@2.32.0","eslint@8.57.1","eslint@8.57.1","rollup@4.60.1","lint-staged@17.0.5","eslint@8.57.1","rimraf@6.1.3","eslint@8.57.1","import-fresh@3.3.1","rimraf@6.1.3","import-fresh@3.3.1","rimraf@6.1.3","rimraf@6.1.3","@types/node@26.0.0","lint-staged@17.0.5","is-nan@1.3.2","@babel/core@7.29.7","@babel/preset-env@7.29.7","assert@2.1.0","bl@4.1.0","glob@13.0.6","end-of-stream@1.4.5","once@1.4.0","rimraf@6.1.3","end-of-stream@1.4.5","once@1.4.0","rimraf@6.1.3","end-of-stream@1.4.5","events-universal@1.0.1","text-decoder@1.2.7","end-of-stream@1.4.5","events-universal@1.0.1","text-decoder@1.2.7","end-of-stream@1.4.5","@types/node@26.0.0","@types/node@26.0.0","esbuild@0.27.4","memfs@4.57.2","@types/node@26.0.0","brace-expansion@5.0.6","typedoc@0.28.19","@types/node@26.0.0","once@1.4.0","typedoc@0.28.19","@nodelib/fs.scandir@2.1.5","fastq@1.20.1","@types/node@26.0.0","@types/node@26.0.0","esbuild@0.27.4","typedoc@0.28.19","@types/node@26.0.0","end-of-stream@1.4.5","typedoc@0.28.19","rimraf@6.1.3","typedoc@0.28.19","rimraf@6.1.3","typedoc@0.28.19","@types/node@26.0.0","typedoc@0.28.19","@types/node@26.0.0","typedoc@0.28.19","@types/hast@3.0.4","@types/node@26.0.0","@types/hast@3.0.4","@types/hast@3.0.4","@types/node@26.0.0","@types/node@26.0.0","@types/node@26.0.0","rollup@4.60.1","@shikijs/core@2.5.0","@shikijs/engine-javascript@2.5.0","@shikijs/engine-oniguruma@2.5.0","@shikijs/langs@2.5.0","@shikijs/themes@2.5.0","@shikijs/types@2.5.0","@types/hast@3.0.4","@types/node@26.0.0","esbuild@0.27.4","eslint@8.57.1","chai@5.3.3","eslint@8.57.1","chai@5.3.3","eslint@8.57.1","express@5.2.1","jest-worker@30.4.1","linkify-it@5.0.0","rollup@4.60.1","@types/node@26.0.0","brace-expansion@5.0.6","typedoc@0.28.19","@types/chai@5.2.3","@types/node@26.0.0","@typescript-eslint/type-utils@8.60.1","@typescript-eslint/utils@8.60.1","chai@5.3.3","chokidar@3.6.0","esbuild@0.27.4","eslint@8.57.1","glob@13.0.6","knip@6.16.0","playwright@1.60.0","source-map-support@0.5.21","which@5.0.0","@babel/core@7.29.7","@babel/plugin-transform-typescript@7.29.7","@babel/preset-env@7.29.7","@types/jest@30.0.0","@types/node@26.0.0","babel-jest@30.4.1","eslint@8.57.1","jest-resolve@30.4.1","jest@30.4.2","rollup@4.60.1","@types/node@26.0.0","rollup@4.60.1","eslint@8.57.1","fill-range@7.1.1","@rollup/pluginutils@5.4.0","@types/node@26.0.0","chokidar@3.6.0","eslint-plugin-unicorn@56.0.1","eslint@8.57.1","fs-extra@10.1.0","is-reference@3.0.3","lint-staged@17.0.5","magic-string@0.30.21","memfs@4.57.2","rollup@4.60.1","source-map-support@0.5.21","terser@5.48.0","vite@8.0.16","vitepress@1.6.4","vue@3.5.31","@types/node@26.0.0","@types/node@26.0.0","eslint@8.57.1","fill-range@7.1.1","to-regex-range@5.0.1","chai@5.3.3","eslint@8.57.1","eslint@8.57.1","expect@30.4.1","@types/node@26.0.0","chai@5.3.3","eslint@8.57.1","eslint@8.57.1","fill-range@7.1.1","rimraf@6.1.3","rimraf@6.1.3","@babel/core@7.29.7","@babel/preset-env@7.29.7","@eslint-community/eslint-utils@4.9.1","@eslint/eslintrc@2.1.4","@humanwhocodes/config-array@0.13.0","@nodelib/fs.walk@1.2.8","@sinonjs/fake-timers@15.4.0","ajv@6.15.0","babel-loader@10.1.1","chai@5.3.3","chalk@4.1.2","cross-spawn@7.0.6","debug@4.4.3","doctrine@3.0.0","ejs@3.1.10","eslint-plugin-n@17.24.0","eslint-plugin-unicorn@56.0.1","eslint-scope@7.2.2","eslint@8.57.1","espree@9.6.1","esquery@1.7.0","fast-glob@3.3.3","file-entry-cache@6.0.1","find-up@5.0.0","glob-parent@6.0.2","glob@13.0.6","globals@13.24.0","got@11.8.6","is-glob@4.0.3","js-yaml@4.1.1","levn@0.4.1","lint-staged@17.0.5","markdown-it@14.1.1","memfs@4.57.2","minimatch@3.1.5","optionator@0.9.4","recast@0.23.11","strip-ansi@6.0.1","webpack-cli@7.0.2","webpack@5.107.1","@types/node@26.0.0","strip-ansi@7.2.0","@babel/core@7.29.7","@babel/eslint-parser@7.28.6","@typescript-eslint/parser@8.59.4","dot-prop@10.1.0","eslint@8.57.1","knip@6.16.0","rimraf@6.1.3","rollup@4.60.1","vitepress@1.6.4","ajv@6.15.0","chai@5.3.3","debug@4.4.3","eslint@8.57.1","espree@9.6.1","globals@13.24.0","import-fresh@3.3.1","js-yaml@4.1.1","minimatch@3.1.5","rollup@4.60.1","@typescript-eslint/parser@8.59.4","@types/node@26.0.0","execa@5.1.1","@types/node@26.0.0","ansi-escapes@7.3.0","cli-cursor@5.0.0","slice-ansi@7.1.2","strip-ansi@7.2.0","wcwidth@1.0.1","wrap-ansi@9.0.2","update-browserslist-db@1.2.3","@types/node@26.0.0","@babel/core@7.29.7","@babel/preset-env@7.29.7","@eslint-community/eslint-utils@4.9.1","@eslint/eslintrc@2.1.4","@humanwhocodes/config-array@0.13.0","@nodelib/fs.walk@1.2.8","@sinonjs/fake-timers@15.4.0","ajv@6.15.0","babel-loader@10.1.1","chai@5.3.3","chalk@4.1.2","cross-spawn@7.0.6","debug@4.4.3","doctrine@3.0.0","ejs@3.1.10","eslint-plugin-n@17.24.0","eslint-plugin-unicorn@56.0.1","eslint-scope@7.2.2","eslint@8.57.1","espree@9.6.1","esquery@1.7.0","fast-glob@3.3.3","file-entry-cache@6.0.1","find-up@5.0.0","glob-parent@6.0.2","glob@13.0.6","globals@13.24.0","got@11.8.6","is-glob@4.0.3","js-yaml@4.1.1","levn@0.4.1","lint-staged@17.0.5","markdown-it@14.1.1","memfs@4.57.2","minimatch@3.1.5","optionator@0.9.4","recast@0.23.11","strip-ansi@6.0.1","webpack-cli@7.0.2","webpack@5.107.1","@typescript-eslint/parser@8.59.4","esquery@1.7.0","rollup@4.60.1","rollup@4.60.1","@babel/core@7.29.7","@babel/preset-env@7.29.7","chai@5.3.3","eslint@8.57.1","rollup@4.60.1","execa@5.1.1","eslint-plugin-jest@29.15.2","execa@5.1.1","type-fest@5.5.0","chai@5.3.3","time-span@5.1.0","time-span@5.1.0","eslint@8.57.1","is-core-module@2.16.2","rimraf@6.1.3","@babel/code-frame@7.29.7","error-ex@1.3.4","@typescript-eslint/eslint-plugin@8.60.1","@typescript-eslint/parser@8.59.4","@typescript-eslint/eslint-plugin@8.60.1","@typescript-eslint/parser@8.59.4","eslint@8.57.1","jest-cli@30.4.2","eslint@8.57.1","eslint@8.57.1","fs-extra@10.1.0","lint-staged@17.0.5","eslint@8.57.1","rollup@4.60.1","webpack@5.107.1","source-map-support@0.5.21","vitest@4.1.8","@types/jest@30.0.0","@types/node@26.0.0","jest@30.4.2","rimraf@6.1.3","@types/jest@30.0.0","@types/node@26.0.0","jest@30.4.2","rimraf@6.1.3","@types/jest@30.0.0","@types/node@26.0.0","jest@30.4.2","rimraf@6.1.3","@types/jest@30.0.0","jest@30.4.2","rimraf@6.1.3","@jsonjoy.com/fs-node-utils@4.57.2","@types/jest@30.0.0","@types/node@26.0.0","jest@30.4.2","rimraf@6.1.3","@types/jest@30.0.0","@types/node@26.0.0","jest@30.4.2","rimraf@6.1.3","@types/jest@30.0.0","@types/node@26.0.0","jest@30.4.2","rimraf@6.1.3","@types/jest@30.0.0","@types/node@26.0.0","jest@30.4.2","rimraf@6.1.3","@types/jest@30.0.0","jest@30.4.2","rimraf@6.1.3","@types/jest@30.0.0","@types/node@26.0.0","jest@30.4.2","rimraf@6.1.3","@jsonjoy.com/fs-core@4.57.2","@jsonjoy.com/fs-node-utils@4.57.2","@types/jest@30.0.0","@types/node@26.0.0","jest@30.4.2","rimraf@6.1.3","@types/jest@30.0.0","@types/node@26.0.0","jest@30.4.2","rimraf@6.1.3","@types/jest@30.0.0","@types/node@26.0.0","jest@30.4.2","rimraf@6.1.3","@jsonjoy.com/fs-core@4.57.2","@jsonjoy.com/fs-node-utils@4.57.2","@jsonjoy.com/fs-print@4.57.2","@jsonjoy.com/fs-snapshot@4.57.2","@types/jest@30.0.0","@types/node@26.0.0","jest@30.4.2","rimraf@6.1.3","@types/jest@30.0.0","@types/node@26.0.0","jest@30.4.2","memfs@4.57.2","rimraf@6.1.3","@types/jest@30.0.0","@types/node@26.0.0","jest@30.4.2","rimraf@6.1.3","@types/jest@30.0.0","@types/node@26.0.0","jest@30.4.2","rimraf@6.1.3","@jsonjoy.com/fs-node-utils@4.57.2","@types/jest@30.0.0","@types/node@26.0.0","jest@30.4.2","rimraf@6.1.3","@types/jest@30.0.0","@types/node@26.0.0","jest@30.4.2","rimraf@6.1.3","@types/jest@30.0.0","@types/node@26.0.0","jest@30.4.2","rimraf@6.1.3","@jsonjoy.com/fs-node-utils@4.57.2","@types/jest@30.0.0","@types/node@26.0.0","jest@30.4.2","rimraf@6.1.3","@jsonjoy.com/fs-node-utils@4.57.2","@jsonjoy.com/json-pack@17.65.0","@jsonjoy.com/util@17.65.0","@types/jest@30.0.0","@types/node@26.0.0","jest@30.4.2","rimraf@6.1.3","@types/jest@30.0.0","@types/node@26.0.0","@vitest/coverage-v8@4.1.8","vitest@4.1.8","jest@30.4.2","rimraf@6.1.3","@types/jest@30.0.0","jest@30.4.2","rimraf@6.1.3","@types/jest@30.0.0","@types/node@26.0.0","jest@30.4.2","rimraf@6.1.3","@types/jest@30.0.0","@types/node@26.0.0","jest@30.4.2","rimraf@6.1.3","@types/jest@30.0.0","jest@30.4.2","@types/jest@30.0.0","@types/node@26.0.0","jest@30.4.2","rimraf@6.1.3","axios@1.16.0","@types/jest@30.0.0","jest@30.4.2","memfs@4.57.2","@types/jest@30.0.0","jest@30.4.2","rimraf@6.1.3","@types/jest@30.0.0","jest@30.4.2","@types/jest@30.0.0","@types/node@26.0.0","jest@30.4.2","rimraf@6.1.3","@types/jest@30.0.0","jest@30.4.2","rimraf@6.1.3","typedoc@0.28.19","@types/jest@30.0.0","jest@30.4.2","rimraf@6.1.3","typedoc@0.28.19","@types/jest@30.0.0","jest@30.4.2","rimraf@6.1.3","typedoc@0.28.19","@types/jest@30.0.0","jest@30.4.2","rimraf@6.1.3","typedoc@0.28.19","@types/jest@30.0.0","jest@30.4.2","rimraf@6.1.3","typedoc@0.28.19","@vitest/coverage-v8@4.1.8","vitest@4.1.8","@types/jest@30.0.0","jest@30.4.2","rimraf@6.1.3","typedoc@0.28.19","@types/jest@30.0.0","axios@1.16.0","@types/jest@30.0.0","jest@30.4.2","jest@30.4.2","memfs@4.57.2","rimraf@6.1.3","@types/jest@30.0.0","jest@30.4.2","rimraf@6.1.3","@types/jest@30.0.0","jest@30.4.2","typedoc@0.28.19","@types/jest@30.0.0","jest@30.4.2","rimraf@6.1.3","typedoc@0.28.19","@types/jest@30.0.0","jest@30.4.2","rimraf@6.1.3","typedoc@0.28.19","@types/jest@30.0.0","jest@30.4.2","rimraf@6.1.3","typedoc@0.28.19","@types/jest@30.0.0","@types/node@26.0.0","@babel/core@7.29.7","@babel/preset-env@7.29.7","call-bind-apply-helpers@1.0.2","eslint@8.57.1","for-each@0.3.5","get-intrinsic@1.3.0","set-function-length@1.2.2","call-bind-apply-helpers@1.0.2","eslint@8.57.1","for-each@0.3.5","get-intrinsic@1.3.0","set-function-length@1.2.2","define-data-property@1.1.4","eslint@8.57.1","has-property-descriptors@1.0.2","eslint@8.57.1","call-bind-apply-helpers@1.0.2","eslint@8.57.1","for-each@0.3.5","get-intrinsic@1.3.0","set-function-length@1.2.2","define-data-property@1.1.4","eslint@8.57.1","has-property-descriptors@1.0.2","eslint@8.57.1","call-bind-apply-helpers@1.0.2","eslint@8.57.1","for-each@0.3.5","get-intrinsic@1.3.0","set-function-length@1.2.2","call-bind-apply-helpers@1.0.2","eslint@8.57.1","for-each@0.3.5","get-intrinsic@1.3.0","define-data-property@1.1.4","eslint@8.57.1","has-property-descriptors@1.0.2","eslint@8.57.1","eslint@8.57.1","for-each@0.3.5","eslint@8.57.1","hasown@2.0.3","eslint@8.57.1","call-bind-apply-helpers@1.0.2","eslint@8.57.1","for-each@0.3.5","get-intrinsic@1.3.0","set-function-length@1.2.2","call-bind-apply-helpers@1.0.2","eslint@8.57.1","for-each@0.3.5","get-intrinsic@1.3.0","define-data-property@1.1.4","eslint@8.57.1","has-property-descriptors@1.0.2","eslint@8.57.1","eslint@8.57.1","is-arguments@1.2.0","is-generator-function@1.1.2","is-typed-array@1.1.15","object.assign@4.1.7","object.entries@1.1.9","which-typed-array@1.1.20","call-bind@1.0.8","define-properties@1.2.1","eslint@8.57.1","@vitest/coverage-v8@4.1.8","vitest@4.1.8","@types/node@26.0.0","css-loader@7.1.4","@types/node@26.0.0","@typescript-eslint/eslint-plugin@8.60.1","@typescript-eslint/parser@8.59.4","eslint@8.57.1","brace-expansion@1.1.13","time-span@5.1.0","tar-fs@3.1.2","typedoc@0.28.19","eslint@8.57.1","@types/jest@30.0.0","@types/node@26.0.0","jest@30.4.2","@types/jest@30.0.0","@types/node@26.0.0","jest@30.4.2","@types/jest@30.0.0","@types/node@26.0.0","jest@30.4.2","@types/jest@30.0.0","@types/node@26.0.0","jest@30.4.2","rimraf@6.1.3","rimraf@6.1.3","rimraf@6.1.3","rimraf@6.1.3","eslint@8.57.1","http-proxy@1.18.1","@types/jest@30.0.0","@types/node@26.0.0","@typescript-eslint/eslint-plugin@8.60.1","@typescript-eslint/parser@8.59.4","eslint-plugin-jest@29.15.2","eslint@8.57.1","jest@30.4.2","is-ci@4.1.0","lint-staged@17.0.5","@types/jest@30.0.0","@types/node@26.0.0","@types/jest@30.0.0","@types/node@26.0.0","jest@30.4.2","@types/jest@30.0.0","@types/node@26.0.0","jest@30.4.2","lower-case@2.0.2","rimraf@6.1.3","rimraf@6.1.3","jest@30.4.2","rimraf@6.1.3","chai@5.3.3","@jridgewell/source-map@0.3.11","eslint@8.57.1","rollup@4.60.1","source-map-support@0.5.21","jest@30.4.2","lint-staged@17.0.5","mini-css-extract-plugin@2.10.2","chai@5.3.3","@babel/core@7.29.7","@babel/preset-env@7.29.7","chai@5.3.3","@types/jest@30.0.0","@types/node@26.0.0","@typescript-eslint/eslint-plugin@8.60.1","@typescript-eslint/parser@8.59.4","@types/jest@30.0.0","@types/node@26.0.0","@typescript-eslint/eslint-plugin@8.60.1","@typescript-eslint/parser@8.59.4","eslint@8.57.1","jest@30.4.2","@types/jest@30.0.0","@types/node@26.0.0","@typescript-eslint/eslint-plugin@8.60.1","@typescript-eslint/parser@8.59.4","@typescript-eslint/eslint-plugin@8.60.1","@typescript-eslint/parser@8.59.4","eslint@8.57.1","eslint@8.57.1","htmlparser2@10.1.0","jest@30.4.2","@types/jest@30.0.0","@types/node@26.0.0","@typescript-eslint/eslint-plugin@8.60.1","@typescript-eslint/parser@8.59.4","@types/jest@30.0.0","@types/node@26.0.0","@typescript-eslint/eslint-plugin@8.60.1","@typescript-eslint/parser@8.59.4","@typescript-eslint/eslint-plugin@8.60.1","@typescript-eslint/parser@8.59.4","eslint@8.57.1","@types/jest@30.0.0","@types/node@26.0.0","@typescript-eslint/eslint-plugin@8.60.1","@typescript-eslint/parser@8.59.4","eslint@8.57.1","htmlparser2@10.1.0","jest@30.4.2","@types/jest@30.0.0","@types/node@26.0.0","@typescript-eslint/eslint-plugin@8.60.1","@typescript-eslint/parser@8.59.4","eslint@8.57.1","jest@30.4.2","eslint@8.57.1","htmlparser2@10.1.0","jest@30.4.2","@typescript-eslint/eslint-plugin@8.60.1","@typescript-eslint/parser@8.59.4","eslint@8.57.1","@types/jest@30.0.0","@types/node@26.0.0","@typescript-eslint/eslint-plugin@8.60.1","@typescript-eslint/parser@8.59.4","eslint@8.57.1","htmlparser2@10.1.0","jest@30.4.2","eslint@8.57.1","htmlparser2@10.1.0","jest@30.4.2","typedoc@0.28.19","eslint@8.57.1","htmlparser2@10.1.0","jest@30.4.2","@types/jest@30.0.0","@types/node@26.0.0","@typescript-eslint/eslint-plugin@8.60.1","@typescript-eslint/parser@8.59.4","eslint@8.57.1","jest@30.4.2","chai@5.3.3","@types/jest@30.0.0","@types/node@26.0.0","@typescript-eslint/eslint-plugin@8.60.1","@typescript-eslint/parser@8.59.4","@typescript-eslint/eslint-plugin@8.60.1","@typescript-eslint/parser@8.59.4","eslint@8.57.1","@types/jest@30.0.0","@types/node@26.0.0","@typescript-eslint/eslint-plugin@8.60.1","@typescript-eslint/parser@8.59.4","eslint@8.57.1","htmlparser2@10.1.0","jest@30.4.2","@types/jest@30.0.0","@types/node@26.0.0","@typescript-eslint/eslint-plugin@8.60.1","@typescript-eslint/parser@8.59.4","dom-serializer@1.4.1","domhandler@4.3.1","eslint@8.57.1","htmlparser2@10.1.0","jest@30.4.2","typedoc@0.28.19","@types/jest@30.0.0","@types/node@26.0.0","@typescript-eslint/eslint-plugin@8.60.1","@typescript-eslint/parser@8.59.4","eslint@8.57.1","jest@30.4.2","eslint@8.57.1","jest@30.4.2","raw-loader@4.0.2","rimraf@6.1.3","@babel/core@7.29.7","@babel/preset-env@7.29.7","@stylistic/eslint-plugin@5.10.0","babel-jest@30.4.1","eslint@8.57.1","jest@30.4.2","webpack-cli@7.0.2","@babel/core@7.29.7","@babel/preset-react@7.28.5","@types/jest@30.0.0","@types/node@26.0.0","@webassemblyjs/ast@1.14.1","@webassemblyjs/wasm-edit@1.14.1","@webassemblyjs/wasm-parser@1.14.1","babel-loader@10.1.1","browserslist@4.28.2","css-loader@7.1.4","enhanced-resolve@5.22.0","eslint-scope@5.1.1","eslint@8.57.1","file-loader@6.2.0","jest-circus@30.4.2","jest-cli@30.4.2","jest-diff@30.4.1","jest-environment-node@30.4.1","jest-snapshot@30.4.1","jest@30.4.2","lint-staged@17.0.5","memfs@4.57.2","mini-css-extract-plugin@2.10.2","node-gyp@12.2.0","oxc-parser@0.127.0","pretty-format@27.5.1","raw-loader@4.0.2","react-dom@19.2.7","rimraf@6.1.3","schema-utils@4.3.3","terser-webpack-plugin@5.6.0","terser@5.48.0","watchpack@2.5.1","webpack-cli@7.0.2","xxhashjs@0.2.2","jest@30.4.2","assert@2.1.0","buffer@5.7.1","rimraf@6.1.3","buffer@5.7.1","readable-stream@3.6.2","once@1.4.0","@babel/core@7.29.7","@babel/preset-env@7.29.7","assert@2.1.0","bl@4.1.0","glob@13.0.6","pump@3.0.4","rimraf@6.1.3","string_decoder@1.3.0","tar-fs@3.1.2","@types/jest@30.0.0","jest@30.4.2","rimraf@6.1.3","@types/jest@30.0.0","jest@30.4.2","eslint@8.57.1","eslint@8.57.1","for-each@0.3.5","glob@13.0.6","eslint@8.57.1","dunder-proto@1.0.1","eslint@8.57.1","reflect.getprototypeof@1.0.10","jackspeak@3.4.3","eslint@8.57.1","eslint@8.57.1","eslint@8.57.1","for-each@0.3.5","glob@13.0.6","globalthis@1.0.4","has-tostringtag@1.0.2","jackspeak@3.4.3","string.prototype.repeat@1.0.0","eslint@8.57.1","eslint@8.57.1","eslint@8.57.1","for-each@0.3.5","glob@13.0.6","globalthis@1.0.4","has-tostringtag@1.0.2","jackspeak@3.4.3","string.prototype.repeat@1.0.0","call-bind-apply-helpers@1.0.2","eslint@8.57.1","for-each@0.3.5","get-intrinsic@1.3.0","eslint@8.57.1","eslint@8.57.1","call-bind-apply-helpers@1.0.2","call-bound@1.0.4","es-abstract@1.24.1","es-object-atoms@1.1.1","eslint@8.57.1","for-each@0.3.5","get-proto@1.0.1","hasown@2.0.3","eslint@8.57.1","for-each@0.3.5","glob@13.0.6","globalthis@1.0.4","has-tostringtag@1.0.2","jackspeak@3.4.3","string.prototype.repeat@1.0.0","call-bind-apply-helpers@1.0.2","eslint@8.57.1","for-each@0.3.5","get-intrinsic@1.3.0","eslint@8.57.1","eslint@8.57.1","call-bind-apply-helpers@1.0.2","call-bound@1.0.4","es-abstract@1.24.1","es-object-atoms@1.1.1","eslint@8.57.1","for-each@0.3.5","get-proto@1.0.1","hasown@2.0.3","eslint@8.57.1","for-each@0.3.5","glob@13.0.6","globalthis@1.0.4","has-tostringtag@1.0.2","jackspeak@3.4.3","string.prototype.repeat@1.0.0","call-bound@1.0.4","eslint@8.57.1","get-intrinsic@1.3.0","call-bind-apply-helpers@1.0.2","eslint@8.57.1","for-each@0.3.5","get-intrinsic@1.3.0","eslint@8.57.1","eslint@8.57.1","call-bind-apply-helpers@1.0.2","eslint@8.57.1","for-each@0.3.5","get-intrinsic@1.3.0","eslint@8.57.1","for-each@0.3.5","eslint@8.57.1","dunder-proto@1.0.1","es-object-atoms@1.1.1","eslint@8.57.1","dunder-proto@1.0.1","es-object-atoms@1.1.1","eslint@8.57.1","eslint@8.57.1","call-bound@1.0.4","eslint@8.57.1","for-each@0.3.5","is-regex@1.2.1","@types/node@26.0.0","eslint@8.57.1","for-each@0.3.5","has-tostringtag@1.0.2","available-typed-arrays@1.0.7","eslint@8.57.1","for-each@0.3.5","has-tostringtag@1.0.2","rimraf@6.1.3","available-typed-arrays@1.0.7","call-bind@1.0.8","call-bound@1.0.4","eslint@8.57.1","for-each@0.3.5","get-proto@1.0.1","has-tostringtag@1.0.2","call-bind@1.0.8","call-bound@1.0.4","define-properties@1.2.1","es-object-atoms@1.1.1","eslint@8.57.1","for-each@0.3.5","hasown@2.0.3","object.entries@1.1.9","eslint@8.57.1","call-bind-apply-helpers@1.0.2","eslint@8.57.1","for-each@0.3.5","get-intrinsic@1.3.0","set-function-length@1.2.2","call-bind-apply-helpers@1.0.2","eslint@8.57.1","for-each@0.3.5","get-intrinsic@1.3.0","eslint@8.57.1","eslint@8.57.1","dunder-proto@1.0.1","es-object-atoms@1.1.1","eslint@8.57.1","eslint@8.57.1","eslint@8.57.1","webpack-cli@7.0.2","@babel/core@7.29.7","@babel/eslint-parser@7.28.6","@babel/plugin-transform-runtime@7.29.7","@babel/preset-env@7.29.7","@types/node@26.0.0","@types/send@1.2.1","@types/node@26.0.0","@types/connect@3.4.38","@types/node@26.0.0","@types/node@26.0.0","@types/send@1.2.1","@types/node@26.0.0","@types/send@0.17.6","@types/node@26.0.0","@types/body-parser@1.19.6","@types/express-serve-static-core@5.1.1","@types/serve-static@2.2.0","@types/node@26.0.0","chai@5.3.3","babel-jest@30.4.1","babel-loader@10.1.1","@types/node@26.0.0","@typescript-eslint/eslint-plugin@8.60.1","@typescript-eslint/parser@8.59.4","eslint@8.57.1","eslint@8.57.1","eslint-plugin-import@2.32.0","eslint@8.57.1","@types/node@26.0.0","anymatch@3.1.3","braces@3.0.3","chai@5.3.3","eslint@8.57.1","glob-parent@5.1.2","is-binary-path@2.1.0","is-glob@4.0.3","readdirp@3.6.0","rimraf@6.1.3","eslint@8.57.1","eslint-plugin-import@2.32.0","eslint@8.57.1","eslint-plugin-import@2.32.0","eslint@8.57.1","chai@5.3.3","eslint@8.57.1","eslint@8.57.1","lint-staged@17.0.5","rimraf@6.1.3","eslint-plugin-import@2.32.0","eslint@8.57.1","eslint@8.57.1","eslint-plugin-import@2.32.0","eslint@8.57.1","eslint-plugin-import@2.32.0","eslint@8.57.1","eslint@8.57.1","jest@30.4.2","css-loader@7.1.4","eslint-plugin-import@2.32.0","eslint-plugin-jest@29.15.2","eslint-plugin-n@17.24.0","eslint@8.57.1","execa@5.1.1","eslint-plugin-import@2.32.0","eslint@8.57.1","eslint-plugin-import@2.32.0","eslint@8.57.1","eslint@8.57.1","eslint@8.57.1","eslint-plugin-import@2.32.0","eslint@8.57.1","chai@5.3.3","eslint@8.57.1","rimraf@6.1.3","eslint-plugin-import@2.32.0","eslint@8.57.1","eslint-plugin-import@2.32.0","eslint@8.57.1","eslint-plugin-import@2.32.0","eslint@8.57.1","eslint-plugin-import@2.32.0","eslint@8.57.1","eslint-plugin-import@2.32.0","eslint@8.57.1","eslint@8.57.1","for-each@0.3.5","glob@13.0.6","has-property-descriptors@1.0.2","has-proto@1.2.0","iconv-lite@0.6.3","jackspeak@3.4.3","side-channel@1.1.0","eslint@8.57.1","eslint-plugin-import@2.32.0","eslint@8.57.1","eslint-plugin-import@2.32.0","eslint@8.57.1","readable-stream@2.3.8","readable-stream@2.3.8","eslint-plugin-import@2.32.0","eslint@8.57.1","mime-types@2.1.35","readable-stream@2.3.8","eslint-plugin-import@2.32.0","eslint@8.57.1","eslint-plugin-import@2.32.0","eslint@8.57.1","eslint@8.57.1","chai@5.3.3","eslint@8.57.1","rimraf@6.1.3","eslint-plugin-import@2.32.0","eslint@8.57.1","ejs@3.1.10","eslint-plugin-import@2.32.0","eslint@8.57.1","eslint@8.57.1","eslint-plugin-import@2.32.0","eslint@8.57.1","chai@5.3.3","eslint@8.57.1","rimraf@6.1.3","eslint-plugin-import@2.32.0","eslint@8.57.1","eslint-plugin-import@2.32.0","eslint@8.57.1","eslint-plugin-import@2.32.0","eslint@8.57.1","eslint-plugin-import@2.32.0","eslint@8.57.1","readable-stream@2.3.8","eslint-plugin-import@2.32.0","eslint@8.57.1","raw-body@3.0.2","readable-stream@2.3.8","eslint-plugin-import@2.32.0","eslint@8.57.1","eslint-plugin-import@2.32.0","eslint@8.57.1","eslint-plugin-import@2.32.0","eslint@8.57.1","eslint-plugin-import@2.32.0","eslint@8.57.1","eslint-plugin-import@2.32.0","eslint@8.57.1","eslint-plugin-import@2.32.0","eslint@8.57.1","eslint@8.57.1","for-each@0.3.5","glob@13.0.6","has-property-descriptors@1.0.2","has-proto@1.2.0","iconv-lite@0.6.3","jackspeak@3.4.3","side-channel@1.1.0","eslint-plugin-import@2.32.0","eslint@8.57.1","chai@5.3.3","eslint@8.57.1","rimraf@6.1.3","eslint-plugin-import@2.32.0","eslint@8.57.1","eslint-plugin-import@2.32.0","eslint@8.57.1","eslint-plugin-import@2.32.0","eslint@8.57.1","eslint-plugin-import@2.32.0","eslint@8.57.1","eslint-plugin-import@2.32.0","eslint@8.57.1","eslint-plugin-import@2.32.0","eslint@8.57.1","eslint-plugin-import@2.32.0","eslint@8.57.1","eslint-plugin-import@2.32.0","eslint@8.57.1","raw-body@3.0.2","eslint@8.57.1","lint-staged@17.0.5","eslint-plugin-import@2.32.0","eslint@8.57.1","eslint-plugin-import@2.32.0","eslint@8.57.1","eslint-plugin-import@2.32.0","eslint@8.57.1","raw-body@3.0.2","eslint-plugin-import@2.32.0","eslint@8.57.1","eslint-plugin-import@2.32.0","eslint@8.57.1","eslint-plugin-import@2.32.0","eslint@8.57.1","debug@2.6.9","eslint-plugin-import@2.32.0","eslint@8.57.1","http-errors@2.0.1","on-finished@2.4.1","eslint-plugin-import@2.32.0","eslint@8.57.1","raw-body@3.0.2","eslint-plugin-import@2.32.0","eslint@8.57.1","eslint-plugin-import@2.32.0","eslint@8.57.1","chai@5.3.3","eslint-plugin-import@2.32.0","eslint@8.57.1","import-fresh@3.3.1","rimraf@6.1.3","html-webpack-plugin@5.6.7","@types/body-parser@1.19.6","@types/express-serve-static-core@4.19.8","@types/serve-static@1.15.10","@types/jest@30.0.0","@types/node@26.0.0","@types/ws@8.18.1","@typescript-eslint/eslint-plugin@8.60.1","@typescript-eslint/parser@8.59.4","body-parser@2.2.2","eslint@8.57.1","express@5.2.1","jest@30.4.2","lint-staged@17.0.5","braces@3.0.3","fill-range@7.1.1","minimatch@10.2.5","open@8.4.2","eslint@8.57.1","express@5.2.1","eslint@8.57.1","@jest/fake-timers@30.4.1","@jest/types@30.4.1","@types/node@26.0.0","jest-mock@30.4.1","@jest/types@30.4.1","@sinonjs/fake-timers@15.4.0","@types/node@26.0.0","jest-message-util@30.4.1","jest-mock@30.4.1","jest-util@30.4.1","@jest/pattern@30.4.0","@jest/schemas@30.4.1","@types/istanbul-reports@3.0.4","@types/node@26.0.0","@types/yargs@17.0.35","chalk@4.1.2","@types/node@26.0.0","parse5@7.3.0","@jest/types@30.4.1","@types/node@26.0.0","jest-util@30.4.1","@jest/types@30.4.1","@types/node@26.0.0","chalk@4.1.2","micromatch@4.0.8","cssstyle@4.6.0","data-urls@5.0.0","eslint@8.57.1","html-encoding-sniffer@4.0.0","http-proxy-agent@7.0.2","https-proxy-agent@7.0.6","js-yaml@4.1.1","minimatch@10.2.5","parse5@7.3.0","saxes@6.0.0","tough-cookie@5.1.2","w3c-xmlserializer@5.0.0","whatwg-encoding@3.1.1","whatwg-url@14.2.0","yargs@17.7.2","@jest/fake-timers@30.4.1","@jest/types@30.4.1","@types/node@26.0.0","jest-mock@30.4.1","cssstyle@4.6.0","data-urls@5.0.0","eslint@8.57.1","html-encoding-sniffer@4.0.0","http-proxy-agent@7.0.2","https-proxy-agent@7.0.6","js-yaml@4.1.1","minimatch@10.2.5","parse5@7.3.0","saxes@6.0.0","tough-cookie@5.1.2","w3c-xmlserializer@5.0.0","whatwg-encoding@3.1.1","whatwg-url@14.2.0","yargs@17.7.2","jest@30.4.2","eslint@8.57.1","jackspeak@3.4.3","lint-staged@17.0.5","memfs@4.57.2","@types/node@26.0.0","readable-stream@2.3.8","rimraf@6.1.3","@babel/core@7.29.7","@babel/preset-env@7.29.7","@stylistic/eslint-plugin@5.10.0","@types/node@26.0.0","ajv-formats@2.1.1","ajv-keywords@5.1.0","ajv@8.20.0","babel-jest@30.4.1","eslint-plugin-import@2.32.0","eslint-plugin-jest@29.15.2","eslint-plugin-n@17.24.0","eslint-plugin-unicorn@56.0.1","eslint@8.57.1","jest@30.4.2","lint-staged@17.0.5","webpack@5.107.1","@peculiar/x509@1.14.3","chai@5.3.3","pkijs@3.4.0","eslint-plugin-import@2.32.0","eslint@8.57.1","mime-types@2.1.35","chai@5.3.3","eslint@8.57.1","rimraf@6.1.3","eslint@8.57.1","eslint@8.57.1","eslint-plugin-import@2.32.0","eslint@8.57.1","eslint-plugin-import@2.32.0","eslint@8.57.1","raw-body@3.0.2","eslint-plugin-import@2.32.0","eslint@8.57.1","eslint-plugin-import@2.32.0","eslint@8.57.1","eslint-plugin-import@2.32.0","eslint@8.57.1","@babel/core@7.29.7","@babel/preset-env@7.29.7","eslint-plugin-import@2.32.0","eslint@8.57.1","jest@30.4.2","lint-staged@17.0.5","rollup@4.60.1","readable-stream@2.3.8","readable-stream@2.3.8","readable-stream@2.3.8","assert@2.1.0","buffer@5.7.1","string_decoder@1.1.1","@babel/core@7.29.7","@babel/preset-env@7.29.7","assert@2.1.0","bl@4.1.0","glob@13.0.6","pump@3.0.4","rimraf@6.1.3","string_decoder@1.3.0","tar-fs@3.1.2","cross-spawn@7.0.6","import-local@3.2.0","rechoir@0.8.0","webpack-dev-server@5.2.4","webpack-merge@6.0.1","webpack@5.107.1","@babel/core@7.29.7","@babel/preset-env@7.29.7","@stylistic/eslint-plugin@5.10.0","@types/node@26.0.0","@types/express@5.0.6","@types/node@26.0.0","babel-jest@30.4.1","@types/node@26.0.0","rollup@4.60.1","eslint-plugin-import@2.32.0","eslint-plugin-jest@29.15.2","eslint-plugin-n@17.24.0","eslint-plugin-unicorn@56.0.1","eslint@8.57.1","execa@5.1.1","express@5.2.1","file-loader@6.2.0","debug@4.4.3","eslint-plugin-import@2.32.0","eslint@8.57.1","on-finished@2.4.1","jest@30.4.2","lint-staged@17.0.5","@jsonjoy.com/fs-core@4.57.2","@jsonjoy.com/fs-fsa@4.57.2","@jsonjoy.com/fs-node-to-fsa@4.57.2","@jsonjoy.com/fs-node-utils@4.57.2","@jsonjoy.com/fs-node@4.57.2","@jsonjoy.com/fs-print@4.57.2","@jsonjoy.com/fs-snapshot@4.57.2","@jsonjoy.com/json-pack@1.21.0","@jsonjoy.com/util@1.9.0","@types/jest@30.0.0","@types/node@26.0.0","assert@2.1.0","buffer@5.7.1","html-webpack-plugin@5.6.7","jest@30.4.2","readable-stream@2.3.8","rimraf@6.1.3","tar-stream@2.2.0","url@0.11.4","util@0.12.5","webpack-cli@7.0.2","webpack-dev-server@5.2.4","webpack@5.107.1","eslint-plugin-import@2.32.0","eslint@8.57.1","eslint-plugin-import@2.32.0","eslint@8.57.1","eslint-plugin-import@2.32.0","eslint@8.57.1","debug@4.4.3","finalhandler@2.1.1","@babel/core@7.29.7","@babel/preset-env@7.29.7","@stylistic/eslint-plugin@5.10.0","@types/node@26.0.0","ajv-formats@2.1.1","ajv-keywords@5.1.0","ajv@8.20.0","babel-jest@30.4.1","eslint-plugin-import@2.32.0","eslint-plugin-jest@29.15.2","eslint-plugin-n@17.24.0","eslint-plugin-unicorn@56.0.1","eslint@8.57.1","jest@30.4.2","lint-staged@17.0.5","webpack@5.107.1","@babel/core@7.29.7","@babel/preset-react@7.28.5","@types/jest@30.0.0","@types/node@26.0.0","@webassemblyjs/ast@1.14.1","@webassemblyjs/wasm-edit@1.14.1","@webassemblyjs/wasm-parser@1.14.1","babel-loader@10.1.1","browserslist@4.28.2","css-loader@7.1.4","enhanced-resolve@5.22.0","eslint-scope@5.1.1","eslint@8.57.1","file-loader@6.2.0","jest-circus@30.4.2","jest-cli@30.4.2","jest-diff@30.4.1","jest-environment-node@30.4.1","jest-snapshot@30.4.1","jest@30.4.2","lint-staged@17.0.5","memfs@4.57.2","mini-css-extract-plugin@2.10.2","node-gyp@12.2.0","oxc-parser@0.127.0","pretty-format@27.5.1","raw-loader@4.0.2","react-dom@19.2.7","rimraf@6.1.3","schema-utils@4.3.3","terser-webpack-plugin@5.6.0","terser@5.48.0","watchpack@2.5.1","webpack-cli@7.0.2","xxhashjs@0.2.2","clone-deep@4.0.1","webpack@5.107.1","@babel/core@7.29.7","@babel/preset-react@7.28.5","@types/jest@30.0.0","@types/node@26.0.0","@webassemblyjs/ast@1.14.1","@webassemblyjs/wasm-edit@1.14.1","@webassemblyjs/wasm-parser@1.14.1","babel-loader@10.1.1","browserslist@4.28.2","css-loader@7.1.4","enhanced-resolve@5.22.0","eslint-scope@5.1.1","eslint@8.57.1","file-loader@6.2.0","jest-circus@30.4.2","jest-cli@30.4.2","jest-diff@30.4.1","jest-environment-node@30.4.1","jest-snapshot@30.4.1","jest@30.4.2","lint-staged@17.0.5","memfs@4.57.2","mini-css-extract-plugin@2.10.2","node-gyp@12.2.0","oxc-parser@0.127.0","pretty-format@27.5.1","raw-loader@4.0.2","react-dom@19.2.7","rimraf@6.1.3","schema-utils@4.3.3","terser-webpack-plugin@5.6.0","terser@5.48.0","watchpack@2.5.1","webpack-cli@7.0.2","xxhashjs@0.2.2","eslint@8.57.1","webpack@5.107.1","eslint@8.57.1","fill-range@7.1.1","rollup@4.60.1","chai@5.3.3","webpack@5.107.1","webpack@5.107.1","webpack@5.107.1","@types/node@26.0.0","eslint@8.57.1","eslint@8.57.1","rollup@4.60.1","webpack@5.107.1","@babel/code-frame@7.29.7","@babel/generator@7.29.7","@babel/parser@7.29.7","@jridgewell/trace-mapping@0.3.31","@jridgewell/trace-mapping@0.3.31","@rollup/pluginutils@5.4.0","@jridgewell/trace-mapping@0.3.31","@vitest/pretty-format@4.1.8","@types/node@26.0.0","rollup@4.60.1","chokidar@3.6.0","babel-jest@30.4.1","eslint@8.57.1","jest@30.4.2","lint-staged@17.0.5","rimraf@6.1.3","shebang-command@2.0.0","which@2.0.2","@types/node@26.0.0","@types/node@26.0.0","@babel/core@7.29.7","@babel/plugin-transform-modules-commonjs@7.29.7","@types/node@26.0.0","terser@5.48.0","estree-walker@3.0.3","eslint-plugin-import@2.32.0","eslint@8.57.1","@babel/core@7.29.7","@babel/core@7.29.7","@babel/code-frame@7.29.7","@babel/core@7.29.7","@babel/generator@7.29.7","@babel/parser@7.29.7","@babel/template@7.29.7","@babel/types@7.29.7","debug@4.4.3","@babel/generator@7.29.7","@babel/parser@7.29.7","@babel/core@7.29.7","@babel/helper-module-imports@7.29.7","@babel/traverse@7.29.7","@babel/core@7.29.7","@babel/code-frame@7.29.7","@babel/generator@7.29.7","@babel/helper-compilation-targets@7.29.7","@babel/helper-module-transforms@7.29.7","@babel/helpers@7.29.7","@babel/parser@7.29.7","@babel/plugin-transform-modules-commonjs@7.29.7","@babel/preset-env@7.29.7","@babel/preset-typescript@7.29.7","@babel/template@7.29.7","@babel/traverse@7.29.7","@babel/types@7.29.7","@jridgewell/remapping@2.3.5","@jridgewell/trace-mapping@0.3.31","@types/debug@4.1.13","debug@4.4.3","rimraf@6.1.3","@babel/core@7.29.7","@babel/helper-annotate-as-pure@7.29.7","@babel/helper-member-expression-to-functions@7.29.7","@babel/helper-optimise-call-expression@7.29.7","@babel/helper-replace-supers@7.29.7","@babel/helper-skip-transparent-expression-wrappers@7.29.7","@babel/preset-env@7.29.7","@babel/traverse@7.29.7","@babel/core@7.29.7","@babel/core@7.29.7","@babel/traverse@7.29.7","@babel/code-frame@7.29.7","@babel/generator@7.29.7","@babel/helper-compilation-targets@7.29.7","@babel/helper-module-transforms@7.29.7","@babel/helpers@7.29.7","@babel/parser@7.29.7","@babel/plugin-transform-modules-commonjs@7.29.7","@babel/preset-env@7.29.7","@babel/preset-typescript@7.29.7","@babel/template@7.29.7","@babel/traverse@7.29.7","@babel/types@7.29.7","@jridgewell/remapping@2.3.5","@jridgewell/trace-mapping@0.3.31","@types/debug@4.1.13","debug@4.4.3","rimraf@6.1.3","@babel/core@7.29.7","@babel/plugin-syntax-import-assertions@7.29.7","@babel/core@7.29.7","@babel/core@7.29.7","@babel/plugin-transform-destructuring@7.29.7","@babel/core@7.29.7","@babel/plugin-transform-react-jsx@7.28.6","@babel/plugin-transform-typescript@7.29.7","@babel/preset-typescript@7.29.7","@babel/code-frame@7.29.7","@babel/parser@7.29.7","@babel/types@7.29.7","@babel/traverse@7.29.7","@babel/types@7.29.7","@babel/parser@7.29.7","@babel/types@7.29.7","@types/babel__generator@7.27.0","@types/babel__template@7.4.4","@types/babel__traverse@7.28.0","@babel/code-frame@7.29.7","@babel/types@7.29.7","@babel/generator@7.29.7","@babel/parser@7.29.7","@babel/generator@7.29.7","@babel/parser@7.29.7","@types/node@26.0.0","@vitest/coverage-v8@4.1.8","eslint@8.57.1","estree-walker@3.0.3","fast-glob@3.3.3","mlly@1.8.2","@types/node@26.0.0","eslint@8.57.1","rollup@4.60.1","@types/node@26.0.0","@vitest/coverage-v8@4.1.8","eslint@8.57.1","vitest@4.1.8","react-dom@19.2.7","@types/chai@5.2.3","@types/node@26.0.0","chai@5.3.3","@napi-rs/wasm-runtime@0.2.4","execa@5.1.1","glob@13.0.6","oxc-parser@0.127.0","rolldown@1.0.3","rollup@4.60.1","@types/node@26.0.0","@vitest/coverage-v8@4.1.8","esbuild@0.27.4","rollup@4.60.1","vitest@4.1.8","@babel/core@7.29.7","@babel/preset-env@7.29.7","@jridgewell/trace-mapping@0.3.31","@types/node@26.0.0","clean-css@5.3.3","copy-webpack-plugin@14.0.0","cssnano@7.1.2","csso@5.0.5","esbuild@0.27.4","eslint@8.57.1","file-loader@6.2.0","html-minifier-terser@6.1.0","jest-worker@27.5.1","jest@30.4.2","lightningcss@1.32.0","lint-staged@17.0.5","memfs@4.57.2","postcss@8.5.15","schema-utils@4.3.3","terser@5.48.0","webpack-cli@7.0.2","webpack@5.107.1","@types/node@26.0.0","@vitest/coverage-v8@4.1.8","eslint@8.57.1","vitest@4.1.8","vitest@4.1.8","vue@3.5.31","@babel/parser@7.29.7","@babel/traverse@7.29.7","update-browserslist-db@1.2.3","eslint@8.57.1","lint-staged@17.0.5","autoprefixer@10.5.0","update-browserslist-db@1.2.3","eslint@8.57.1","rollup@4.60.1","eslint@8.57.1","lint-staged@17.0.5","@types/node@26.0.0","eslint@8.57.1","@babel/core@7.29.7","@babel/eslint-parser@7.28.6","@babel/eslint-plugin@7.29.7","@babel/preset-env@7.29.7","eslint-plugin-import@2.32.0","eslint@8.57.1","glob@13.0.6","postcss@8.5.15","eslint@8.57.1","lint-staged@17.0.5","update-browserslist-db@1.2.3","update-browserslist-db@1.2.3","@types/jest@30.0.0","@typescript-eslint/eslint-plugin@8.60.1","@typescript-eslint/parser@8.59.4","eslint@8.57.1","glob@13.0.6","jest@30.4.2","rollup@4.60.1","eslint@8.57.1","lint-staged@17.0.5","update-browserslist-db@1.2.3","eslint@8.57.1","lint-staged@17.0.5","@babel/core@7.29.7","@babel/eslint-parser@7.28.6","@babel/eslint-plugin@7.29.7","@babel/preset-env@7.29.7","eslint-plugin-import@2.32.0","eslint@8.57.1","glob@13.0.6","postcss@8.5.15","eslint@8.57.1","lint-staged@17.0.5","update-browserslist-db@1.2.3","@babel/core@7.29.7","@babel/eslint-parser@7.28.6","@babel/eslint-plugin@7.29.7","@babel/preset-env@7.29.7","eslint-plugin-import@2.32.0","eslint@8.57.1","glob@13.0.6","postcss@8.5.15","update-browserslist-db@1.2.3","browserslist@4.28.2","postcss@8.5.15","postcss-selector-parser@7.1.1","postcss@8.5.15","@babel/core@7.29.7","@babel/eslint-parser@7.28.6","@babel/eslint-plugin@7.29.7","@babel/preset-env@7.29.7","eslint-plugin-import@2.32.0","eslint@8.57.1","glob@13.0.6","postcss@8.5.15","eslint@8.57.1","lint-staged@17.0.5","@types/jest@30.0.0","@typescript-eslint/eslint-plugin@8.60.1","@typescript-eslint/parser@8.59.4","eslint@8.57.1","glob@13.0.6","jest@30.4.2","rollup@4.60.1","postcss@8.5.15","eslint@8.57.1","lint-staged@17.0.5","update-browserslist-db@1.2.3","postcss@8.5.15","eslint@8.57.1","lint-staged@17.0.5","@babel/core@7.29.7","@babel/eslint-parser@7.28.6","@babel/eslint-plugin@7.29.7","@babel/preset-env@7.29.7","eslint-plugin-import@2.32.0","eslint@8.57.1","glob@13.0.6","postcss@8.5.15","eslint@8.57.1","lint-staged@17.0.5","eslint@8.57.1","lint-staged@17.0.5","eslint@8.57.1","lint-staged@17.0.5","eslint@8.57.1","lint-staged@17.0.5","eslint@8.57.1","lint-staged@17.0.5","update-browserslist-db@1.2.3","eslint@8.57.1","lint-staged@17.0.5","eslint@8.57.1","lint-staged@17.0.5","eslint@8.57.1","lint-staged@17.0.5","postcss@8.5.15","eslint@8.57.1","lint-staged@17.0.5","update-browserslist-db@1.2.3","browserslist@4.28.2","eslint@8.57.1","lint-staged@17.0.5","eslint@8.57.1","lint-staged@17.0.5","@jest/globals@30.4.1","@types/jest@30.0.0","@types/node@26.0.0","@types/jest@30.0.0","@types/node@26.0.0","@typescript-eslint/eslint-plugin@8.60.1","@typescript-eslint/parser@8.59.4","eslint-plugin-import@2.32.0","eslint-plugin-jest@29.15.2","eslint-plugin-n@17.24.0","eslint@8.57.1","jest@30.4.2","@types/jest@30.0.0","@types/node@26.0.0","@typescript-eslint/eslint-plugin@8.60.1","@typescript-eslint/parser@8.59.4","@types/jest@30.0.0","@types/node@26.0.0","@typescript-eslint/eslint-plugin@8.60.1","@typescript-eslint/parser@8.59.4","eslint@8.57.1","jest@30.4.2","@types/jest@30.0.0","@types/node@26.0.0","@typescript-eslint/eslint-plugin@8.60.1","@typescript-eslint/parser@8.59.4","eslint@8.57.1","htmlparser2@10.1.0","jest@30.4.2","@types/jest@30.0.0","@types/node@26.0.0","@typescript-eslint/eslint-plugin@8.60.1","@typescript-eslint/parser@8.59.4","dom-serializer@2.0.0","domhandler@5.0.3","eslint@8.57.1","htmlparser2@10.1.0","jest@30.4.2","typedoc@0.28.19","eslint@8.57.1","htmlparser2@10.1.0","jest@30.4.2","@types/jest@30.0.0","@types/node@26.0.0","@typescript-eslint/eslint-plugin@8.60.1","@typescript-eslint/parser@8.59.4","eslint@8.57.1","jest@30.4.2","esbuild@0.27.4","eslint@8.57.1","rollup@4.60.1","@types/jest@30.0.0","@types/node@26.0.0","@typescript-eslint/eslint-plugin@8.60.1","@typescript-eslint/parser@8.59.4","eslint@8.57.1","jest@30.4.2","css-tree@2.2.1","esbuild@0.27.4","eslint@8.57.1","rollup@4.60.1","eslint@8.57.1","jest@30.4.2","eslint@8.57.1","eslint@8.57.1","serve-static@2.2.1","playwright@1.60.0","rimraf@6.1.3","rollup@4.60.1","tar-stream@2.2.0","@babel/core@7.29.7","@babel/eslint-parser@7.28.6","@babel/eslint-plugin@7.29.7","@babel/preset-env@7.29.7","eslint-plugin-import@2.32.0","eslint@8.57.1","glob@13.0.6","postcss@8.5.15","@types/jest@30.0.0","@types/node@26.0.0","@types/node@26.0.0","@typescript-eslint/eslint-plugin@8.60.1","@typescript-eslint/parser@8.59.4","eslint-plugin-import@2.32.0","eslint@8.57.1","import-fresh@3.3.1","js-yaml@4.1.1","lint-staged@17.0.5","parent-module@1.0.1","parse-json@5.2.0","vitest@4.1.8","jest@30.4.2","esbuild@0.27.4","jest-diff@30.4.1","node-fetch@2.7.0","postcss@8.5.15","recast@0.23.11","util@0.12.5","magic-string@0.30.21","@types/node@26.0.0","@vitest/coverage-v8@4.1.8","eslint@8.57.1","@types/node@26.0.0","@vitest/coverage-v8@4.1.8","esbuild@0.27.4","eslint@8.57.1","vitest@4.1.8","@types/node@26.0.0","@vitest/coverage-v8@4.1.8","@types/node@26.0.0","@vitest/coverage-v8@4.1.8","eslint@8.57.1","js-yaml@4.1.1","vitest@4.1.8","eslint@8.57.1","@types/node@26.0.0","@vitest/coverage-v8@4.1.8","eslint@8.57.1","pkg-types@1.3.1","vitest@4.1.8","@types/node@26.0.0","@vitest/coverage-v8@4.1.8","esbuild@0.27.4","eslint@8.57.1","vitest@4.1.8","vitest@4.1.8","@types/node@26.0.0","@vitest/coverage-v8@4.1.8","eslint@8.57.1","vitest@4.1.8","vitest@4.1.8","@types/debug@4.1.13","@types/node@26.0.0","@vitest/browser-playwright@4.1.8","@vitest/coverage-v8@4.1.8","debug@4.4.3","eslint@8.57.1","playwright@1.60.0","vite@8.0.16","vitest@4.1.8","@types/node@26.0.0","@types/node@26.0.0","@typescript-eslint/eslint-plugin@8.60.1","@typescript-eslint/parser@8.59.4","@vitest/coverage-v8@4.1.8","eslint-plugin-n@17.24.0","eslint-plugin-unicorn@56.0.1","eslint@8.57.1","typedoc@0.28.19","vitest@4.1.8","@types/node@26.0.0","@vitest/coverage-v8@4.1.8","esbuild@0.27.4","eslint@8.57.1","vitest@4.1.8","eslint@8.57.1","fill-range@7.1.1","eslint@8.57.1","eslint@8.57.1","lint-staged@17.0.5","eslint@8.57.1","is-core-module@2.16.2","rimraf@6.1.3","webpack@5.107.1","@emnapi/wasi-threads@1.2.1","@types/node@26.0.0","rollup@4.60.1","rollup@4.60.1","eslint@8.57.1","rollup@4.60.1","source-map-support@0.5.21","vitest@4.1.8","@rollup/pluginutils@5.4.0","@types/node@26.0.0","chokidar@3.6.0","eslint-plugin-unicorn@56.0.1","eslint@8.57.1","fs-extra@10.1.0","is-reference@3.0.3","lint-staged@17.0.5","magic-string@0.30.21","memfs@4.57.2","rollup@4.60.1","source-map-support@0.5.21","terser@5.48.0","vite@8.0.16","vitepress@1.6.4","vue@3.5.31","@types/node@26.0.0","@typescript-eslint/eslint-plugin@8.60.1","@typescript-eslint/parser@8.59.4","eslint-plugin-import@2.32.0","eslint-plugin-n@17.24.0","eslint@8.57.1","buffer@5.7.1","memfs@4.57.2","readable-stream@2.3.8","rollup@4.60.1","execa@5.1.1","glob@13.0.6","oxc-parser@0.127.0","rolldown@1.0.3","rollup@4.60.1","rollup@4.60.1","@jridgewell/source-map@0.3.11","eslint@8.57.1","rollup@4.60.1","source-map-support@0.5.21","@types/node@26.0.0","fast-glob@3.3.3","glob@13.0.6","@types/node@26.0.0","@vitest/coverage-v8@4.1.8","eslint@8.57.1","vitest@4.1.8","@babel/core@7.29.7","@babel/plugin-transform-typescript@7.29.7","@babel/preset-env@7.29.7","@types/jest@30.0.0","@types/node@26.0.0","babel-jest@30.4.1","eslint@8.57.1","jest-resolve@30.4.1","jest@30.4.2","rollup@4.60.1","@algolia/client-search@5.50.0","algoliasearch@5.50.0","@babel/core@7.29.7","@babel/eslint-parser@7.28.6","@types/istanbul-reports@3.0.4","@types/jest@30.0.0","@types/jsdom@21.1.7","@types/node@26.0.0","@typescript-eslint/eslint-plugin@8.60.1","@typescript-eslint/parser@8.59.4","eslint-plugin-import@2.32.0","eslint@8.57.1","jest-environment-jsdom@30.4.1","jest@30.4.2","rollup@4.60.1","@algolia/client-search@5.50.0","algoliasearch@5.50.0","@algolia/requester-browser-xhr@5.50.0","@algolia/requester-fetch@5.50.0","@algolia/requester-node-http@5.50.0","@types/node@26.0.0","rollup@4.60.1","@algolia/abtesting@1.16.0","@algolia/client-abtesting@5.50.0","@algolia/client-analytics@5.50.0","@algolia/client-insights@5.50.0","@algolia/client-personalization@5.50.0","@algolia/client-query-suggestions@5.50.0","@algolia/client-search@5.50.0","@algolia/ingestion@1.50.0","@algolia/monitoring@1.50.0","@algolia/recommend@5.50.0","@algolia/requester-browser-xhr@5.50.0","@algolia/requester-fetch@5.50.0","@algolia/requester-node-http@5.50.0","@types/node@26.0.0","jsdom@26.1.0","rollup@4.60.1","vitest@4.1.8","@types/node@26.0.0","jsdom@26.1.0","vitest@4.1.8","@types/node@26.0.0","jsdom@26.1.0","vitest@4.1.8","@types/node@26.0.0","vitest@4.1.8","@types/node@26.0.0","vitest@4.1.8","@types/node@26.0.0","rollup@4.60.1","@algolia/abtesting@1.16.0","@algolia/client-abtesting@5.50.0","@algolia/client-analytics@5.50.0","@algolia/client-insights@5.50.0","@algolia/client-personalization@5.50.0","@algolia/client-query-suggestions@5.50.0","@algolia/client-search@5.50.0","@algolia/ingestion@1.50.0","@algolia/monitoring@1.50.0","@algolia/recommend@5.50.0","@algolia/requester-browser-xhr@5.50.0","@algolia/requester-fetch@5.50.0","@algolia/requester-node-http@5.50.0","@types/node@26.0.0","jsdom@26.1.0","rollup@4.60.1","vitest@4.1.8","@algolia/client-search@5.50.0","algoliasearch@5.50.0","@algolia/requester-browser-xhr@5.50.0","@algolia/requester-fetch@5.50.0","@algolia/requester-node-http@5.50.0","@types/node@26.0.0","rollup@4.60.1","@algolia/abtesting@1.16.0","@algolia/client-abtesting@5.50.0","@algolia/client-analytics@5.50.0","@algolia/client-insights@5.50.0","@algolia/client-personalization@5.50.0","@algolia/client-query-suggestions@5.50.0","@algolia/client-search@5.50.0","@algolia/ingestion@1.50.0","@algolia/monitoring@1.50.0","@algolia/recommend@5.50.0","@algolia/requester-browser-xhr@5.50.0","@algolia/requester-fetch@5.50.0","@algolia/requester-node-http@5.50.0","@types/node@26.0.0","jsdom@26.1.0","rollup@4.60.1","vitest@4.1.8","@testing-library/jest-dom@6.9.1","@babel/code-frame@7.29.7","@testing-library/jest-dom@6.9.1","aria-query@5.3.0","browserslist@4.28.2","jsdom@26.1.0","pretty-format@27.5.1","@testing-library/jest-dom@6.9.1","@types/react@19.2.14","jest-diff@30.4.1","rimraf@6.1.3","@types/node@26.0.0","jsdom@26.1.0","vitest@4.1.8","@types/node@26.0.0","jsdom@26.1.0","vitest@4.1.8","@types/node@26.0.0","vitest@4.1.8","@types/node@26.0.0","vitest@4.1.8","@types/node@26.0.0","rollup@4.60.1","@types/node@26.0.0","jsdom@26.1.0","vitest@4.1.8","@types/node@26.0.0","jsdom@26.1.0","vitest@4.1.8","@types/node@26.0.0","vitest@4.1.8","@types/node@26.0.0","vitest@4.1.8","@types/node@26.0.0","rollup@4.60.1","@types/node@26.0.0","jsdom@26.1.0","vitest@4.1.8","@types/node@26.0.0","jsdom@26.1.0","vitest@4.1.8","@types/node@26.0.0","vitest@4.1.8","@types/node@26.0.0","vitest@4.1.8","@types/node@26.0.0","rollup@4.60.1","@types/node@26.0.0","jsdom@26.1.0","vitest@4.1.8","@types/node@26.0.0","jsdom@26.1.0","vitest@4.1.8","@types/node@26.0.0","jsdom@26.1.0","vitest@4.1.8","@types/node@26.0.0","vitest@4.1.8","@types/node@26.0.0","vitest@4.1.8","@types/node@26.0.0","rollup@4.60.1","@types/node@26.0.0","jsdom@26.1.0","vitest@4.1.8","@types/node@26.0.0","jsdom@26.1.0","vitest@4.1.8","@types/node@26.0.0","vitest@4.1.8","@types/node@26.0.0","vitest@4.1.8","@types/node@26.0.0","rollup@4.60.1","@types/node@26.0.0","jsdom@26.1.0","vitest@4.1.8","@types/node@26.0.0","jsdom@26.1.0","vitest@4.1.8","@types/node@26.0.0","vitest@4.1.8","@types/node@26.0.0","vitest@4.1.8","@types/node@26.0.0","rollup@4.60.1","@algolia/requester-browser-xhr@5.50.0","@algolia/requester-fetch@5.50.0","@algolia/requester-node-http@5.50.0","@types/node@26.0.0","rollup@4.60.1","@types/node@26.0.0","jsdom@26.1.0","vitest@4.1.8","@types/node@26.0.0","jsdom@26.1.0","vitest@4.1.8","@types/node@26.0.0","vitest@4.1.8","@types/node@26.0.0","vitest@4.1.8","@types/node@26.0.0","rollup@4.60.1","@types/node@26.0.0","jsdom@26.1.0","vitest@4.1.8","@types/node@26.0.0","jsdom@26.1.0","vitest@4.1.8","@types/node@26.0.0","vitest@4.1.8","@types/node@26.0.0","vitest@4.1.8","@types/node@26.0.0","rollup@4.60.1","@types/node@26.0.0","jsdom@26.1.0","vitest@4.1.8","@types/node@26.0.0","jsdom@26.1.0","vitest@4.1.8","@types/node@26.0.0","vitest@4.1.8","@types/node@26.0.0","vitest@4.1.8","@types/node@26.0.0","rollup@4.60.1","@types/node@26.0.0","jsdom@26.1.0","vitest@4.1.8","@types/node@26.0.0","jsdom@26.1.0","vitest@4.1.8","@types/node@26.0.0","jsdom@26.1.0","vitest@4.1.8","@types/node@26.0.0","vitest@4.1.8","@types/node@26.0.0","jsdom@26.1.0","vitest@4.1.8","@types/node@26.0.0","vitest@4.1.8","@types/node@26.0.0","jsdom@26.1.0","rollup@4.60.1","vitest@4.1.8","react-dom@19.2.7","vitest@4.1.8","@actions/github@9.1.1","@babel/core@7.29.7","@babel/plugin-transform-react-jsx@7.28.6","@babel/preset-env@7.29.7","@types/chai@5.2.3","@types/node@26.0.0","@vitest/browser@4.1.8","chai@5.3.3","esbuild@0.27.4","prop-types@15.8.1","terser@5.48.0","vite@8.0.16","vitest@4.1.8","@types/node@26.0.0","eslint@8.57.1","@types/node@26.0.0","@types/hast@3.0.4","@types/node@26.0.0","esbuild@0.27.4","esbuild@0.27.4","esbuild@0.27.4","esbuild@0.27.4","@types/hast@3.0.4","@types/node@26.0.0","@types/hast@3.0.4","@types/node@26.0.0","@types/node@26.0.0","rimraf@6.1.3","@types/node@26.0.0","@types/node@26.0.0","@types/node@26.0.0","node-fetch@2.7.0","@types/node@26.0.0","rollup@4.60.1","@types/node@26.0.0","esbuild@0.27.4","@types/hast@3.0.4","@types/node@26.0.0","hast-util-whitespace@3.0.0","mdast-util-to-hast@13.2.1","stringify-entities@4.0.4","rimraf@6.1.3","@types/node@26.0.0","@types/mdast@4.0.4","@types/node@26.0.0","unist-util-is@6.0.1","unist-util-visit-parents@6.0.2","@types/node@26.0.0","@types/node@26.0.0","@types/mdast@4.0.4","@types/node@26.0.0","@types/mdast@4.0.4","@types/node@26.0.0","@types/node@26.0.0","@types/node@26.0.0","rimraf@6.1.3","rimraf@6.1.3","@types/node@26.0.0","@shikijs/engine-javascript@2.5.0","@shikijs/engine-oniguruma@2.5.0","@shikijs/types@2.5.0","@types/hast@3.0.4","hast-util-to-html@9.0.5","@types/hast@3.0.4","@types/node@26.0.0","@types/debug@4.1.13","@types/node@26.0.0","@jridgewell/trace-mapping@0.3.31","@jridgewell/trace-mapping@0.3.31","debug@4.4.3","rollup@4.60.1","@babel/parser@7.29.7","@jridgewell/trace-mapping@0.3.31","@rollup/pluginutils@5.4.0","@types/node@26.0.0","chokidar@3.6.0","cross-spawn@7.0.6","debug@4.4.3","dotenv-expand@11.0.7","esbuild@0.27.4","estree-walker@3.0.3","fast-glob@3.3.3","http-proxy@1.18.1","lightningcss@1.32.0","magic-string@0.30.21","micromatch@4.0.8","mlly@1.8.2","open@8.4.2","parse5@7.3.0","postcss-import@16.1.1","postcss@8.5.15","rollup@4.60.1","sirv@3.0.2","source-map-support@0.5.21","strip-ansi@7.2.0","terser@5.48.0","@vue/compiler-dom@3.5.31","@vue/compiler-sfc@3.5.31","@vue/runtime-dom@3.5.31","@vue/server-renderer@3.5.31","@types/node@26.0.0","clone-deep@4.0.1","@types/node@26.0.0","@vitest/coverage-v8@4.1.8","eslint@8.57.1","vite@8.0.16","vitest@4.1.8","@types/node@26.0.0","eslint@8.57.1","vite@8.0.16","vitest@4.1.8","@types/chai@5.2.3","@typescript-eslint/eslint-plugin@8.60.1","@typescript-eslint/parser@8.59.4","chai@5.3.3","eslint@8.57.1","rimraf@6.1.3","@types/node@26.0.0","eslint@8.57.1","time-span@5.1.0","vitest@4.1.8","@types/debug@4.1.13","@types/node@26.0.0","typedoc@0.28.19","vitest@4.1.8","vitest@4.1.8","vitest@4.1.8","vue@3.5.31","@vue/compiler-dom@3.5.31","@vue/compiler-sfc@3.5.31","@vue/runtime-dom@3.5.31","@vue/server-renderer@3.5.31","@vue/compiler-dom@3.5.31","@vue/compiler-sfc@3.5.31","@vue/runtime-dom@3.5.31","@vue/server-renderer@3.5.31","@vueuse/shared@12.8.2","vue@3.5.31","vue@3.5.31","@babel/core@7.29.7","@babel/preset-env@7.29.7","@vitest/browser-playwright@4.1.8","@vitest/browser@4.1.8","body-parser@2.2.2","eslint@8.57.1","express@5.2.1","eslint@8.57.1","express@5.2.1","combined-stream@1.0.8","cross-spawn@7.0.6","es-set-tostringtag@2.1.0","eslint@8.57.1","hasown@2.0.3","mime-types@2.1.35","rimraf@6.1.3","fs-extra@10.1.0","get-stream@5.2.0","@types/debug@4.1.13","@types/node@26.0.0","@typescript-eslint/eslint-plugin@8.60.1","@typescript-eslint/parser@8.59.4","@types/debug@4.1.13","@types/node@26.0.0","@types/ws@8.18.1","@typescript-eslint/eslint-plugin@8.60.1","@typescript-eslint/parser@8.59.4","eslint-plugin-import@2.32.0","eslint-plugin-jsx-a11y@6.10.2","eslint-plugin-react@7.37.5","eslint@8.57.1","rimraf@6.1.3","eslint-plugin-import@2.32.0","eslint-plugin-jsx-a11y@6.10.2","eslint-plugin-react@7.37.5","eslint@8.57.1","rimraf@6.1.3","lint-staged@17.0.5","playwright@1.60.0","eslint@8.57.1","rollup@4.60.1","selfsigned@5.5.0","vitest@4.1.8","@babel/core@7.29.7","@babel/eslint-parser@7.28.6","@babel/eslint-plugin@7.29.7","@babel/preset-env@7.29.7","@testing-library/dom@10.4.1","@testing-library/jest-dom@6.9.1","@types/jest@30.0.0","@types/node@26.0.0","@typescript-eslint/eslint-plugin@8.60.1","@typescript-eslint/parser@8.59.4","babel-jest@30.4.1","babel-loader@10.1.1","eslint-import-resolver-node@0.3.9","eslint-plugin-import@2.32.0","eslint-plugin-jest@29.15.2","eslint@8.57.1","jest-environment-jsdom@30.4.1","jest@30.4.2","rollup@4.60.1","@babel/core@7.29.7","@typescript-eslint/eslint-plugin@8.60.1","@typescript-eslint/parser@8.59.4","eslint-plugin-import@2.32.0","eslint@8.57.1","jest-environment-jsdom@30.4.1","jest@30.4.2","lint-staged@17.0.5","@babel/core@7.29.7","@babel/preset-env@7.29.7","express@5.2.1","@types/node@26.0.0","@vitest/coverage-v8@4.1.8","@typescript-eslint/eslint-plugin@8.60.1","@typescript-eslint/parser@8.59.4","eslint@8.57.1","@types/jest@30.0.0","@types/node@26.0.0","@typescript-eslint/eslint-plugin@8.60.1","@typescript-eslint/parser@8.59.4","@typescript-eslint/eslint-plugin@8.60.1","@typescript-eslint/parser@8.59.4","eslint@8.57.1","eslint@8.57.1","htmlparser2@10.1.0","jest@30.4.2","@types/jest@30.0.0","@types/node@26.0.0","@typescript-eslint/eslint-plugin@8.60.1","@typescript-eslint/parser@8.59.4","@types/jest@30.0.0","@types/node@26.0.0","@typescript-eslint/eslint-plugin@8.60.1","@typescript-eslint/parser@8.59.4","@typescript-eslint/eslint-plugin@8.60.1","@typescript-eslint/parser@8.59.4","eslint@8.57.1","@types/jest@30.0.0","@types/node@26.0.0","@typescript-eslint/eslint-plugin@8.60.1","@typescript-eslint/parser@8.59.4","eslint@8.57.1","htmlparser2@10.1.0","jest@30.4.2","@types/jest@30.0.0","@types/node@26.0.0","@typescript-eslint/eslint-plugin@8.60.1","@typescript-eslint/parser@8.59.4","eslint@8.57.1","jest@30.4.2","typedoc@0.28.19","eslint@8.57.1","htmlparser2@10.1.0","jest@30.4.2","@typescript-eslint/eslint-plugin@8.60.1","@typescript-eslint/parser@8.59.4","eslint@8.57.1","@types/jest@30.0.0","@types/node@26.0.0","@typescript-eslint/eslint-plugin@8.60.1","@typescript-eslint/parser@8.59.4","eslint@8.57.1","htmlparser2@10.1.0","jest@30.4.2","eslint@8.57.1","htmlparser2@10.1.0","jest@30.4.2","typedoc@0.28.19","@types/node@26.0.0","@typescript-eslint/eslint-plugin@8.60.1","@typescript-eslint/parser@8.59.4","@vitest/coverage-v8@4.1.8","eslint-plugin-n@17.24.0","eslint-plugin-unicorn@56.0.1","eslint@8.57.1","typedoc@0.28.19","vitest@4.1.8","eslint-plugin-n@17.24.0","eslint-plugin-unicorn@56.0.1","eslint@8.57.1","vitest@4.1.8","eslint@8.57.1","serve-static@2.2.1","rollup@4.60.1","@types/chai@5.2.3","@types/node@26.0.0","@typescript-eslint/eslint-plugin@8.60.1","@typescript-eslint/parser@8.59.4","chai@5.3.3","chai@5.3.3","strip-ansi@6.0.1","color-convert@2.0.1","strip-ansi@6.0.1","cross-spawn@7.0.6","eslint-plugin-import@2.32.0","eslint@8.57.1","locate-path@5.0.0","@types/chai@5.2.3","@types/node@26.0.0","chai@5.3.3","chai@5.3.3","rimraf@6.1.3","chai@5.3.3","strip-ansi@6.0.1","which@5.0.0","chai@5.3.3","rimraf@6.1.3","chai@5.3.3","@vue/compiler-dom@3.5.31","@vue/compiler-sfc@3.5.31","@vue/runtime-dom@3.5.31","@vue/server-renderer@3.5.31","chokidar@3.6.0","cross-spawn@7.0.6","esbuild@0.27.4","execa@5.1.1","@babel/core@7.29.7","@babel/eslint-parser@7.28.6","@babel/core@7.29.7","@nicolo-ribaudo/eslint-scope-5-internals@5.1.1-v1","@typescript-eslint/scope-manager@8.60.1","eslint@8.57.1","clone-deep@4.0.1","chai@5.3.3","eslint-plugin-import@2.32.0","eslint@8.57.1","@babel/core@7.29.7","@babel/preset-env@7.29.7","@eslint-community/eslint-utils@4.9.1","@eslint/eslintrc@2.1.4","@humanwhocodes/config-array@0.13.0","@nodelib/fs.walk@1.2.8","@sinonjs/fake-timers@15.4.0","ajv@6.15.0","babel-loader@10.1.1","chai@5.3.3","chalk@4.1.2","cross-spawn@7.0.6","debug@4.4.3","doctrine@3.0.0","ejs@3.1.10","eslint-plugin-n@17.24.0","eslint-plugin-unicorn@56.0.1","eslint-scope@7.2.2","eslint@8.57.1","espree@9.6.1","esquery@1.7.0","fast-glob@3.3.3","file-entry-cache@6.0.1","find-up@5.0.0","glob-parent@6.0.2","glob@13.0.6","globals@13.24.0","got@11.8.6","is-glob@4.0.3","js-yaml@4.1.1","levn@0.4.1","lint-staged@17.0.5","markdown-it@14.1.1","memfs@4.57.2","minimatch@3.1.5","optionator@0.9.4","recast@0.23.11","strip-ansi@6.0.1","webpack-cli@7.0.2","webpack@5.107.1","@babel/preset-env@7.29.7","strip-ansi@7.2.0","@testing-library/jest-dom@6.9.1","@babel/core@7.29.7","@babel/eslint-parser@7.28.6","@babel/preset-env@7.29.7","babel-jest@30.4.1","eslint-plugin-import@2.32.0","eslint-plugin-jest@29.15.2","eslint@8.57.1","expect@30.4.1","jest@30.4.2","rimraf@6.1.3","update-browserslist-db@1.2.3","@babel/core@7.29.7","@babel/preset-env@7.29.7","@babel/preset-typescript@7.29.7","@testing-library/dom@10.4.1","@types/jest@30.0.0","@typescript-eslint/eslint-plugin@8.60.1","@typescript-eslint/parser@8.59.4","eslint-plugin-jest@29.15.2","eslint@8.57.1","jest-diff@30.4.1","jest-environment-jsdom@30.4.1","jest@30.4.2","js-yaml@4.1.1","jsdom@26.1.0","minimatch@10.2.5","rimraf@6.1.3","jsdom@26.1.0","@types/react@19.2.14","jest-util@30.4.1","react-dom@19.2.7","@types/jest@30.0.0","@types/node@26.0.0","eslint@8.57.1","jest@30.4.2","rollup@4.60.1","@jest/environment@30.4.1","@jest/expect@30.4.1","@jest/types@30.4.1","jest-mock@30.4.1","@babel/core@7.29.7","@babel/eslint-parser@7.28.6","@babel/plugin-transform-react-jsx@7.28.6","@babel/preset-env@7.29.7","eslint@8.57.1","object.values@1.2.1","rimraf@6.1.3","@babel/core@7.29.7","@babel/preset-env@7.29.7","@babel/preset-typescript@7.29.7","@testing-library/dom@10.4.1","@types/jest@30.0.0","@types/node@26.0.0","@typescript-eslint/eslint-plugin@8.60.1","@typescript-eslint/parser@8.59.4","eslint-plugin-jest@29.15.2","eslint@8.57.1","jest-diff@30.4.1","jest-environment-jsdom@30.4.1","jest@30.4.2","js-yaml@4.1.1","jsdom@26.1.0","minimatch@10.2.5","rimraf@6.1.3","expect@30.4.1","jsdom@26.1.0","pretty-format@27.5.1","rollup@4.60.1","vitest@4.1.8","@babel/code-frame@7.29.7","@testing-library/jest-dom@6.9.1","aria-query@5.3.0","browserslist@4.28.2","jsdom@26.1.0","pretty-format@27.5.1","@testing-library/jest-dom@6.9.1","@testing-library/react@16.3.2","@types/react@19.2.14","esbuild@0.27.4","expect@30.4.1","is-ci@4.1.0","istanbul-lib-report@3.0.1","istanbul-lib-source-maps@5.0.6","istanbul-reports@3.2.0","@jest/types@30.4.1","@types/node@26.0.0","jest-util@30.4.1","jsdom@26.1.0","react-dom@19.2.7","@types/jest@30.0.0","@types/node@26.0.0","@typescript-eslint/eslint-plugin@8.60.1","@typescript-eslint/parser@8.59.4","babel-jest@30.4.1","babel-loader@10.1.1","chai@5.3.3","debug@3.2.7","is-core-module@2.16.2","resolve@1.22.12","eslint-plugin-import@2.32.0","eslint-plugin-jest@29.15.2","eslint@8.57.1","jest-environment-jsdom@30.4.1","jest@30.4.2","rollup@4.60.1","@babel/core@7.29.7","@babel/eslint-parser@7.28.6","@babel/eslint-plugin@7.29.7","@babel/preset-env@7.29.7","@testing-library/dom@10.4.1","@testing-library/jest-dom@6.9.1","@types/node@26.0.0","@typescript-eslint/eslint-plugin@8.60.1","@typescript-eslint/parser@8.59.4","babel-jest@30.4.1","babel-loader@10.1.1","babel-plugin-istanbul@7.0.1","eslint-import-resolver-node@0.3.9","eslint-plugin-import@2.32.0","eslint-plugin-jest@29.15.2","eslint@8.57.1","jest-environment-jsdom@30.4.1","jest@30.4.2","rollup@4.60.1","webpack@5.107.1","fs-extra@10.1.0","lint-staged@17.0.5","eslint@8.57.1","babel-loader@10.1.1","chai@5.3.3","eslint@8.57.1","fs-extra@10.1.0","lint-staged@17.0.5","eslint@8.57.1","fs-extra@10.1.0","lint-staged@17.0.5","webpack@5.107.1","eslint-plugin-import@2.32.0","eslint@8.57.1","glob@13.0.6","rollup@4.60.1","terser@5.48.0","webpack-dev-server@5.2.4","webpack@5.107.1","rollup@4.60.1","markdown-it@14.1.1","fill-range@7.1.1","fill-range@7.1.1","minimatch@10.2.5","eslint@8.57.1","fill-range@7.1.1","@typescript-eslint/eslint-plugin@8.60.1","@typescript-eslint/parser@8.59.4","eslint-plugin-import@2.32.0","eslint-plugin-n@17.24.0","eslint@8.57.1","jest@30.4.2","rollup@4.60.1","typedoc@0.28.19","@types/node@26.0.0","buffer@5.7.1","readable-stream@3.6.2","ansi-styles@4.3.0","execa@5.1.1","import-fresh@3.3.1","supports-color@7.2.0","@types/node@26.0.0","chai@5.3.3","log-update@6.1.0","strip-ansi@6.0.1","get-stream@5.2.0","@types/node@26.0.0","ansi-styles@4.3.0","execa@5.1.1","import-fresh@3.3.1","supports-color@7.2.0","strip-ansi@7.2.0","@types/node@26.0.0","locate-path@5.0.0","rimraf@6.1.3","rollup@4.60.1","@shikijs/engine-javascript@2.5.0","@shikijs/engine-oniguruma@2.5.0","@shikijs/types@2.5.0","@types/hast@3.0.4","hast-util-to-html@9.0.5","@shikijs/types@2.5.0","oniguruma-to-es@3.1.1","@shikijs/types@2.5.0","@types/hast@3.0.4","@types/hast@3.0.4","@types/hast@3.0.4","@types/node@26.0.0","sirv@3.0.2","@types/node@26.0.0","fast-glob@3.3.3","glob@13.0.6","@babel/parser@7.29.7","@jridgewell/trace-mapping@0.3.31","@rollup/pluginutils@5.4.0","chokidar@3.6.0","cross-spawn@7.0.6","debug@4.4.3","dotenv-expand@11.0.7","@types/node@26.0.0","estree-walker@3.0.3","fast-glob@3.3.3","http-proxy@1.18.1","@babel/parser@7.29.7","@babel/traverse@7.29.7","autoprefixer@10.5.0","cssnano@7.1.2","esbuild@0.27.4","jest-diff@30.4.1","node-fetch@2.7.0","postcss@8.5.15","recast@0.23.11","util@0.12.5","magic-string@0.30.21","micromatch@4.0.8","mlly@1.8.2","open@8.4.2","parse5@7.3.0","postcss-import@16.1.1","@rollup/pluginutils@5.4.0","@types/node@26.0.0","chokidar@3.6.0","eslint-plugin-unicorn@56.0.1","eslint@8.57.1","fs-extra@10.1.0","is-reference@3.0.3","lint-staged@17.0.5","magic-string@0.30.21","memfs@4.57.2","rollup@4.60.1","source-map-support@0.5.21","terser@5.48.0","vite@8.0.16","vitepress@1.6.4","vue@3.5.31","sirv@3.0.2","source-map-support@0.5.21","strip-ansi@7.2.0","postcss@8.5.15","@jridgewell/source-map@0.3.11","eslint@8.57.1","rollup@4.60.1","source-map-support@0.5.21","vitest@4.1.8","@vue/compiler-dom@3.5.31","@vue/compiler-sfc@3.5.31","@vue/runtime-dom@3.5.31","@vue/server-renderer@3.5.31","@babel/core@7.29.7","@babel/preset-env@7.29.7","@vitest/browser-playwright@4.1.8","@vitest/browser@4.1.8","body-parser@2.2.2","eslint@8.57.1","express@5.2.1","form-data@4.0.5","fs-extra@10.1.0","get-stream@5.2.0","https-proxy-agent@5.0.1","lint-staged@17.0.5","playwright@1.60.0","rollup@4.60.1","selfsigned@5.5.0","vitest@4.1.8","chai@5.3.3","eslint@8.57.1","@hapi/address@5.1.1","@hapi/topo@6.0.2","@types/node@26.0.0","ajv@8.20.0","eslint@8.57.1","@types/chai@5.2.3","@types/node@26.0.0","@typescript-eslint/eslint-plugin@8.60.1","@typescript-eslint/parser@8.59.4","chai@5.3.3","eslint@8.57.1","form-data@4.0.5","fs-extra@10.1.0","glob@13.0.6","lint-staged@17.0.5","rollup@4.60.1","source-map-support@0.5.21","webpack@5.107.1","temp@0.9.4","@babel/code-frame@7.29.7","@babel/types@7.29.7","@babel/types@7.29.7","@types/node@26.0.0","@typescript-eslint/eslint-plugin@8.60.1","@typescript-eslint/parser@8.59.4","@vitest/coverage-v8@4.1.8","eslint-plugin-n@17.24.0","eslint-plugin-unicorn@56.0.1","eslint@8.57.1","typedoc@0.28.19","vitest@4.1.8","rollup@4.60.1","webpack@5.107.1","@babel/code-frame@7.29.7","@babel/types@7.29.7","@babel/types@7.29.7","@babel/parser@7.29.7","@babel/types@7.29.7","@vue/compiler-core@3.5.31","@vue/compiler-core@3.5.31","rollup@4.60.1","lru-cache@5.1.1","eslint@8.57.1","rollup@4.60.1","source-map-support@0.5.21","vitest@4.1.8","minimatch@10.2.5","@babel/core@7.29.7","@babel/eslint-parser@7.28.6","@babel/eslint-plugin@7.29.7","@babel/preset-env@7.29.7","eslint-plugin-import@2.32.0","eslint@8.57.1","glob@13.0.6","postcss@8.5.15","webpack@5.107.1","@babel/core@7.29.7","@babel/preset-env@7.29.7","@babel/preset-typescript@7.29.7","@types/jest@30.0.0","@types/jsdom@21.1.7","@types/node@26.0.0","babel-jest@30.4.1","chokidar@3.6.0","css-tree@3.2.1","jest@30.4.2","jsdom@26.1.0","@vue/compiler-dom@3.5.31","@vue/compiler-dom@3.5.31","@vue/compiler-sfc@3.5.31","@vue/runtime-dom@3.5.31","@vue/server-renderer@3.5.31","@types/chai@5.2.3","@types/node@26.0.0","@typescript-eslint/type-utils@8.60.1","@typescript-eslint/utils@8.60.1","chai@5.3.3","chokidar@3.6.0","esbuild@0.27.4","eslint@8.57.1","glob@13.0.6","knip@6.16.0","playwright@1.60.0","source-map-support@0.5.21","which@5.0.0","@types/chai@5.2.3","@types/node@26.0.0","@typescript-eslint/eslint-plugin@8.60.1","@typescript-eslint/parser@8.59.4","chai@5.3.3","eslint-plugin-import@2.32.0","eslint@8.57.1","rimraf@6.1.3","rollup@4.60.1","eslint@8.57.1","@types/node@26.0.0","@typescript-eslint/parser@8.59.4","@vitest/coverage-v8@4.1.8","eslint@8.57.1","rimraf@6.1.3","vitest@4.1.8","@vitest/coverage-v8@4.1.8","rimraf@6.1.3","vitest@4.1.8","@vitest/coverage-v8@4.1.8","eslint@8.57.1","rimraf@6.1.3","vitest@4.1.8","@vitest/coverage-v8@4.1.8","rimraf@6.1.3","@types/chai@5.2.3","@types/node@26.0.0","@typescript-eslint/type-utils@8.60.1","@typescript-eslint/utils@8.60.1","chai@5.3.3","chokidar@3.6.0","esbuild@0.27.4","eslint@8.57.1","glob@13.0.6","knip@6.16.0","playwright@1.60.0","source-map-support@0.5.21","which@5.0.0","vitest@4.1.8","@vitest/coverage-v8@4.1.8","rimraf@6.1.3","@types/chai@5.2.3","@types/node@26.0.0","@typescript-eslint/type-utils@8.60.1","@typescript-eslint/utils@8.60.1","chai@5.3.3","chokidar@3.6.0","esbuild@0.27.4","eslint@8.57.1","glob@13.0.6","knip@6.16.0","playwright@1.60.0","source-map-support@0.5.21","which@5.0.0","vitest@4.1.8","@vitest/coverage-v8@4.1.8","eslint@8.57.1","rimraf@6.1.3","vitest@4.1.8","@vitest/coverage-v8@4.1.8","eslint@8.57.1","rimraf@6.1.3","vitest@4.1.8","@vitest/coverage-v8@4.1.8","eslint@8.57.1","glob@13.0.6","@types/node@26.0.0","brace-expansion@5.0.6","typedoc@0.28.19","rimraf@6.1.3","@types/node@26.0.0","fast-glob@3.3.3","glob@13.0.6","@types/node@26.0.0","@vitest/coverage-v8@4.1.8","eslint-plugin-n@17.24.0","eslint@8.57.1","knip@6.16.0","lint-staged@17.0.5","typedoc@0.28.19","vitest@4.1.8","@types/chai@5.2.3","@types/node@26.0.0","@typescript-eslint/type-utils@8.60.1","@typescript-eslint/utils@8.60.1","chai@5.3.3","chokidar@3.6.0","esbuild@0.27.4","eslint@8.57.1","glob@13.0.6","knip@6.16.0","playwright@1.60.0","source-map-support@0.5.21","which@5.0.0","vitest@4.1.8","@eslint-community/eslint-utils@4.9.1","@typescript-eslint/scope-manager@8.60.1","@typescript-eslint/typescript-estree@8.60.1","@vitest/coverage-v8@4.1.8","eslint@8.57.1","rimraf@6.1.3","vitest@4.1.8","@vitest/coverage-v8@4.1.8","ajv@8.20.0","@babel/core@7.29.7","@babel/preset-env@7.29.7","@eslint-community/eslint-utils@4.9.1","@eslint/eslintrc@2.1.4","@humanwhocodes/config-array@0.13.0","@nodelib/fs.walk@1.2.8","@sinonjs/fake-timers@15.4.0","ajv@6.15.0","babel-loader@10.1.1","chai@5.3.3","chalk@4.1.2","cross-spawn@7.0.6","debug@4.4.3","doctrine@3.0.0","ejs@3.1.10","eslint-plugin-n@17.24.0","eslint-plugin-unicorn@56.0.1","eslint-scope@7.2.2","eslint@8.57.1","espree@9.6.1","esquery@1.7.0","fast-glob@3.3.3","file-entry-cache@6.0.1","find-up@5.0.0","glob-parent@6.0.2","glob@13.0.6","globals@13.24.0","got@11.8.6","is-glob@4.0.3","js-yaml@4.1.1","levn@0.4.1","lint-staged@17.0.5","markdown-it@14.1.1","memfs@4.57.2","minimatch@3.1.5","optionator@0.9.4","recast@0.23.11","strip-ansi@6.0.1","webpack-cli@7.0.2","webpack@5.107.1","rimraf@6.1.3","@types/node@26.0.0","@vitest/coverage-v8@4.1.8","eslint-plugin-n@17.24.0","eslint@8.57.1","knip@6.16.0","lint-staged@17.0.5","typedoc@0.28.19","vitest@4.1.8","@types/chai@5.2.3","@types/node@26.0.0","@typescript-eslint/type-utils@8.60.1","@typescript-eslint/utils@8.60.1","chai@5.3.3","chokidar@3.6.0","esbuild@0.27.4","eslint@8.57.1","glob@13.0.6","knip@6.16.0","playwright@1.60.0","source-map-support@0.5.21","which@5.0.0","vitest@4.1.8","@typescript-eslint/parser@8.59.4","dot-prop@10.1.0","eslint@8.57.1","knip@6.16.0","rimraf@6.1.3","rollup@4.60.1","vitepress@1.6.4","@typescript-eslint/typescript-estree@8.59.4","@typescript-eslint/visitor-keys@8.60.1","@vitest/coverage-v8@4.1.8","@vitest/pretty-format@4.1.8","eslint@8.57.1","glob@13.0.6","rimraf@6.1.3","vitest@4.1.8","@vitest/coverage-v8@4.1.8","eslint@8.57.1","rimraf@6.1.3","vitest@4.1.8","@typescript-eslint/project-service@8.60.1","@typescript-eslint/visitor-keys@8.60.1","@vitest/coverage-v8@4.1.8","debug@4.4.3","eslint@8.57.1","glob@13.0.6","minimatch@10.2.5","rimraf@6.1.3","tinyglobby@0.2.17","vitest@4.1.8","@vitest/coverage-v8@4.1.8","@babel/core@7.29.7","@babel/preset-env@7.29.7","@eslint-community/eslint-utils@4.9.1","@eslint/eslintrc@2.1.4","@humanwhocodes/config-array@0.13.0","@nodelib/fs.walk@1.2.8","@sinonjs/fake-timers@15.4.0","ajv@6.15.0","babel-loader@10.1.1","chai@5.3.3","chalk@4.1.2","cross-spawn@7.0.6","debug@4.4.3","doctrine@3.0.0","ejs@3.1.10","eslint-plugin-n@17.24.0","eslint-plugin-unicorn@56.0.1","eslint-scope@7.2.2","eslint@8.57.1","espree@9.6.1","esquery@1.7.0","fast-glob@3.3.3","file-entry-cache@6.0.1","find-up@5.0.0","glob-parent@6.0.2","glob@13.0.6","globals@13.24.0","got@11.8.6","is-glob@4.0.3","js-yaml@4.1.1","levn@0.4.1","lint-staged@17.0.5","markdown-it@14.1.1","memfs@4.57.2","minimatch@3.1.5","optionator@0.9.4","recast@0.23.11","strip-ansi@6.0.1","webpack-cli@7.0.2","webpack@5.107.1","rimraf@6.1.3","@types/chai@5.2.3","@types/node@26.0.0","@typescript-eslint/type-utils@8.60.1","@typescript-eslint/utils@8.60.1","chai@5.3.3","chokidar@3.6.0","esbuild@0.27.4","eslint@8.57.1","glob@13.0.6","knip@6.16.0","playwright@1.60.0","source-map-support@0.5.21","which@5.0.0","vitest@4.1.8","eslint@8.57.1","eslint@8.57.1","esbuild@0.27.4","eslint@8.57.1","chai@5.3.3","esbuild@0.27.4","eslint@8.57.1","eslint@8.57.1","chokidar@3.6.0","@babel/core@7.29.7","@babel/preset-env@7.29.7","babel-loader@10.1.1","babel-plugin-istanbul@7.0.1","chai@5.3.3","eslint@8.57.1","rollup@4.60.1","webpack-dev-server@5.2.4","webpack@5.107.1","eslint@8.57.1","@types/node@26.0.0","esbuild@0.27.4","memfs@4.57.2","minimatch@10.2.5","path-scurry@2.0.2","rimraf@6.1.3","typedoc@0.28.19","@types/node@26.0.0","@typescript-eslint/eslint-plugin@8.60.1","@typescript-eslint/parser@8.59.4","eslint@8.57.1","rimraf@6.1.3","@jest/pattern@30.4.0","@jest/schemas@30.4.1","@types/istanbul-reports@3.0.4","@types/node@26.0.0","@types/yargs@17.0.35","chalk@4.1.2","@types/node@26.0.0","@vitest/coverage-v8@4.1.8","expect@30.4.1","fast-glob@3.3.3","glob@13.0.6","eslint@8.57.1","fill-range@7.1.1","vitest@4.1.8","@types/node@26.0.0","@vitest/coverage-v8@4.1.8","eslint-plugin-n@17.24.0","eslint@8.57.1","@types/node@26.0.0","@babel/core@7.29.7","@babel/preset-env@7.29.7","@eslint-community/eslint-utils@4.9.1","@eslint/eslintrc@2.1.4","@humanwhocodes/config-array@0.13.0","@nodelib/fs.walk@1.2.8","@sinonjs/fake-timers@15.4.0","ajv@6.15.0","babel-loader@10.1.1","chai@5.3.3","chalk@4.1.2","cross-spawn@7.0.6","debug@4.4.3","doctrine@3.0.0","ejs@3.1.10","eslint-plugin-n@17.24.0","eslint-plugin-unicorn@56.0.1","eslint-scope@7.2.2","eslint@8.57.1","espree@9.6.1","esquery@1.7.0","fast-glob@3.3.3","file-entry-cache@6.0.1","find-up@5.0.0","glob-parent@6.0.2","glob@13.0.6","globals@13.24.0","got@11.8.6","is-glob@4.0.3","js-yaml@4.1.1","levn@0.4.1","lint-staged@17.0.5","markdown-it@14.1.1","memfs@4.57.2","minimatch@3.1.5","optionator@0.9.4","recast@0.23.11","strip-ansi@6.0.1","webpack-cli@7.0.2","webpack@5.107.1","eslint@8.57.1","@types/node@26.0.0","typedoc@0.28.19","knip@6.16.0","lint-staged@17.0.5","vitest@4.1.8","@babel/core@7.29.7","@babel/helper-module-imports@7.29.7","@babel/helper-module-transforms@7.29.7","@babel/plugin-proposal-decorators@7.29.7","@babel/plugin-syntax-class-properties@7.12.13","@babel/plugin-syntax-import-assertions@7.29.7","@babel/plugin-syntax-jsx@7.29.7","@babel/plugin-transform-explicit-resource-management@7.29.7","@babel/plugin-transform-export-namespace-from@7.29.7","@babel/plugin-transform-react-jsx@7.28.6","@babel/plugin-transform-typescript@7.29.7","@babel/preset-typescript@7.29.7","@babel/template@7.29.7","@babel/traverse@7.29.7","@babel/types@7.29.7","@types/babel__core@7.20.5","@types/babel__template@7.4.4","@types/babel__traverse@7.28.0","@types/node@26.0.0","@vitest/coverage-v8@4.1.8","eslint@8.57.1","estree-walker@3.0.3","fast-glob@3.3.3","get-tsconfig@4.14.0","mlly@1.8.2","moment-timezone@0.6.2","pkg-types@2.3.0","react-dom@19.2.7","rolldown@1.0.3","terser-webpack-plugin@5.6.0","vitest@4.1.8","vue@3.5.31","@napi-rs/wasm-runtime@0.2.4","@types/node@26.0.0","@vitest/coverage-v8@4.1.8","eslint@8.57.1","rimraf@6.1.3","vitest@4.1.8","@vitest/browser-playwright@4.1.8","@vitest/browser@4.1.8","playwright@1.60.0","rolldown@1.0.3","vitest@4.1.8","@emnapi/core@1.10.0","@emnapi/runtime@1.10.0","@napi-rs/wasm-runtime@0.2.4","@types/node@26.0.0","eslint@8.57.1","fill-range@7.1.1","@types/node@26.0.0","esbuild@0.27.4","vitest@4.1.8","@types/node@26.0.0","fast-glob@3.3.3","glob@13.0.6","@types/node@26.0.0","rolldown@1.0.3","@babel/core@7.29.7","@babel/plugin-transform-typescript@7.29.7","@babel/preset-env@7.29.7","@types/jest@30.0.0","@types/node@26.0.0","babel-jest@30.4.1","eslint@8.57.1","jest-resolve@30.4.1","jest@30.4.2","rollup@4.60.1","eslint@8.57.1","eslint@8.57.1","lint-staged@17.0.5","source-map-support@0.5.21","@types/node@26.0.0","esbuild@0.27.4","typedoc@0.28.19","@types/node@26.0.0","eslint@8.57.1","@types/fs-extra@9.0.13","@types/node@26.0.0","eslint@8.57.1","fs-extra@10.1.0","vitest@4.1.8","@types/node@26.0.0","@vitest/coverage-v8@4.1.8","eslint@8.57.1","vitest@4.1.8","@typescript-eslint/eslint-plugin@8.60.1","@typescript-eslint/parser@8.59.4","eslint@8.57.1","rollup@4.60.1","@types/node@26.0.0","babel-plugin-istanbul@7.0.1","memfs@4.57.2","webpack@5.107.1","lint-staged@17.0.5","eslint@8.57.1","rollup@4.60.1","@types/node@26.0.0","esbuild@0.27.4","eslint@8.57.1","cssstyle@4.6.0","data-urls@5.0.0","eslint@8.57.1","html-encoding-sniffer@4.0.0","http-proxy-agent@7.0.2","https-proxy-agent@7.0.6","js-yaml@4.1.1","minimatch@10.2.5","parse5@7.3.0","saxes@6.0.0","tough-cookie@5.1.2","w3c-xmlserializer@5.0.0","whatwg-encoding@3.1.1","whatwg-url@14.2.0","yargs@17.7.2","lint-staged@17.0.5","@types/node@26.0.0","@vitest/coverage-v8@4.1.8","vitest@4.1.8","@types/node@26.0.0","babel-plugin-istanbul@7.0.1","memfs@4.57.2","webpack@5.107.1","@types/node@26.0.0","@vitest/utils@4.1.8","acorn-walk@8.3.5","estree-walker@3.0.3","magic-string@0.30.21","vite@8.0.16","@vitest/runner@4.1.8","@jridgewell/trace-mapping@0.3.31","@vitest/pretty-format@4.1.8","eslint@8.57.1","rollup@4.60.1","source-map-support@0.5.21","vitest@4.1.8","eslint@8.57.1","serve-static@2.2.1","@antfu/install-pkg@1.1.0","@jridgewell/trace-mapping@0.3.31","@sinonjs/fake-timers@15.4.0","@types/istanbul-reports@3.0.4","@types/jsdom@21.1.7","@types/node@26.0.0","@vitest/browser-playwright@4.1.8","@vitest/coverage-v8@4.1.8","@vitest/expect@4.1.8","@vitest/mocker@4.1.8","@vitest/pretty-format@4.1.8","@vitest/runner@4.1.8","@vitest/snapshot@4.1.8","@vitest/utils@4.1.8","acorn-walk@8.3.5","happy-dom@20.10.2","jsdom@26.1.0","local-pkg@1.1.2","magic-string@0.30.21","tinyglobby@0.2.17","vite@8.0.16","why-is-node-running@2.3.0","eslint@8.57.1","@vitest/utils@4.1.8","acorn-walk@8.3.5","estree-walker@3.0.3","magic-string@0.30.21","vite@8.0.16","@antfu/install-pkg@1.1.0","@jridgewell/trace-mapping@0.3.31","@sinonjs/fake-timers@15.4.0","@types/istanbul-reports@3.0.4","@types/jsdom@21.1.7","@types/node@26.0.0","@vitest/browser-playwright@4.1.8","@vitest/coverage-v8@4.1.8","@vitest/expect@4.1.8","@vitest/mocker@4.1.8","@vitest/pretty-format@4.1.8","@vitest/runner@4.1.8","@vitest/snapshot@4.1.8","@vitest/utils@4.1.8","acorn-walk@8.3.5","happy-dom@20.10.2","jsdom@26.1.0","local-pkg@1.1.2","magic-string@0.30.21","tinyglobby@0.2.17","vite@8.0.16","why-is-node-running@2.3.0","chai@5.3.3","@types/istanbul-reports@3.0.4","@vitest/browser-playwright@4.1.8","@types/ws@8.18.1","@vitest/mocker@4.1.8","@vitest/runner@4.1.8","@vitest/utils@4.1.8","magic-string@0.30.21","sirv@3.0.2","vitest@4.1.8","@jridgewell/trace-mapping@0.3.31","@vitest/pretty-format@4.1.8","@babel/parser@7.29.7","@babel/types@7.29.7","@types/istanbul-lib-report@3.0.3","@types/istanbul-reports@3.0.4","@types/node@26.0.0","@jridgewell/gen-mapping@0.3.13","@jridgewell/trace-mapping@0.3.31","debug@4.4.3","rollup@4.60.1","vite@5.4.21","vue@3.5.31","@vitest/coverage-v8@4.1.8","chai@5.3.3","@babel/core@7.29.7","@babel/parser@7.29.7","chai@5.3.3","debug@4.4.3","js-yaml@4.1.1","nopt@9.0.0","chai@5.3.3","make-dir@4.0.0","rimraf@6.1.3","supports-color@7.2.0","chai@5.3.3","chai@5.3.3","@babel/core@7.29.7","@babel/preset-env@7.29.7","@babel/preset-react@7.28.5","babel-loader@10.1.1","chai@5.3.3","istanbul-lib-report@3.0.1","react-dom@19.2.7","webpack-cli@7.0.2","webpack@5.107.1","magic-string@0.30.21","oxc-parser@0.127.0","rollup@4.60.1","vite@8.0.16","vitest@4.1.8","vue@3.5.31","chai@5.3.3","chai@5.3.3","chai@5.3.3","@types/node@26.0.0","rimraf@6.1.3","import-fresh@3.3.1","@babel/core@7.29.7","@babel/preset-env@7.29.7","@babel/preset-react@7.28.5","babel-loader@10.1.1","chai@5.3.3","rollup@4.60.1","chai@5.3.3","make-dir@4.0.0","rimraf@6.1.3","supports-color@7.2.0","react-dom@19.2.7","webpack-cli@7.0.2","webpack@5.107.1","@babel/code-frame@7.29.7","@babel/types@7.29.7","@babel/generator@7.29.7","@babel/parser@7.29.7","@types/node@26.0.0","@vitest/coverage-v8@4.1.8","@babel/parser@7.29.7","@babel/types@7.29.7","espree@10.4.0","glob@13.0.6","recast@0.23.11","rimraf@6.1.3","eslint@8.57.1","lint-staged@17.0.5","recast@0.23.11","webpack@5.107.1","vitest@4.1.8","@types/debug@4.1.13","@types/node@26.0.0","@vitest/browser-playwright@4.1.8","@vitest/coverage-v8@4.1.8","debug@4.4.3","eslint@8.57.1","playwright@1.60.0","vite@8.0.16","vitest@4.1.8","@types/node@26.0.0","@vitest/coverage-v8@4.1.8","esbuild@0.27.4","rollup@4.60.1","vitest@4.1.8","@antfu/install-pkg@1.1.0","@jridgewell/trace-mapping@0.3.31","@sinonjs/fake-timers@15.4.0","@types/istanbul-reports@3.0.4","@types/jsdom@21.1.7","@types/node@26.0.0","@vitest/browser-playwright@4.1.8","@vitest/coverage-v8@4.1.8","@vitest/expect@4.1.8","@vitest/mocker@4.1.8","@vitest/pretty-format@4.1.8","@vitest/runner@4.1.8","@vitest/snapshot@4.1.8","@vitest/utils@4.1.8","acorn-walk@8.3.5","happy-dom@20.10.2","jsdom@26.1.0","local-pkg@1.1.2","magic-string@0.30.21","tinyglobby@0.2.17","vite@8.0.16","why-is-node-running@2.3.0","@vitest/utils@4.1.8","@jridgewell/trace-mapping@0.3.31","@vitest/pretty-format@4.1.8","eslint@8.57.1","eslint@8.57.1","esbuild@0.27.4","eslint@8.57.1","eslint@8.57.1","@vitest/utils@4.1.8","acorn-walk@8.3.5","@babel/core@7.29.7","@babel/plugin-transform-modules-commonjs@7.29.7","terser@5.48.0","eslint@8.57.1","rollup@4.60.1","source-map-support@0.5.21","vitest@4.1.8","@babel/parser@7.29.7","@jridgewell/remapping@2.3.5","@jridgewell/trace-mapping@0.3.31","@rollup/pluginutils@5.4.0","@types/node@26.0.0","@vitest/utils@4.1.8","chokidar@3.6.0","cross-spawn@7.0.6","dotenv-expand@11.0.7","esbuild@0.27.4","estree-walker@3.0.3","lightningcss@1.32.0","magic-string@0.30.21","mlly@1.8.2","open@8.4.2","parse5@7.3.0","postcss-import@16.1.1","postcss@8.5.15","rolldown@1.0.3","rollup@4.60.1","sirv@3.0.2","terser@5.48.0","tinyglobby@0.2.17","@jridgewell/trace-mapping@0.3.31","@vitest/pretty-format@4.1.8","@types/node@26.0.0","@vitest/coverage-v8@4.1.8","esbuild@0.27.4","eslint@8.57.1","vitest@4.1.8","@jridgewell/trace-mapping@0.3.31","@vitest/pretty-format@4.1.8","eslint@8.57.1","rollup@4.60.1","source-map-support@0.5.21","vitest@4.1.8","@types/node@26.0.0","@vitest/coverage-v8@4.1.8","esbuild@0.27.4","eslint@8.57.1","vitest@4.1.8","@jridgewell/trace-mapping@0.3.31","chai@5.3.3","esbuild@0.27.4","eslint@8.57.1","@types/node@26.0.0","@vitest/coverage-v8@4.1.8","eslint@8.57.1","vite@8.0.16","vitest@4.1.8","@babel/core@7.29.7","@babel/plugin-transform-modules-commonjs@7.29.7","@types/node@26.0.0","terser@5.48.0","@types/node@26.0.0","eslint@8.57.1","@types/node@26.0.0","vitest@4.1.8","@babel/core@7.29.7","@babel/preset-env@7.29.7","rollup@4.60.1","rollup@4.60.1","terser@5.48.0","eslint@8.57.1","glob@13.0.6","@types/node@26.0.0","@typescript-eslint/eslint-plugin@8.60.1","@typescript-eslint/parser@8.59.4","@vitest/coverage-v8@4.1.8","eslint-plugin-n@17.24.0","eslint-plugin-unicorn@56.0.1","eslint@8.57.1","@types/jest@30.0.0","@types/node@26.0.0","@types/jest@30.0.0","@types/node@26.0.0","@typescript-eslint/eslint-plugin@8.60.1","@typescript-eslint/parser@8.59.4","eslint@8.57.1","jest@30.4.2","eslint-plugin-import@2.32.0","eslint@8.57.1","typedoc@0.28.19","vitest@4.1.8","vitest@4.1.8","eslint@8.57.1","jest@30.4.2","abort-controller@3.0.0","form-data@4.0.5","@stylistic/eslint-plugin@5.10.0","@types/node@26.0.0","eslint@8.57.1","@types/node@26.0.0","end-of-stream@1.4.5","typedoc@0.28.19","typedoc@0.28.19","@types/node@26.0.0","end-of-stream@1.4.5","typedoc@0.28.19","@types/node@26.0.0","@types/node@26.0.0","end-of-stream@1.4.5","typedoc@0.28.19","typedoc@0.28.19","eslint@8.57.1","iconv-lite@0.6.3","eslint@8.57.1","esbuild@0.27.4","eslint@8.57.1","knip@6.16.0","@types/node@26.0.0","esbuild@0.27.4","typedoc@0.28.19","rimraf@6.1.3","vite@8.0.16","vitest@4.1.8","@babel/core@7.29.7","@babel/parser@7.29.7","@babel/plugin-transform-typescript@7.29.7","@babel/types@7.29.7","@jridgewell/gen-mapping@0.3.13","@jridgewell/trace-mapping@0.3.31","@babel/parser@7.29.7","@babel/traverse@7.29.7","@babel/types@7.29.7","eslint@8.57.1","eslint@8.57.1","is-core-module@2.16.2","rimraf@6.1.3","eslint@8.57.1","eslint@8.57.1","whatwg-encoding@3.1.1","esbuild@0.27.4","eslint@8.57.1","tr46@5.1.1","eslint@8.57.1","eslint@8.57.1","eslint@8.57.1","iconv-lite@0.6.3","@types/debug@4.1.13","@types/jest@30.0.0","@types/node@26.0.0","@types/debug@4.1.13","@types/jest@30.0.0","@types/node@26.0.0","@types/ws@8.18.1","jest@30.4.2","jest@30.4.2","@types/debug@4.1.13","@types/jest@30.0.0","@types/node@26.0.0","@types/debug@4.1.13","@types/jest@30.0.0","@types/node@26.0.0","@types/ws@8.18.1","jest@30.4.2","jest@30.4.2","eslint@8.57.1","rollup@4.60.1","@types/node@26.0.0","brace-expansion@5.0.6","typedoc@0.28.19","eslint@8.57.1","serve-static@2.2.1","@types/chai@5.2.3","@types/node@26.0.0","@typescript-eslint/eslint-plugin@8.60.1","@typescript-eslint/parser@8.59.4","chai@5.3.3","eslint-plugin-import@2.32.0","eslint-plugin-jsx-a11y@6.10.2","eslint-plugin-react@7.37.5","eslint@8.57.1","typedoc@0.28.19","@types/chai@5.2.3","chai@5.3.3","eslint-plugin-import@2.32.0","eslint@8.57.1","ajv@8.18.0","eslint@8.57.1","resolve@1.22.12","eslint@8.57.1","@types/fs-extra@9.0.13","@types/node@26.0.0","ajv-formats@3.0.1","ajv@8.18.0","eslint@8.57.1","fs-extra@11.3.5","resolve@1.22.12","eslint@8.57.1","eslint@8.57.1","@types/chai@5.2.3","@types/node@26.0.0","@typescript-eslint/eslint-plugin@8.60.1","@typescript-eslint/parser@8.59.4","ajv-formats@3.0.1","chai@5.3.3","eslint@8.57.1","glob@13.0.6","lint-staged@17.0.5","node-fetch@2.7.0","rollup@4.60.1","uri-js@4.4.1","eslint@8.57.1","eslint@8.57.1","js-yaml@4.1.1","eslint@8.57.1","is-core-module@2.16.2","rimraf@6.1.3","eslint@8.57.1","eslint@8.57.1","@types/fs-extra@9.0.13","@types/jest@30.0.0","@types/node@26.0.0","@typescript-eslint/eslint-plugin@8.60.1","@typescript-eslint/parser@8.59.4","ajv-formats@3.0.1","@types/chai@5.2.3","@types/node@26.0.0","@typescript-eslint/eslint-plugin@8.60.1","@typescript-eslint/parser@8.59.4","ajv-formats@3.0.1","chai@5.3.3","eslint@8.57.1","glob@13.0.6","lint-staged@17.0.5","node-fetch@2.7.0","rollup@4.60.1","uri-js@4.4.1","eslint@8.57.1","jest@30.4.2","lint-staged@17.0.5","@types/jest@30.0.0","@types/node@26.0.0","@typescript-eslint/eslint-plugin@8.60.1","@typescript-eslint/parser@8.59.4","ajv@8.18.0","eslint@8.57.1","jest@30.4.2","lint-staged@17.0.5","@types/chai@5.2.3","@types/node@26.0.0","@typescript-eslint/eslint-plugin@8.60.1","@typescript-eslint/parser@8.59.4","ajv-formats@3.0.1","chai@5.3.3","eslint@8.57.1","glob@13.0.6","lint-staged@17.0.5","node-fetch@2.7.0","rollup@4.60.1","uri-js@4.4.1","eslint@8.57.1","import-fresh@3.3.1","rimraf@6.1.3","rimraf@6.1.3","eslint@8.57.1","js-yaml@4.1.1","eslint@8.57.1","is-core-module@2.16.2","rimraf@6.1.3","ajv@8.20.0","eslint@8.57.1","eslint@8.57.1","js-yaml@4.1.1","eslint@8.57.1","is-core-module@2.16.2","rimraf@6.1.3","@types/fs-extra@9.0.13","@types/node@26.0.0","ajv-formats@3.0.1","ajv@8.18.0","eslint@8.57.1","fs-extra@11.3.5","resolve@1.22.12","@types/node@26.0.0","eslint@8.57.1","eslint@8.57.1","import-fresh@3.3.1","@types/fs-extra@9.0.13","@types/node@26.0.0","ajv-formats@3.0.1","ajv@8.18.0","eslint@8.57.1","fs-extra@11.3.5","resolve@1.22.12","@rushstack/node-core-library@5.23.1","@types/node@26.0.0","eslint@8.57.1","supports-color@8.1.1","eslint@8.57.1","eslint@8.57.1","@babel/core@7.29.7","@babel/preset-env@7.29.7","babel-loader@10.1.1","babel-plugin-istanbul@7.0.1","chai@5.3.3","eslint@8.57.1","rollup@4.60.1","webpack-dev-server@5.2.4","webpack@5.107.1","eslint@8.57.1","@types/node@26.0.0","@types/node@26.0.0","typedoc@0.28.19","typedoc@0.28.19","eslint@8.57.1","is-core-module@2.16.2","rimraf@6.1.3","webpack@5.107.1","@types/chai@5.2.3","@types/node@26.0.0","@typescript-eslint/type-utils@8.60.1","@typescript-eslint/utils@8.60.1","chai@5.3.3","chokidar@3.6.0","esbuild@0.27.4","eslint@8.57.1","glob@13.0.6","knip@6.16.0","playwright@1.60.0","source-map-support@0.5.21","which@5.0.0","@types/jest@30.0.0","@types/node@26.0.0","@babel/core@7.29.7","@babel/eslint-parser@7.28.6","babel-plugin-istanbul@7.0.1","chai@5.3.3","eslint@8.57.1","fs-extra@10.1.0","rollup@4.60.1","yargs@17.7.2","eslint-plugin-import@2.32.0","eslint@8.57.1","jest@30.4.2","@types/chai@5.2.3","@types/node@26.0.0","chai@5.3.3","rimraf@6.1.3","rollup@4.60.1","@types/chai@5.2.3","@types/node@26.0.0","chai@5.3.3","rimraf@6.1.3","rollup@4.60.1","eslint@8.57.1","jsdom@26.1.0","eslint@8.57.1","eslint@8.57.1","eslint@8.57.1","eslint@8.57.1","whatwg-encoding@3.1.1","esbuild@0.27.4","eslint@8.57.1","eslint@8.57.1","eslint@8.57.1","eslint@8.57.1","eslint@8.57.1","@types/chai@5.2.3","@types/node@26.0.0","chai@5.3.3","@types/node@26.0.0","@typescript-eslint/eslint-plugin@8.60.1","@typescript-eslint/parser@8.59.4","chai@5.3.3","eslint-plugin-import@2.32.0","eslint@8.57.1","rimraf@6.1.3","rollup@4.60.1","strip-ansi@6.0.1","ansi-styles@4.3.0","string-width@4.2.3","strip-ansi@6.0.1","cross-spawn@7.0.6","eslint@8.57.1","@types/chai@5.2.3","@types/node@26.0.0","chai@5.3.3","rimraf@6.1.3","rollup@4.60.1","@babel/core@7.29.7","@babel/preset-env@7.29.7","which@5.0.0","@types/node@26.0.0","chai@5.3.3","rimraf@6.1.3","rollup@4.60.1","@types/chai@5.2.3","@types/node@26.0.0","@typescript-eslint/eslint-plugin@8.60.1","@typescript-eslint/parser@8.59.4","chai@5.3.3","eslint-plugin-import@2.32.0","eslint@8.57.1","rimraf@6.1.3","rollup@4.60.1","@types/chai@5.2.3","@types/node@26.0.0","chai@5.3.3","eslint@8.57.1","@types/node@26.0.0","@vitest/coverage-v8@4.1.8","eslint@8.57.1","pkg-types@1.3.1","vitest@4.1.8","@types/node@26.0.0","@vitest/coverage-v8@4.1.8","@types/node@26.0.0","@vitest/coverage-v8@4.1.8","eslint@8.57.1","js-yaml@4.1.1","vitest@4.1.8","eslint@8.57.1","@types/node@26.0.0","@vitest/coverage-v8@4.1.8","eslint@8.57.1","@types/node@26.0.0","@types/ws@8.18.1","buffer-image-size@0.6.4","vitest@4.1.8","vitest@4.1.8","@types/node@26.0.0","@vitest/coverage-v8@4.1.8","esbuild@0.27.4","eslint@8.57.1","vitest@4.1.8","vitest@4.1.8","@types/node@26.0.0","eslint@8.57.1","eslint@8.57.1","jest@30.4.2","lint-staged@17.0.5","vite@8.0.16","vitest@4.1.8","vitest@4.1.8","eslint@8.57.1","rollup@4.60.1","source-map-support@0.5.21","vitest@4.1.8","@types/node@26.0.0","@typescript-eslint/eslint-plugin@8.60.1","@typescript-eslint/parser@8.59.4","eslint-plugin-import@2.32.0","eslint@8.57.1","eslint-plugin-import@2.32.0","eslint@8.57.1","@types/debug@4.1.13","@types/node@26.0.0","@vitest/browser-playwright@4.1.8","@vitest/coverage-v8@4.1.8","debug@4.4.3","eslint@8.57.1","playwright@1.60.0","vite@8.0.16","vitest@4.1.8","@types/node@26.0.0","@vitest/coverage-v8@4.1.8","esbuild@0.27.4","eslint@8.57.1","@babel/core@7.29.7","@babel/helper-module-imports@7.29.7","@babel/helper-module-transforms@7.29.7","@babel/plugin-proposal-decorators@7.29.7","@babel/plugin-syntax-class-properties@7.12.13","@babel/plugin-syntax-import-assertions@7.29.7","@babel/plugin-syntax-jsx@7.29.7","@babel/plugin-transform-explicit-resource-management@7.29.7","@babel/plugin-transform-export-namespace-from@7.29.7","@babel/plugin-transform-react-jsx@7.28.6","@babel/plugin-transform-typescript@7.29.7","@babel/preset-typescript@7.29.7","@babel/template@7.29.7","@babel/traverse@7.29.7","@babel/types@7.29.7","@types/babel__core@7.20.5","@types/babel__template@7.4.4","@types/babel__traverse@7.28.0","@types/node@26.0.0","@vitest/coverage-v8@4.1.8","eslint@8.57.1","estree-walker@3.0.3","fast-glob@3.3.3","get-tsconfig@4.14.0","mlly@1.8.2","moment-timezone@0.6.2","pkg-types@2.3.0","react-dom@19.2.7","rolldown@1.0.3","terser-webpack-plugin@5.6.0","vitest@4.1.8","vue@3.5.31","vitest@4.1.8","eslint@8.57.1","fill-range@7.1.1","@types/node@26.0.0","@vitest/coverage-v8@4.1.8","esbuild@0.27.4","rollup@4.60.1","vitest@4.1.8","@types/node@26.0.0","@vitest/coverage-v8@4.1.8","eslint@8.57.1","vitest@4.1.8","@types/node@26.0.0","fast-glob@3.3.3","@types/node@26.0.0","@vitest/coverage-v8@4.1.8","expect@30.4.1","fast-glob@3.3.3","glob@13.0.6","vitest@4.1.8","glob@13.0.6","eslint@8.57.1","fill-range@7.1.1","@babel/parser@7.29.7","@jridgewell/remapping@2.3.5","@jridgewell/trace-mapping@0.3.31","@rollup/pluginutils@5.4.0","@types/node@26.0.0","@vitest/utils@4.1.8","chokidar@3.6.0","cross-spawn@7.0.6","dotenv-expand@11.0.7","esbuild@0.27.4","estree-walker@3.0.3","lightningcss@1.32.0","magic-string@0.30.21","mlly@1.8.2","open@8.4.2","parse5@7.3.0","postcss-import@16.1.1","postcss@8.5.15","rolldown@1.0.3","rollup@4.60.1","sirv@3.0.2","terser@5.48.0","tinyglobby@0.2.17","eslint@8.57.1","strip-ansi@7.2.0","@babel/core@7.29.7","@babel/code-frame@7.29.7","@babel/types@7.29.7","@babel/plugin-transform-typescript@7.29.7","@babel/generator@7.29.7","@babel/parser@7.29.7","@jridgewell/trace-mapping@0.3.31","core-js-compat@3.49.0","update-browserslist-db@1.2.3","@babel/code-frame@7.29.7","@babel/generator@7.29.7","@babel/helper-compilation-targets@7.29.7","@babel/helper-module-transforms@7.29.7","@babel/helpers@7.29.7","@babel/parser@7.29.7","@babel/plugin-transform-modules-commonjs@7.29.7","@babel/preset-env@7.29.7","@babel/preset-typescript@7.29.7","@babel/template@7.29.7","@babel/traverse@7.29.7","@babel/types@7.29.7","@jridgewell/remapping@2.3.5","@jridgewell/trace-mapping@0.3.31","@types/debug@4.1.13","debug@4.4.3","rimraf@6.1.3","@babel/core@7.29.7","@babel/traverse@7.29.7","@babel/types@7.29.7","@babel/code-frame@7.29.7","@babel/core@7.29.7","@babel/generator@7.29.7","@babel/parser@7.29.7","@babel/template@7.29.7","@babel/types@7.29.7","debug@4.4.3","@babel/generator@7.29.7","@babel/parser@7.29.7","@babel/code-frame@7.29.7","@babel/parser@7.29.7","@babel/types@7.29.7","@babel/generator@7.29.7","@babel/parser@7.29.7","@babel/code-frame@7.29.7","@babel/types@7.29.7","@babel/plugin-transform-modules-commonjs@7.29.7","@babel/preset-env@7.29.7","@babel/preset-typescript@7.29.7","strip-ansi@7.2.0","@babel/code-frame@7.29.7","@babel/types@7.29.7","@babel/generator@7.29.7","@babel/parser@7.29.7","strip-ansi@7.2.0","@babel/core@7.29.7","@babel/core@7.29.7","@babel/parser@7.29.7","@babel/plugin-transform-typescript@7.29.7","@babel/types@7.29.7","@jridgewell/gen-mapping@0.3.13","@jridgewell/trace-mapping@0.3.31","@babel/code-frame@7.29.7","@babel/types@7.29.7","@babel/code-frame@7.29.7","@babel/parser@7.29.7","@babel/types@7.29.7","@babel/generator@7.29.7","@babel/parser@7.29.7","@babel/generator@7.29.7","@babel/parser@7.29.7","@jridgewell/gen-mapping@0.3.13","@jridgewell/trace-mapping@0.3.31","@jridgewell/trace-mapping@0.3.31","@types/debug@4.1.13","eslint@8.57.1","jest@30.4.2","eslint-plugin-import@2.32.0","eslint@8.57.1","rollup@4.60.1","rimraf@6.1.3","@babel/code-frame@7.29.7","@babel/generator@7.29.7","@babel/helper-compilation-targets@7.29.7","@babel/helper-module-transforms@7.29.7","@babel/helpers@7.29.7","@babel/parser@7.29.7","@babel/plugin-transform-modules-commonjs@7.29.7","@babel/preset-env@7.29.7","@babel/preset-typescript@7.29.7","@babel/template@7.29.7","@babel/traverse@7.29.7","@babel/types@7.29.7","@jridgewell/remapping@2.3.5","@jridgewell/trace-mapping@0.3.31","@types/debug@4.1.13","debug@4.4.3","rimraf@6.1.3","@babel/traverse@7.29.7","@babel/generator@7.29.7","@babel/parser@7.29.7","@babel/code-frame@7.29.7","@babel/generator@7.29.7","@babel/helper-compilation-targets@7.29.7","@babel/helper-module-transforms@7.29.7","@babel/helpers@7.29.7","@babel/parser@7.29.7","@babel/plugin-transform-modules-commonjs@7.29.7","@babel/preset-env@7.29.7","@babel/preset-typescript@7.29.7","@babel/template@7.29.7","@babel/traverse@7.29.7","@babel/types@7.29.7","@jridgewell/remapping@2.3.5","@jridgewell/trace-mapping@0.3.31","@types/debug@4.1.13","debug@4.4.3","rimraf@6.1.3","@babel/traverse@7.29.7","@babel/types@7.29.7","@babel/code-frame@7.29.7","@babel/core@7.29.7","@babel/generator@7.29.7","@babel/parser@7.29.7","@babel/template@7.29.7","@babel/types@7.29.7","debug@4.4.3","@babel/generator@7.29.7","@babel/parser@7.29.7","@babel/generator@7.29.7","@babel/parser@7.29.7","@babel/generator@7.29.7","@babel/parser@7.29.7","@babel/code-frame@7.29.7","@babel/generator@7.29.7","@babel/helper-compilation-targets@7.29.7","@babel/helper-module-transforms@7.29.7","@babel/helpers@7.29.7","@babel/parser@7.29.7","@babel/plugin-transform-modules-commonjs@7.29.7","@babel/preset-env@7.29.7","@babel/preset-typescript@7.29.7","@babel/template@7.29.7","@babel/traverse@7.29.7","@babel/types@7.29.7","@jridgewell/remapping@2.3.5","@jridgewell/trace-mapping@0.3.31","@types/debug@4.1.13","debug@4.4.3","rimraf@6.1.3","@babel/traverse@7.29.7","@babel/types@7.29.7","@babel/generator@7.29.7","@babel/parser@7.29.7","@babel/types@7.29.7","@babel/code-frame@7.29.7","@babel/core@7.29.7","@babel/generator@7.29.7","@babel/parser@7.29.7","@babel/template@7.29.7","@babel/types@7.29.7","debug@4.4.3","@babel/traverse@7.29.7","@babel/types@7.29.7","@babel/preset-env@7.29.7","@babel/code-frame@7.29.7","@babel/core@7.29.7","@babel/generator@7.29.7","@babel/parser@7.29.7","@babel/template@7.29.7","@babel/types@7.29.7","debug@4.4.3","@babel/core@7.29.7","@babel/code-frame@7.29.7","@babel/core@7.29.7","@babel/generator@7.29.7","@babel/parser@7.29.7","@babel/template@7.29.7","@babel/types@7.29.7","debug@4.4.3","@babel/generator@7.29.7","@babel/parser@7.29.7","@babel/code-frame@7.29.7","@babel/generator@7.29.7","@babel/helper-compilation-targets@7.29.7","@babel/helper-module-transforms@7.29.7","@babel/helpers@7.29.7","@babel/parser@7.29.7","@babel/plugin-transform-modules-commonjs@7.29.7","@babel/preset-env@7.29.7","@babel/preset-typescript@7.29.7","@babel/template@7.29.7","@babel/traverse@7.29.7","@babel/types@7.29.7","@jridgewell/remapping@2.3.5","@jridgewell/trace-mapping@0.3.31","@types/debug@4.1.13","debug@4.4.3","rimraf@6.1.3","@babel/core@7.29.7","@babel/code-frame@7.29.7","@babel/core@7.29.7","@babel/generator@7.29.7","@babel/parser@7.29.7","@babel/template@7.29.7","@babel/types@7.29.7","debug@4.4.3","@babel/generator@7.29.7","@babel/parser@7.29.7","browserslist@4.28.2","rollup@4.60.1","node-fetch@2.7.0","@babel/code-frame@7.29.7","@babel/generator@7.29.7","@babel/helper-compilation-targets@7.29.7","@babel/helper-module-transforms@7.29.7","@babel/helpers@7.29.7","@babel/parser@7.29.7","@babel/plugin-transform-modules-commonjs@7.29.7","@babel/preset-env@7.29.7","@babel/preset-typescript@7.29.7","@babel/template@7.29.7","@babel/traverse@7.29.7","@babel/types@7.29.7","@jridgewell/remapping@2.3.5","@jridgewell/trace-mapping@0.3.31","@types/debug@4.1.13","debug@4.4.3","rimraf@6.1.3","browserslist@4.28.2","lru-cache@5.1.1","@babel/core@7.29.7","@babel/code-frame@7.29.7","@babel/generator@7.29.7","@babel/helper-compilation-targets@7.29.7","@babel/helper-module-transforms@7.29.7","@babel/helpers@7.29.7","@babel/parser@7.29.7","@babel/plugin-transform-modules-commonjs@7.29.7","@babel/preset-env@7.29.7","@babel/preset-typescript@7.29.7","@babel/template@7.29.7","@babel/traverse@7.29.7","@babel/types@7.29.7","@jridgewell/remapping@2.3.5","@jridgewell/trace-mapping@0.3.31","@types/debug@4.1.13","debug@4.4.3","rimraf@6.1.3","@babel/core@7.29.7","@babel/code-frame@7.29.7","@babel/core@7.29.7","@babel/generator@7.29.7","@babel/parser@7.29.7","@babel/template@7.29.7","@babel/types@7.29.7","debug@4.4.3","@babel/code-frame@7.29.7","@babel/generator@7.29.7","@babel/helper-compilation-targets@7.29.7","@babel/helper-module-transforms@7.29.7","@babel/helpers@7.29.7","@babel/parser@7.29.7","@babel/plugin-transform-modules-commonjs@7.29.7","@babel/preset-env@7.29.7","@babel/preset-typescript@7.29.7","@babel/template@7.29.7","@babel/traverse@7.29.7","@babel/types@7.29.7","@jridgewell/remapping@2.3.5","@jridgewell/trace-mapping@0.3.31","@types/debug@4.1.13","debug@4.4.3","rimraf@6.1.3","@babel/core@7.29.7","@babel/traverse@7.29.7","@babel/code-frame@7.29.7","@babel/generator@7.29.7","@babel/helper-compilation-targets@7.29.7","@babel/helper-module-transforms@7.29.7","@babel/helpers@7.29.7","@babel/parser@7.29.7","@babel/plugin-transform-modules-commonjs@7.29.7","@babel/preset-env@7.29.7","@babel/preset-typescript@7.29.7","@babel/template@7.29.7","@babel/traverse@7.29.7","@babel/types@7.29.7","@jridgewell/remapping@2.3.5","@jridgewell/trace-mapping@0.3.31","@types/debug@4.1.13","debug@4.4.3","rimraf@6.1.3","@babel/core@7.29.7","@babel/traverse@7.29.7","@babel/code-frame@7.29.7","@babel/generator@7.29.7","@babel/helper-compilation-targets@7.29.7","@babel/helper-module-transforms@7.29.7","@babel/helpers@7.29.7","@babel/parser@7.29.7","@babel/plugin-transform-modules-commonjs@7.29.7","@babel/preset-env@7.29.7","@babel/preset-typescript@7.29.7","@babel/template@7.29.7","@babel/traverse@7.29.7","@babel/types@7.29.7","@jridgewell/remapping@2.3.5","@jridgewell/trace-mapping@0.3.31","@types/debug@4.1.13","debug@4.4.3","rimraf@6.1.3","@babel/core@7.29.7","@babel/traverse@7.29.7","@babel/types@7.29.7","@babel/traverse@7.29.7","@babel/code-frame@7.29.7","@babel/generator@7.29.7","@babel/helper-compilation-targets@7.29.7","@babel/helper-module-transforms@7.29.7","@babel/helpers@7.29.7","@babel/parser@7.29.7","@babel/plugin-transform-modules-commonjs@7.29.7","@babel/preset-env@7.29.7","@babel/preset-typescript@7.29.7","@babel/template@7.29.7","@babel/traverse@7.29.7","@babel/types@7.29.7","@jridgewell/remapping@2.3.5","@jridgewell/trace-mapping@0.3.31","@types/debug@4.1.13","debug@4.4.3","rimraf@6.1.3","@babel/core@7.29.7","@babel/traverse@7.29.7","@babel/types@7.29.7","@babel/core@7.29.7","@babel/helper-skip-transparent-expression-wrappers@7.29.7","@babel/plugin-transform-block-scoping@7.29.7","@babel/traverse@7.29.7","@babel/traverse@7.29.7","@babel/code-frame@7.29.7","@babel/generator@7.29.7","@babel/helper-compilation-targets@7.29.7","@babel/helper-module-transforms@7.29.7","@babel/helpers@7.29.7","@babel/parser@7.29.7","@babel/plugin-transform-modules-commonjs@7.29.7","@babel/preset-env@7.29.7","@babel/preset-typescript@7.29.7","@babel/template@7.29.7","@babel/traverse@7.29.7","@babel/types@7.29.7","@jridgewell/remapping@2.3.5","@jridgewell/trace-mapping@0.3.31","@types/debug@4.1.13","debug@4.4.3","rimraf@6.1.3","@babel/core@7.29.7","@babel/code-frame@7.29.7","@babel/core@7.29.7","@babel/generator@7.29.7","@babel/parser@7.29.7","@babel/template@7.29.7","@babel/types@7.29.7","debug@4.4.3","@babel/code-frame@7.29.7","@babel/generator@7.29.7","@babel/helper-compilation-targets@7.29.7","@babel/helper-module-transforms@7.29.7","@babel/helpers@7.29.7","@babel/parser@7.29.7","@babel/plugin-transform-modules-commonjs@7.29.7","@babel/preset-env@7.29.7","@babel/preset-typescript@7.29.7","@babel/template@7.29.7","@babel/traverse@7.29.7","@babel/types@7.29.7","@jridgewell/remapping@2.3.5","@jridgewell/trace-mapping@0.3.31","@types/debug@4.1.13","debug@4.4.3","rimraf@6.1.3","@babel/core@7.29.7","@babel/code-frame@7.29.7","@babel/generator@7.29.7","@babel/helper-compilation-targets@7.29.7","@babel/helper-module-transforms@7.29.7","@babel/helpers@7.29.7","@babel/parser@7.29.7","@babel/plugin-transform-modules-commonjs@7.29.7","@babel/preset-env@7.29.7","@babel/preset-typescript@7.29.7","@babel/template@7.29.7","@babel/traverse@7.29.7","@babel/types@7.29.7","@jridgewell/remapping@2.3.5","@jridgewell/trace-mapping@0.3.31","@types/debug@4.1.13","debug@4.4.3","rimraf@6.1.3","@babel/core@7.29.7","@babel/code-frame@7.29.7","@babel/generator@7.29.7","@babel/helper-compilation-targets@7.29.7","@babel/helper-module-transforms@7.29.7","@babel/helpers@7.29.7","@babel/parser@7.29.7","@babel/plugin-transform-modules-commonjs@7.29.7","@babel/preset-env@7.29.7","@babel/preset-typescript@7.29.7","@babel/template@7.29.7","@babel/traverse@7.29.7","@babel/types@7.29.7","@jridgewell/remapping@2.3.5","@jridgewell/trace-mapping@0.3.31","@types/debug@4.1.13","debug@4.4.3","rimraf@6.1.3","@babel/code-frame@7.29.7","@babel/generator@7.29.7","@babel/helper-compilation-targets@7.29.7","@babel/helper-module-transforms@7.29.7","@babel/helpers@7.29.7","@babel/parser@7.29.7","@babel/plugin-transform-modules-commonjs@7.29.7","@babel/preset-env@7.29.7","@babel/preset-typescript@7.29.7","@babel/template@7.29.7","@babel/traverse@7.29.7","@babel/types@7.29.7","@jridgewell/remapping@2.3.5","@jridgewell/trace-mapping@0.3.31","@types/debug@4.1.13","debug@4.4.3","rimraf@6.1.3","@babel/traverse@7.29.7","@babel/types@7.29.7","eslint@8.57.1","eslint@8.57.1","regjsparser@0.10.0","@babel/core@7.29.7","@babel/code-frame@7.29.7","@babel/generator@7.29.7","@babel/helper-compilation-targets@7.29.7","@babel/helper-module-transforms@7.29.7","@babel/helpers@7.29.7","@babel/parser@7.29.7","@babel/plugin-transform-modules-commonjs@7.29.7","@babel/preset-env@7.29.7","@babel/preset-typescript@7.29.7","@babel/template@7.29.7","@babel/traverse@7.29.7","@babel/types@7.29.7","@jridgewell/remapping@2.3.5","@jridgewell/trace-mapping@0.3.31","@types/debug@4.1.13","debug@4.4.3","rimraf@6.1.3","@babel/core@7.29.7","@babel/traverse@7.29.7","@babel/types@7.29.7","@babel/code-frame@7.29.7","@babel/generator@7.29.7","@babel/helper-compilation-targets@7.29.7","@babel/helper-module-transforms@7.29.7","@babel/helpers@7.29.7","@babel/parser@7.29.7","@babel/plugin-transform-modules-commonjs@7.29.7","@babel/preset-env@7.29.7","@babel/preset-typescript@7.29.7","@babel/template@7.29.7","@babel/traverse@7.29.7","@babel/types@7.29.7","@jridgewell/remapping@2.3.5","@jridgewell/trace-mapping@0.3.31","@types/debug@4.1.13","debug@4.4.3","rimraf@6.1.3","@babel/core@7.29.7","@babel/code-frame@7.29.7","@babel/generator@7.29.7","@babel/helper-compilation-targets@7.29.7","@babel/helper-module-transforms@7.29.7","@babel/helpers@7.29.7","@babel/parser@7.29.7","@babel/plugin-transform-modules-commonjs@7.29.7","@babel/preset-env@7.29.7","@babel/preset-typescript@7.29.7","@babel/template@7.29.7","@babel/traverse@7.29.7","@babel/types@7.29.7","@jridgewell/remapping@2.3.5","@jridgewell/trace-mapping@0.3.31","@types/debug@4.1.13","debug@4.4.3","rimraf@6.1.3","@babel/traverse@7.29.7","@babel/types@7.29.7","@babel/code-frame@7.29.7","@babel/parser@7.29.7","@babel/types@7.29.7","@babel/code-frame@7.29.7","@babel/core@7.29.7","@babel/generator@7.29.7","@babel/parser@7.29.7","@babel/template@7.29.7","@babel/types@7.29.7","debug@4.4.3","@babel/generator@7.29.7","@babel/parser@7.29.7","@babel/code-frame@7.29.7","@babel/core@7.29.7","@babel/generator@7.29.7","@babel/parser@7.29.7","@babel/template@7.29.7","@babel/types@7.29.7","debug@4.4.3","@babel/code-frame@7.29.7","@babel/core@7.29.7","@babel/generator@7.29.7","@babel/parser@7.29.7","@babel/template@7.29.7","@babel/types@7.29.7","debug@4.4.3","@babel/code-frame@7.29.7","@babel/generator@7.29.7","@babel/helper-compilation-targets@7.29.7","@babel/helper-module-transforms@7.29.7","@babel/helpers@7.29.7","@babel/parser@7.29.7","@babel/plugin-transform-modules-commonjs@7.29.7","@babel/preset-env@7.29.7","@babel/preset-typescript@7.29.7","@babel/template@7.29.7","@babel/traverse@7.29.7","@babel/types@7.29.7","@jridgewell/remapping@2.3.5","@jridgewell/trace-mapping@0.3.31","@types/debug@4.1.13","debug@4.4.3","rimraf@6.1.3","@babel/core@7.29.7","@babel/generator@7.29.7","@babel/helper-compilation-targets@7.29.7","@babel/plugin-transform-modules-commonjs@7.29.7","@babel/traverse@7.29.7","babel-loader@10.1.1","debug@4.4.3","resolve@1.22.12","rollup@4.60.1","strip-ansi@7.2.0","webpack-cli@7.0.2","webpack@5.107.1","@babel/plugin-proposal-decorators@7.29.7","@babel/plugin-transform-class-properties@7.29.7","@babel/plugin-transform-classes@7.29.7","@babel/plugin-transform-for-of@7.29.7","@babel/plugin-transform-modules-commonjs@7.29.7","@babel/plugin-transform-runtime@7.29.7","@babel/plugin-transform-spread@7.29.7","browserslist@4.28.2","@babel/code-frame@7.29.7","@babel/generator@7.29.7","@babel/helper-compilation-targets@7.29.7","@babel/helper-module-transforms@7.29.7","@babel/helpers@7.29.7","@babel/parser@7.29.7","@babel/plugin-transform-modules-commonjs@7.29.7","@babel/preset-env@7.29.7","@babel/preset-typescript@7.29.7","@babel/template@7.29.7","@babel/traverse@7.29.7","@babel/types@7.29.7","@jridgewell/remapping@2.3.5","@jridgewell/trace-mapping@0.3.31","@types/debug@4.1.13","debug@4.4.3","rimraf@6.1.3","@babel/core@7.29.7","@babel/traverse@7.29.7","@babel/types@7.29.7","@babel/core@7.29.7","@babel/core@7.29.7","@babel/helper-annotate-as-pure@7.29.7","@babel/helper-wrap-function@7.29.7","@babel/traverse@7.29.7","@babel/code-frame@7.29.7","@babel/generator@7.29.7","@babel/helper-compilation-targets@7.29.7","@babel/helper-module-transforms@7.29.7","@babel/helpers@7.29.7","@babel/parser@7.29.7","@babel/plugin-transform-modules-commonjs@7.29.7","@babel/preset-env@7.29.7","@babel/preset-typescript@7.29.7","@babel/template@7.29.7","@babel/traverse@7.29.7","@babel/types@7.29.7","@jridgewell/remapping@2.3.5","@jridgewell/trace-mapping@0.3.31","@types/debug@4.1.13","debug@4.4.3","rimraf@6.1.3","@babel/core@7.29.7","@babel/code-frame@7.29.7","@babel/generator@7.29.7","@babel/helper-compilation-targets@7.29.7","@babel/helper-module-transforms@7.29.7","@babel/helpers@7.29.7","@babel/parser@7.29.7","@babel/plugin-transform-modules-commonjs@7.29.7","@babel/preset-env@7.29.7","@babel/preset-typescript@7.29.7","@babel/template@7.29.7","@babel/traverse@7.29.7","@babel/types@7.29.7","@jridgewell/remapping@2.3.5","@jridgewell/trace-mapping@0.3.31","@types/debug@4.1.13","debug@4.4.3","rimraf@6.1.3","@babel/core@7.29.7","@babel/traverse@7.29.7","@babel/code-frame@7.29.7","@babel/generator@7.29.7","@babel/helper-compilation-targets@7.29.7","@babel/helper-module-transforms@7.29.7","@babel/helpers@7.29.7","@babel/parser@7.29.7","@babel/plugin-transform-modules-commonjs@7.29.7","@babel/preset-env@7.29.7","@babel/preset-typescript@7.29.7","@babel/template@7.29.7","@babel/traverse@7.29.7","@babel/types@7.29.7","@jridgewell/remapping@2.3.5","@jridgewell/trace-mapping@0.3.31","@types/debug@4.1.13","debug@4.4.3","rimraf@6.1.3","@babel/core@7.29.7","@babel/helper-annotate-as-pure@7.29.7","@babel/helper-member-expression-to-functions@7.29.7","@babel/helper-optimise-call-expression@7.29.7","@babel/helper-replace-supers@7.29.7","@babel/helper-skip-transparent-expression-wrappers@7.29.7","@babel/preset-env@7.29.7","@babel/traverse@7.29.7","@babel/core@7.29.7","@babel/code-frame@7.29.7","@babel/generator@7.29.7","@babel/helper-compilation-targets@7.29.7","@babel/helper-module-transforms@7.29.7","@babel/helpers@7.29.7","@babel/parser@7.29.7","@babel/plugin-transform-modules-commonjs@7.29.7","@babel/preset-env@7.29.7","@babel/preset-typescript@7.29.7","@babel/template@7.29.7","@babel/traverse@7.29.7","@babel/types@7.29.7","@jridgewell/remapping@2.3.5","@jridgewell/trace-mapping@0.3.31","@types/debug@4.1.13","debug@4.4.3","rimraf@6.1.3","@babel/core@7.29.7","@babel/helper-annotate-as-pure@7.29.7","@babel/helper-member-expression-to-functions@7.29.7","@babel/helper-optimise-call-expression@7.29.7","@babel/helper-replace-supers@7.29.7","@babel/helper-skip-transparent-expression-wrappers@7.29.7","@babel/preset-env@7.29.7","@babel/traverse@7.29.7","@babel/core@7.29.7","@babel/core@7.29.7","@babel/helper-create-class-features-plugin@7.29.7","@babel/traverse@7.29.7","@babel/types@7.29.7","@babel/code-frame@7.29.7","@babel/generator@7.29.7","@babel/helper-compilation-targets@7.29.7","@babel/helper-module-transforms@7.29.7","@babel/helpers@7.29.7","@babel/parser@7.29.7","@babel/plugin-transform-modules-commonjs@7.29.7","@babel/preset-env@7.29.7","@babel/preset-typescript@7.29.7","@babel/template@7.29.7","@babel/traverse@7.29.7","@babel/types@7.29.7","@jridgewell/remapping@2.3.5","@jridgewell/trace-mapping@0.3.31","@types/debug@4.1.13","debug@4.4.3","rimraf@6.1.3","@babel/traverse@7.29.7","@babel/types@7.29.7","browserslist@4.28.2","lru-cache@5.1.1","@babel/core@7.29.7","@babel/core@7.29.7","@babel/helper-member-expression-to-functions@7.29.7","@babel/helper-optimise-call-expression@7.29.7","@babel/traverse@7.29.7","@babel/code-frame@7.29.7","@babel/core@7.29.7","@babel/generator@7.29.7","@babel/parser@7.29.7","@babel/template@7.29.7","@babel/types@7.29.7","debug@4.4.3","@babel/code-frame@7.29.7","@babel/generator@7.29.7","@babel/helper-compilation-targets@7.29.7","@babel/helper-module-transforms@7.29.7","@babel/helpers@7.29.7","@babel/parser@7.29.7","@babel/plugin-transform-modules-commonjs@7.29.7","@babel/preset-env@7.29.7","@babel/preset-typescript@7.29.7","@babel/template@7.29.7","@babel/traverse@7.29.7","@babel/types@7.29.7","@jridgewell/remapping@2.3.5","@jridgewell/trace-mapping@0.3.31","@types/debug@4.1.13","debug@4.4.3","rimraf@6.1.3","@babel/core@7.29.7","@babel/code-frame@7.29.7","@babel/parser@7.29.7","@babel/types@7.29.7","@babel/code-frame@7.29.7","@babel/generator@7.29.7","@babel/helper-compilation-targets@7.29.7","@babel/helper-module-transforms@7.29.7","@babel/helpers@7.29.7","@babel/parser@7.29.7","@babel/plugin-transform-modules-commonjs@7.29.7","@babel/preset-env@7.29.7","@babel/preset-typescript@7.29.7","@babel/template@7.29.7","@babel/traverse@7.29.7","@babel/types@7.29.7","@jridgewell/remapping@2.3.5","@jridgewell/trace-mapping@0.3.31","@types/debug@4.1.13","debug@4.4.3","rimraf@6.1.3","@babel/core@7.29.7","@babel/code-frame@7.29.7","@babel/core@7.29.7","@babel/generator@7.29.7","@babel/parser@7.29.7","@babel/template@7.29.7","@babel/types@7.29.7","debug@4.4.3","@babel/code-frame@7.29.7","@babel/generator@7.29.7","@babel/helper-compilation-targets@7.29.7","@babel/helper-module-transforms@7.29.7","@babel/helpers@7.29.7","@babel/parser@7.29.7","@babel/plugin-transform-modules-commonjs@7.29.7","@babel/preset-env@7.29.7","@babel/preset-typescript@7.29.7","@babel/template@7.29.7","@babel/traverse@7.29.7","@babel/types@7.29.7","@jridgewell/remapping@2.3.5","@jridgewell/trace-mapping@0.3.31","@types/debug@4.1.13","debug@4.4.3","rimraf@6.1.3","@babel/core@7.29.7","@babel/helper-annotate-as-pure@7.29.7","regexpu-core@6.4.0","@babel/core@7.29.7","@babel/code-frame@7.29.7","@babel/generator@7.29.7","@babel/helper-compilation-targets@7.29.7","@babel/helper-module-transforms@7.29.7","@babel/helpers@7.29.7","@babel/parser@7.29.7","@babel/plugin-transform-modules-commonjs@7.29.7","@babel/preset-env@7.29.7","@babel/preset-typescript@7.29.7","@babel/template@7.29.7","@babel/traverse@7.29.7","@babel/types@7.29.7","@jridgewell/remapping@2.3.5","@jridgewell/trace-mapping@0.3.31","@types/debug@4.1.13","debug@4.4.3","rimraf@6.1.3","@babel/core@7.29.7","@babel/code-frame@7.29.7","@babel/generator@7.29.7","@babel/helper-compilation-targets@7.29.7","@babel/helper-module-transforms@7.29.7","@babel/helpers@7.29.7","@babel/parser@7.29.7","@babel/plugin-transform-modules-commonjs@7.29.7","@babel/preset-env@7.29.7","@babel/preset-typescript@7.29.7","@babel/template@7.29.7","@babel/traverse@7.29.7","@babel/types@7.29.7","@jridgewell/remapping@2.3.5","@jridgewell/trace-mapping@0.3.31","@types/debug@4.1.13","debug@4.4.3","rimraf@6.1.3","@babel/core@7.29.7","@babel/helper-annotate-as-pure@7.29.7","regexpu-core@6.4.0","@babel/core@7.29.7","@babel/code-frame@7.29.7","@babel/generator@7.29.7","@babel/helper-compilation-targets@7.29.7","@babel/helper-module-transforms@7.29.7","@babel/helpers@7.29.7","@babel/parser@7.29.7","@babel/plugin-transform-modules-commonjs@7.29.7","@babel/preset-env@7.29.7","@babel/preset-typescript@7.29.7","@babel/template@7.29.7","@babel/traverse@7.29.7","@babel/types@7.29.7","@jridgewell/remapping@2.3.5","@jridgewell/trace-mapping@0.3.31","@types/debug@4.1.13","debug@4.4.3","rimraf@6.1.3","@babel/core@7.29.7","@babel/code-frame@7.29.7","@babel/generator@7.29.7","@babel/helper-compilation-targets@7.29.7","@babel/helper-module-transforms@7.29.7","@babel/helpers@7.29.7","@babel/parser@7.29.7","@babel/plugin-transform-modules-commonjs@7.29.7","@babel/preset-env@7.29.7","@babel/preset-typescript@7.29.7","@babel/template@7.29.7","@babel/traverse@7.29.7","@babel/types@7.29.7","@jridgewell/remapping@2.3.5","@jridgewell/trace-mapping@0.3.31","@types/debug@4.1.13","debug@4.4.3","rimraf@6.1.3","@babel/core@7.29.7","@babel/core@7.29.7","@babel/traverse@7.29.7","@babel/code-frame@7.29.7","@babel/generator@7.29.7","@babel/helper-compilation-targets@7.29.7","@babel/helper-module-transforms@7.29.7","@babel/helpers@7.29.7","@babel/parser@7.29.7","@babel/plugin-transform-modules-commonjs@7.29.7","@babel/preset-env@7.29.7","@babel/preset-typescript@7.29.7","@babel/template@7.29.7","@babel/traverse@7.29.7","@babel/types@7.29.7","@jridgewell/remapping@2.3.5","@jridgewell/trace-mapping@0.3.31","@types/debug@4.1.13","debug@4.4.3","rimraf@6.1.3","@babel/core@7.29.7","@babel/code-frame@7.29.7","@babel/generator@7.29.7","@babel/helper-compilation-targets@7.29.7","@babel/helper-module-transforms@7.29.7","@babel/helpers@7.29.7","@babel/parser@7.29.7","@babel/plugin-transform-modules-commonjs@7.29.7","@babel/preset-env@7.29.7","@babel/preset-typescript@7.29.7","@babel/template@7.29.7","@babel/traverse@7.29.7","@babel/types@7.29.7","@jridgewell/remapping@2.3.5","@jridgewell/trace-mapping@0.3.31","@types/debug@4.1.13","debug@4.4.3","rimraf@6.1.3","@babel/core@7.29.7","@babel/code-frame@7.29.7","@babel/generator@7.29.7","@babel/helper-compilation-targets@7.29.7","@babel/helper-module-transforms@7.29.7","@babel/helpers@7.29.7","@babel/parser@7.29.7","@babel/plugin-transform-modules-commonjs@7.29.7","@babel/preset-env@7.29.7","@babel/preset-typescript@7.29.7","@babel/template@7.29.7","@babel/traverse@7.29.7","@babel/types@7.29.7","@jridgewell/remapping@2.3.5","@jridgewell/trace-mapping@0.3.31","@types/debug@4.1.13","debug@4.4.3","rimraf@6.1.3","@babel/core@7.29.7","@babel/traverse@7.29.7","@babel/types@7.29.7","@babel/code-frame@7.29.7","@babel/generator@7.29.7","@babel/helper-compilation-targets@7.29.7","@babel/helper-module-transforms@7.29.7","@babel/helpers@7.29.7","@babel/parser@7.29.7","@babel/plugin-transform-modules-commonjs@7.29.7","@babel/preset-env@7.29.7","@babel/preset-typescript@7.29.7","@babel/template@7.29.7","@babel/traverse@7.29.7","@babel/types@7.29.7","@jridgewell/remapping@2.3.5","@jridgewell/trace-mapping@0.3.31","@types/debug@4.1.13","debug@4.4.3","rimraf@6.1.3","browserslist@4.28.2","lru-cache@5.1.1","@babel/core@7.29.7","@babel/code-frame@7.29.7","@babel/core@7.29.7","@babel/generator@7.29.7","@babel/parser@7.29.7","@babel/template@7.29.7","@babel/types@7.29.7","debug@4.4.3","@babel/code-frame@7.29.7","@babel/generator@7.29.7","@babel/helper-compilation-targets@7.29.7","@babel/helper-module-transforms@7.29.7","@babel/helpers@7.29.7","@babel/parser@7.29.7","@babel/plugin-transform-modules-commonjs@7.29.7","@babel/preset-env@7.29.7","@babel/preset-typescript@7.29.7","@babel/template@7.29.7","@babel/traverse@7.29.7","@babel/types@7.29.7","@jridgewell/remapping@2.3.5","@jridgewell/trace-mapping@0.3.31","@types/debug@4.1.13","debug@4.4.3","rimraf@6.1.3","@babel/core@7.29.7","@babel/code-frame@7.29.7","@babel/generator@7.29.7","@babel/helper-compilation-targets@7.29.7","@babel/helper-module-transforms@7.29.7","@babel/helpers@7.29.7","@babel/parser@7.29.7","@babel/plugin-transform-modules-commonjs@7.29.7","@babel/preset-env@7.29.7","@babel/preset-typescript@7.29.7","@babel/template@7.29.7","@babel/traverse@7.29.7","@babel/types@7.29.7","@jridgewell/remapping@2.3.5","@jridgewell/trace-mapping@0.3.31","@types/debug@4.1.13","debug@4.4.3","rimraf@6.1.3","@babel/core@7.29.7","@babel/code-frame@7.29.7","@babel/generator@7.29.7","@babel/helper-compilation-targets@7.29.7","@babel/helper-module-transforms@7.29.7","@babel/helpers@7.29.7","@babel/parser@7.29.7","@babel/plugin-transform-modules-commonjs@7.29.7","@babel/preset-env@7.29.7","@babel/preset-typescript@7.29.7","@babel/template@7.29.7","@babel/traverse@7.29.7","@babel/types@7.29.7","@jridgewell/remapping@2.3.5","@jridgewell/trace-mapping@0.3.31","@types/debug@4.1.13","debug@4.4.3","rimraf@6.1.3","@babel/core@7.29.7","@babel/core@7.29.7","@babel/code-frame@7.29.7","@babel/generator@7.29.7","@babel/helper-compilation-targets@7.29.7","@babel/helper-module-transforms@7.29.7","@babel/helpers@7.29.7","@babel/parser@7.29.7","@babel/plugin-transform-modules-commonjs@7.29.7","@babel/preset-env@7.29.7","@babel/preset-typescript@7.29.7","@babel/template@7.29.7","@babel/traverse@7.29.7","@babel/types@7.29.7","@jridgewell/remapping@2.3.5","@jridgewell/trace-mapping@0.3.31","@types/debug@4.1.13","debug@4.4.3","rimraf@6.1.3","@babel/core@7.29.7","@babel/code-frame@7.29.7","@babel/generator@7.29.7","@babel/helper-compilation-targets@7.29.7","@babel/helper-module-transforms@7.29.7","@babel/helpers@7.29.7","@babel/parser@7.29.7","@babel/plugin-transform-modules-commonjs@7.29.7","@babel/preset-env@7.29.7","@babel/preset-typescript@7.29.7","@babel/template@7.29.7","@babel/traverse@7.29.7","@babel/types@7.29.7","@jridgewell/remapping@2.3.5","@jridgewell/trace-mapping@0.3.31","@types/debug@4.1.13","debug@4.4.3","rimraf@6.1.3","@babel/core@7.29.7","@babel/helper-module-imports@7.29.7","@babel/traverse@7.29.7","@babel/core@7.29.7","@babel/core@7.29.7","@babel/helper-module-transforms@7.29.7","@babel/code-frame@7.29.7","@babel/generator@7.29.7","@babel/helper-compilation-targets@7.29.7","@babel/helper-module-transforms@7.29.7","@babel/helpers@7.29.7","@babel/parser@7.29.7","@babel/plugin-transform-modules-commonjs@7.29.7","@babel/preset-env@7.29.7","@babel/preset-typescript@7.29.7","@babel/template@7.29.7","@babel/traverse@7.29.7","@babel/types@7.29.7","@jridgewell/remapping@2.3.5","@jridgewell/trace-mapping@0.3.31","@types/debug@4.1.13","debug@4.4.3","rimraf@6.1.3","@babel/core@7.29.7","@babel/helper-module-imports@7.29.7","@babel/traverse@7.29.7","@babel/core@7.29.7","@babel/code-frame@7.29.7","@babel/core@7.29.7","@babel/generator@7.29.7","@babel/parser@7.29.7","@babel/template@7.29.7","@babel/types@7.29.7","debug@4.4.3","@babel/code-frame@7.29.7","@babel/generator@7.29.7","@babel/helper-compilation-targets@7.29.7","@babel/helper-module-transforms@7.29.7","@babel/helpers@7.29.7","@babel/parser@7.29.7","@babel/plugin-transform-modules-commonjs@7.29.7","@babel/preset-env@7.29.7","@babel/preset-typescript@7.29.7","@babel/template@7.29.7","@babel/traverse@7.29.7","@babel/types@7.29.7","@jridgewell/remapping@2.3.5","@jridgewell/trace-mapping@0.3.31","@types/debug@4.1.13","debug@4.4.3","rimraf@6.1.3","@babel/core@7.29.7","@babel/helper-module-imports@7.29.7","@babel/traverse@7.29.7","@babel/core@7.29.7","@babel/code-frame@7.29.7","@babel/generator@7.29.7","@babel/helper-compilation-targets@7.29.7","@babel/helper-module-transforms@7.29.7","@babel/helpers@7.29.7","@babel/parser@7.29.7","@babel/plugin-transform-modules-commonjs@7.29.7","@babel/preset-env@7.29.7","@babel/preset-typescript@7.29.7","@babel/template@7.29.7","@babel/traverse@7.29.7","@babel/types@7.29.7","@jridgewell/remapping@2.3.5","@jridgewell/trace-mapping@0.3.31","@types/debug@4.1.13","debug@4.4.3","rimraf@6.1.3","@babel/core@7.29.7","@babel/helper-annotate-as-pure@7.29.7","regexpu-core@6.4.0","@babel/core@7.29.7","@babel/code-frame@7.29.7","@babel/generator@7.29.7","@babel/helper-compilation-targets@7.29.7","@babel/helper-module-transforms@7.29.7","@babel/helpers@7.29.7","@babel/parser@7.29.7","@babel/plugin-transform-modules-commonjs@7.29.7","@babel/preset-env@7.29.7","@babel/preset-typescript@7.29.7","@babel/template@7.29.7","@babel/traverse@7.29.7","@babel/types@7.29.7","@jridgewell/remapping@2.3.5","@jridgewell/trace-mapping@0.3.31","@types/debug@4.1.13","debug@4.4.3","rimraf@6.1.3","@babel/core@7.29.7","@babel/core@7.29.7","@babel/traverse@7.29.7","@babel/types@7.29.7","@babel/plugin-transform-class-properties@7.29.7","@babel/code-frame@7.29.7","@babel/generator@7.29.7","@babel/helper-compilation-targets@7.29.7","@babel/helper-module-transforms@7.29.7","@babel/helpers@7.29.7","@babel/parser@7.29.7","@babel/plugin-transform-modules-commonjs@7.29.7","@babel/preset-env@7.29.7","@babel/preset-typescript@7.29.7","@babel/template@7.29.7","@babel/traverse@7.29.7","@babel/types@7.29.7","@jridgewell/remapping@2.3.5","@jridgewell/trace-mapping@0.3.31","@types/debug@4.1.13","debug@4.4.3","rimraf@6.1.3","@babel/core@7.29.7","@babel/code-frame@7.29.7","@babel/generator@7.29.7","@babel/helper-compilation-targets@7.29.7","@babel/helper-module-transforms@7.29.7","@babel/helpers@7.29.7","@babel/parser@7.29.7","@babel/plugin-transform-modules-commonjs@7.29.7","@babel/preset-env@7.29.7","@babel/preset-typescript@7.29.7","@babel/template@7.29.7","@babel/traverse@7.29.7","@babel/types@7.29.7","@jridgewell/remapping@2.3.5","@jridgewell/trace-mapping@0.3.31","@types/debug@4.1.13","debug@4.4.3","rimraf@6.1.3","@babel/core@7.29.7","@babel/traverse@7.29.7","@babel/types@7.29.7","@babel/code-frame@7.29.7","@babel/generator@7.29.7","@babel/helper-compilation-targets@7.29.7","@babel/helper-module-transforms@7.29.7","@babel/helpers@7.29.7","@babel/parser@7.29.7","@babel/plugin-transform-modules-commonjs@7.29.7","@babel/preset-env@7.29.7","@babel/preset-typescript@7.29.7","@babel/template@7.29.7","@babel/traverse@7.29.7","@babel/types@7.29.7","@jridgewell/remapping@2.3.5","@jridgewell/trace-mapping@0.3.31","@types/debug@4.1.13","debug@4.4.3","rimraf@6.1.3","browserslist@4.28.2","lru-cache@5.1.1","@babel/core@7.29.7","@babel/parser@7.29.7","@babel/core@7.29.7","@babel/traverse@7.29.7","@babel/core@7.29.7","@babel/code-frame@7.29.7","@babel/core@7.29.7","@babel/generator@7.29.7","@babel/parser@7.29.7","@babel/template@7.29.7","@babel/types@7.29.7","debug@4.4.3","@babel/code-frame@7.29.7","@babel/generator@7.29.7","@babel/helper-compilation-targets@7.29.7","@babel/helper-module-transforms@7.29.7","@babel/helpers@7.29.7","@babel/parser@7.29.7","@babel/plugin-transform-modules-commonjs@7.29.7","@babel/preset-env@7.29.7","@babel/preset-typescript@7.29.7","@babel/template@7.29.7","@babel/traverse@7.29.7","@babel/types@7.29.7","@jridgewell/remapping@2.3.5","@jridgewell/trace-mapping@0.3.31","@types/debug@4.1.13","debug@4.4.3","rimraf@6.1.3","@babel/core@7.29.7","@babel/core@7.29.7","@babel/helper-member-expression-to-functions@7.29.7","@babel/helper-optimise-call-expression@7.29.7","@babel/traverse@7.29.7","@babel/code-frame@7.29.7","@babel/generator@7.29.7","@babel/helper-compilation-targets@7.29.7","@babel/helper-module-transforms@7.29.7","@babel/helpers@7.29.7","@babel/parser@7.29.7","@babel/plugin-transform-modules-commonjs@7.29.7","@babel/preset-env@7.29.7","@babel/preset-typescript@7.29.7","@babel/template@7.29.7","@babel/traverse@7.29.7","@babel/types@7.29.7","@jridgewell/remapping@2.3.5","@jridgewell/trace-mapping@0.3.31","@types/debug@4.1.13","debug@4.4.3","rimraf@6.1.3","@babel/core@7.29.7","@babel/code-frame@7.29.7","@babel/generator@7.29.7","@babel/helper-compilation-targets@7.29.7","@babel/helper-module-transforms@7.29.7","@babel/helpers@7.29.7","@babel/parser@7.29.7","@babel/plugin-transform-modules-commonjs@7.29.7","@babel/preset-env@7.29.7","@babel/preset-typescript@7.29.7","@babel/template@7.29.7","@babel/traverse@7.29.7","@babel/types@7.29.7","@jridgewell/remapping@2.3.5","@jridgewell/trace-mapping@0.3.31","@types/debug@4.1.13","debug@4.4.3","rimraf@6.1.3","@babel/core@7.29.7","@babel/traverse@7.29.7","@babel/types@7.29.7","@babel/plugin-transform-block-scoping@7.29.7","@babel/traverse@7.29.7","@babel/code-frame@7.29.7","@babel/generator@7.29.7","@babel/helper-compilation-targets@7.29.7","@babel/helper-module-transforms@7.29.7","@babel/helpers@7.29.7","@babel/parser@7.29.7","@babel/plugin-transform-modules-commonjs@7.29.7","@babel/preset-env@7.29.7","@babel/preset-typescript@7.29.7","@babel/template@7.29.7","@babel/traverse@7.29.7","@babel/types@7.29.7","@jridgewell/remapping@2.3.5","@jridgewell/trace-mapping@0.3.31","@types/debug@4.1.13","debug@4.4.3","rimraf@6.1.3","@babel/core@7.29.7","@babel/code-frame@7.29.7","@babel/generator@7.29.7","@babel/helper-compilation-targets@7.29.7","@babel/helper-module-transforms@7.29.7","@babel/helpers@7.29.7","@babel/parser@7.29.7","@babel/plugin-transform-modules-commonjs@7.29.7","@babel/preset-env@7.29.7","@babel/preset-typescript@7.29.7","@babel/template@7.29.7","@babel/traverse@7.29.7","@babel/types@7.29.7","@jridgewell/remapping@2.3.5","@jridgewell/trace-mapping@0.3.31","@types/debug@4.1.13","debug@4.4.3","rimraf@6.1.3","@babel/core@7.29.7","@babel/helper-annotate-as-pure@7.29.7","@babel/helper-member-expression-to-functions@7.29.7","@babel/helper-optimise-call-expression@7.29.7","@babel/helper-replace-supers@7.29.7","@babel/helper-skip-transparent-expression-wrappers@7.29.7","@babel/preset-env@7.29.7","@babel/traverse@7.29.7","@babel/core@7.29.7","@babel/code-frame@7.29.7","@babel/generator@7.29.7","@babel/helper-compilation-targets@7.29.7","@babel/helper-module-transforms@7.29.7","@babel/helpers@7.29.7","@babel/parser@7.29.7","@babel/plugin-transform-modules-commonjs@7.29.7","@babel/preset-env@7.29.7","@babel/preset-typescript@7.29.7","@babel/template@7.29.7","@babel/traverse@7.29.7","@babel/types@7.29.7","@jridgewell/remapping@2.3.5","@jridgewell/trace-mapping@0.3.31","@types/debug@4.1.13","debug@4.4.3","rimraf@6.1.3","@babel/traverse@7.29.7","@babel/types@7.29.7","@babel/core@7.29.7","@babel/helper-annotate-as-pure@7.29.7","@babel/helper-member-expression-to-functions@7.29.7","@babel/helper-optimise-call-expression@7.29.7","@babel/helper-replace-supers@7.29.7","@babel/helper-skip-transparent-expression-wrappers@7.29.7","@babel/preset-env@7.29.7","@babel/traverse@7.29.7","@babel/core@7.29.7","@babel/code-frame@7.29.7","@babel/generator@7.29.7","@babel/helper-compilation-targets@7.29.7","@babel/helper-module-transforms@7.29.7","@babel/helpers@7.29.7","@babel/parser@7.29.7","@babel/plugin-transform-modules-commonjs@7.29.7","@babel/preset-env@7.29.7","@babel/preset-typescript@7.29.7","@babel/template@7.29.7","@babel/traverse@7.29.7","@babel/types@7.29.7","@jridgewell/remapping@2.3.5","@jridgewell/trace-mapping@0.3.31","@types/debug@4.1.13","debug@4.4.3","rimraf@6.1.3","@babel/core@7.29.7","@babel/code-frame@7.29.7","@babel/generator@7.29.7","@babel/helper-compilation-targets@7.29.7","@babel/helper-module-transforms@7.29.7","@babel/helpers@7.29.7","@babel/parser@7.29.7","@babel/plugin-transform-modules-commonjs@7.29.7","@babel/preset-env@7.29.7","@babel/preset-typescript@7.29.7","@babel/template@7.29.7","@babel/traverse@7.29.7","@babel/types@7.29.7","@jridgewell/remapping@2.3.5","@jridgewell/trace-mapping@0.3.31","@types/debug@4.1.13","debug@4.4.3","rimraf@6.1.3","@babel/core@7.29.7","@babel/plugin-transform-arrow-functions@7.29.7","@babel/plugin-transform-block-scoping@7.29.7","@babel/core@7.29.7","@babel/helper-annotate-as-pure@7.29.7","@babel/helper-compilation-targets@7.29.7","@babel/helper-replace-supers@7.29.7","@babel/traverse@7.29.7","@babel/core@7.29.7","@babel/helper-skip-transparent-expression-wrappers@7.29.7","@babel/plugin-transform-modules-commonjs@7.29.7","@babel/core@7.29.7","@babel/plugin-transform-runtime@7.29.7","@babel/core@7.29.7","@babel/helper-define-polyfill-provider@0.6.8","@babel/plugin-transform-regenerator@7.29.7","recast@0.23.11","@babel/code-frame@7.29.7","@babel/generator@7.29.7","@babel/helper-compilation-targets@7.29.7","@babel/helper-module-transforms@7.29.7","@babel/helpers@7.29.7","@babel/parser@7.29.7","@babel/plugin-transform-modules-commonjs@7.29.7","@babel/preset-env@7.29.7","@babel/preset-typescript@7.29.7","@babel/template@7.29.7","@babel/traverse@7.29.7","@babel/types@7.29.7","@jridgewell/remapping@2.3.5","@jridgewell/trace-mapping@0.3.31","@types/debug@4.1.13","debug@4.4.3","rimraf@6.1.3","@babel/core@7.29.7","@babel/helper-annotate-as-pure@7.29.7","regexpu-core@6.4.0","@babel/core@7.29.7","@babel/code-frame@7.29.7","@babel/generator@7.29.7","@babel/helper-compilation-targets@7.29.7","@babel/helper-module-transforms@7.29.7","@babel/helpers@7.29.7","@babel/parser@7.29.7","@babel/plugin-transform-modules-commonjs@7.29.7","@babel/preset-env@7.29.7","@babel/preset-typescript@7.29.7","@babel/template@7.29.7","@babel/traverse@7.29.7","@babel/types@7.29.7","@jridgewell/remapping@2.3.5","@jridgewell/trace-mapping@0.3.31","@types/debug@4.1.13","debug@4.4.3","rimraf@6.1.3","@babel/core@7.29.7","@babel/code-frame@7.29.7","@babel/generator@7.29.7","@babel/helper-compilation-targets@7.29.7","@babel/helper-module-transforms@7.29.7","@babel/helpers@7.29.7","@babel/parser@7.29.7","@babel/plugin-transform-modules-commonjs@7.29.7","@babel/preset-env@7.29.7","@babel/preset-typescript@7.29.7","@babel/template@7.29.7","@babel/traverse@7.29.7","@babel/types@7.29.7","@jridgewell/remapping@2.3.5","@jridgewell/trace-mapping@0.3.31","@types/debug@4.1.13","debug@4.4.3","rimraf@6.1.3","@babel/core@7.29.7","@babel/code-frame@7.29.7","@babel/generator@7.29.7","@babel/helper-compilation-targets@7.29.7","@babel/helper-module-transforms@7.29.7","@babel/helpers@7.29.7","@babel/parser@7.29.7","@babel/plugin-transform-modules-commonjs@7.29.7","@babel/preset-env@7.29.7","@babel/preset-typescript@7.29.7","@babel/template@7.29.7","@babel/traverse@7.29.7","@babel/types@7.29.7","@jridgewell/remapping@2.3.5","@jridgewell/trace-mapping@0.3.31","@types/debug@4.1.13","debug@4.4.3","rimraf@6.1.3","@babel/core@7.29.7","@babel/traverse@7.29.7","@babel/types@7.29.7","@babel/code-frame@7.29.7","@babel/generator@7.29.7","@babel/helper-compilation-targets@7.29.7","@babel/helper-module-transforms@7.29.7","@babel/helpers@7.29.7","@babel/parser@7.29.7","@babel/plugin-transform-modules-commonjs@7.29.7","@babel/preset-env@7.29.7","@babel/preset-typescript@7.29.7","@babel/template@7.29.7","@babel/traverse@7.29.7","@babel/types@7.29.7","@jridgewell/remapping@2.3.5","@jridgewell/trace-mapping@0.3.31","@types/debug@4.1.13","debug@4.4.3","rimraf@6.1.3","@babel/core@7.29.7","@babel/code-frame@7.29.7","@babel/generator@7.29.7","@babel/helper-compilation-targets@7.29.7","@babel/helper-module-transforms@7.29.7","@babel/helpers@7.29.7","@babel/parser@7.29.7","@babel/plugin-transform-modules-commonjs@7.29.7","@babel/preset-env@7.29.7","@babel/preset-typescript@7.29.7","@babel/template@7.29.7","@babel/traverse@7.29.7","@babel/types@7.29.7","@jridgewell/remapping@2.3.5","@jridgewell/trace-mapping@0.3.31","@types/debug@4.1.13","debug@4.4.3","rimraf@6.1.3","@babel/core@7.29.7","@babel/code-frame@7.29.7","@babel/generator@7.29.7","@babel/helper-compilation-targets@7.29.7","@babel/helper-module-transforms@7.29.7","@babel/helpers@7.29.7","@babel/parser@7.29.7","@babel/plugin-transform-modules-commonjs@7.29.7","@babel/preset-env@7.29.7","@babel/preset-typescript@7.29.7","@babel/template@7.29.7","@babel/traverse@7.29.7","@babel/types@7.29.7","@jridgewell/remapping@2.3.5","@jridgewell/trace-mapping@0.3.31","@types/debug@4.1.13","debug@4.4.3","rimraf@6.1.3","@babel/core@7.29.7","@babel/code-frame@7.29.7","@babel/generator@7.29.7","@babel/helper-compilation-targets@7.29.7","@babel/helper-module-transforms@7.29.7","@babel/helpers@7.29.7","@babel/parser@7.29.7","@babel/plugin-transform-modules-commonjs@7.29.7","@babel/preset-env@7.29.7","@babel/preset-typescript@7.29.7","@babel/template@7.29.7","@babel/traverse@7.29.7","@babel/types@7.29.7","@jridgewell/remapping@2.3.5","@jridgewell/trace-mapping@0.3.31","@types/debug@4.1.13","debug@4.4.3","rimraf@6.1.3","@babel/core@7.29.7","@babel/code-frame@7.29.7","@babel/generator@7.29.7","@babel/helper-compilation-targets@7.29.7","@babel/helper-module-transforms@7.29.7","@babel/helpers@7.29.7","@babel/parser@7.29.7","@babel/plugin-transform-modules-commonjs@7.29.7","@babel/preset-env@7.29.7","@babel/preset-typescript@7.29.7","@babel/template@7.29.7","@babel/traverse@7.29.7","@babel/types@7.29.7","@jridgewell/remapping@2.3.5","@jridgewell/trace-mapping@0.3.31","@types/debug@4.1.13","debug@4.4.3","rimraf@6.1.3","@babel/core@7.29.7","@babel/helper-annotate-as-pure@7.29.7","regexpu-core@6.4.0","@babel/core@7.29.7","@babel/code-frame@7.29.7","@babel/generator@7.29.7","@babel/helper-compilation-targets@7.29.7","@babel/helper-module-transforms@7.29.7","@babel/helpers@7.29.7","@babel/parser@7.29.7","@babel/plugin-transform-modules-commonjs@7.29.7","@babel/preset-env@7.29.7","@babel/preset-typescript@7.29.7","@babel/template@7.29.7","@babel/traverse@7.29.7","@babel/types@7.29.7","@jridgewell/remapping@2.3.5","@jridgewell/trace-mapping@0.3.31","@types/debug@4.1.13","debug@4.4.3","rimraf@6.1.3","@babel/core@7.29.7","@babel/helper-annotate-as-pure@7.29.7","regexpu-core@6.4.0","@babel/core@7.29.7","@babel/code-frame@7.29.7","@babel/generator@7.29.7","@babel/helper-compilation-targets@7.29.7","@babel/helper-module-transforms@7.29.7","@babel/helpers@7.29.7","@babel/parser@7.29.7","@babel/plugin-transform-modules-commonjs@7.29.7","@babel/preset-env@7.29.7","@babel/preset-typescript@7.29.7","@babel/template@7.29.7","@babel/traverse@7.29.7","@babel/types@7.29.7","@jridgewell/remapping@2.3.5","@jridgewell/trace-mapping@0.3.31","@types/debug@4.1.13","debug@4.4.3","rimraf@6.1.3","@babel/core@7.29.7","@babel/helper-annotate-as-pure@7.29.7","regexpu-core@6.4.0","@babel/core@7.29.7","@babel/code-frame@7.29.7","@babel/generator@7.29.7","@babel/helper-compilation-targets@7.29.7","@babel/helper-module-transforms@7.29.7","@babel/helpers@7.29.7","@babel/parser@7.29.7","@babel/plugin-transform-modules-commonjs@7.29.7","@babel/preset-env@7.29.7","@babel/preset-typescript@7.29.7","@babel/template@7.29.7","@babel/traverse@7.29.7","@babel/types@7.29.7","@jridgewell/remapping@2.3.5","@jridgewell/trace-mapping@0.3.31","@types/debug@4.1.13","debug@4.4.3","rimraf@6.1.3","@babel/core@7.29.7","@babel/plugin-transform-modules-commonjs@7.29.7","@babel/plugin-transform-react-jsx@7.28.6","@babel/preset-env@7.29.7","@babel/generator@7.29.7","@babel/parser@7.29.7","eslint-plugin-import@2.32.0","eslint@8.57.1","chai@5.3.3","jest@30.4.2","rollup@4.60.1","terser@5.48.0","webpack@5.107.1","@babel/traverse@7.29.7","core-js-compat@3.49.0","@babel/code-frame@7.29.7","@babel/generator@7.29.7","@babel/helper-compilation-targets@7.29.7","@babel/helper-module-transforms@7.29.7","@babel/helpers@7.29.7","@babel/parser@7.29.7","@babel/plugin-transform-modules-commonjs@7.29.7","@babel/preset-env@7.29.7","@babel/preset-typescript@7.29.7","@babel/template@7.29.7","@babel/traverse@7.29.7","@babel/types@7.29.7","@jridgewell/remapping@2.3.5","@jridgewell/trace-mapping@0.3.31","@types/debug@4.1.13","debug@4.4.3","rimraf@6.1.3","@babel/code-frame@7.29.7","@babel/generator@7.29.7","@babel/helper-compilation-targets@7.29.7","@babel/helper-module-transforms@7.29.7","@babel/helpers@7.29.7","@babel/parser@7.29.7","@babel/plugin-transform-modules-commonjs@7.29.7","@babel/preset-env@7.29.7","@babel/preset-typescript@7.29.7","@babel/template@7.29.7","@babel/traverse@7.29.7","@babel/types@7.29.7","@jridgewell/remapping@2.3.5","@jridgewell/trace-mapping@0.3.31","@types/debug@4.1.13","debug@4.4.3","rimraf@6.1.3","@babel/generator@7.29.7","browserslist@4.28.2","lru-cache@5.1.1","@babel/core@7.29.7","@babel/plugin-transform-modules-commonjs@7.29.7","@babel/traverse@7.29.7","babel-loader@10.1.1","eslint@8.57.1","is-core-module@2.16.2","rimraf@6.1.3","rollup@4.60.1","strip-ansi@7.2.0","webpack-cli@7.0.2","webpack@5.107.1","@babel/plugin-transform-for-of@7.29.7","@babel/plugin-transform-modules-commonjs@7.29.7","@babel/code-frame@7.29.7","@babel/generator@7.29.7","@babel/helper-compilation-targets@7.29.7","@babel/helper-module-transforms@7.29.7","@babel/helpers@7.29.7","@babel/parser@7.29.7","@babel/plugin-transform-modules-commonjs@7.29.7","@babel/preset-env@7.29.7","@babel/preset-typescript@7.29.7","@babel/template@7.29.7","@babel/traverse@7.29.7","@babel/types@7.29.7","@jridgewell/remapping@2.3.5","@jridgewell/trace-mapping@0.3.31","@types/debug@4.1.13","debug@4.4.3","rimraf@6.1.3","@babel/core@7.29.7","@babel/generator@7.29.7","@babel/helper-compilation-targets@7.29.7","@babel/plugin-transform-modules-commonjs@7.29.7","@babel/traverse@7.29.7","babel-loader@10.1.1","debug@4.4.3","resolve@1.22.12","rollup@4.60.1","strip-ansi@7.2.0","webpack-cli@7.0.2","webpack@5.107.1","@babel/plugin-proposal-decorators@7.29.7","@babel/plugin-transform-class-properties@7.29.7","@babel/plugin-transform-classes@7.29.7","@babel/plugin-transform-for-of@7.29.7","@babel/plugin-transform-modules-commonjs@7.29.7","@babel/plugin-transform-runtime@7.29.7","@babel/core@7.29.7","@babel/helper-skip-transparent-expression-wrappers@7.29.7","browserslist@4.28.2","@babel/code-frame@7.29.7","@babel/generator@7.29.7","@babel/helper-compilation-targets@7.29.7","@babel/helper-module-transforms@7.29.7","@babel/helpers@7.29.7","@babel/parser@7.29.7","@babel/plugin-transform-modules-commonjs@7.29.7","@babel/preset-env@7.29.7","@babel/preset-typescript@7.29.7","@babel/template@7.29.7","@babel/traverse@7.29.7","@babel/types@7.29.7","@jridgewell/remapping@2.3.5","@jridgewell/trace-mapping@0.3.31","@types/debug@4.1.13","debug@4.4.3","rimraf@6.1.3","@babel/core@7.29.7","@babel/generator@7.29.7","@babel/helper-compilation-targets@7.29.7","@babel/plugin-transform-modules-commonjs@7.29.7","@babel/traverse@7.29.7","babel-loader@10.1.1","debug@4.4.3","resolve@1.22.12","rollup@4.60.1","strip-ansi@7.2.0","webpack-cli@7.0.2","webpack@5.107.1","@babel/core@7.29.7","@babel/plugin-transform-arrow-functions@7.29.7","@babel/plugin-transform-block-scoping@7.29.7","@babel/plugin-transform-classes@7.29.7","@babel/plugin-transform-for-of@7.29.7","@babel/plugin-transform-modules-commonjs@7.29.7","@babel/plugin-transform-parameters@7.29.7","@babel/plugin-transform-runtime@7.29.7","babel-plugin-polyfill-regenerator@0.6.8","recast@0.23.11","browserslist@4.28.2","jest-matcher-utils@30.4.1","@types/node@26.0.0","chalk@4.1.2","jest-diff@30.4.1","pretty-format@30.4.1","@babel/code-frame@7.29.7","@jest/types@30.4.1","chalk@4.1.2","jest-util@30.4.1","pretty-format@30.4.1","stack-utils@2.0.6","@jest/pattern@30.4.0","@jest/schemas@30.4.1","@types/istanbul-reports@3.0.4","@types/node@26.0.0","@types/yargs@17.0.35","chalk@4.1.2","@jest/types@30.4.1","@types/node@26.0.0","chalk@4.1.2","micromatch@4.0.8","@jest/types@30.4.1","@types/node@26.0.0","chalk@4.1.2","micromatch@4.0.8","@types/react@19.2.14","@jest/types@30.4.1","@types/node@26.0.0","chalk@4.1.2","micromatch@4.0.8","@types/node@26.0.0","@babel/code-frame@7.29.7","@babel/generator@7.29.7","@babel/helper-compilation-targets@7.29.7","@babel/helper-module-transforms@7.29.7","@babel/helpers@7.29.7","@babel/parser@7.29.7","@babel/plugin-transform-modules-commonjs@7.29.7","@babel/preset-env@7.29.7","@babel/preset-typescript@7.29.7","@babel/template@7.29.7","@babel/traverse@7.29.7","@babel/types@7.29.7","@jridgewell/remapping@2.3.5","@jridgewell/trace-mapping@0.3.31","@types/debug@4.1.13","debug@4.4.3","rimraf@6.1.3","@babel/code-frame@7.29.7","@babel/generator@7.29.7","@babel/helper-compilation-targets@7.29.7","@babel/helper-module-transforms@7.29.7","@babel/helpers@7.29.7","@babel/parser@7.29.7","@babel/plugin-transform-modules-commonjs@7.29.7","@babel/preset-env@7.29.7","@babel/preset-typescript@7.29.7","@babel/template@7.29.7","@babel/traverse@7.29.7","@babel/types@7.29.7","@jridgewell/remapping@2.3.5","@jridgewell/trace-mapping@0.3.31","@types/debug@4.1.13","debug@4.4.3","rimraf@6.1.3","@jest/pattern@30.4.0","@jest/schemas@30.4.1","@types/istanbul-reports@3.0.4","@types/node@26.0.0","@types/yargs@17.0.35","chalk@4.1.2","@types/babel__core@7.20.5","@babel/core@7.29.7","@babel/plugin-transform-block-scoping@7.29.7","@babel/plugin-transform-modules-commonjs@7.29.7","@istanbuljs/load-nyc-config@1.1.0","chai@5.3.3","istanbul-lib-instrument@6.0.3","test-exclude@6.0.0","ansi-styles@4.3.0","execa@5.1.1","import-fresh@3.3.1","supports-color@7.2.0","eslint@8.57.1","import-fresh@3.3.1","rimraf@6.1.3","@jest/types@30.4.1","@types/node@26.0.0","anymatch@3.1.3","fb-watchman@2.0.2","jest-util@30.4.1","jest-worker@30.4.1","walker@1.0.8","@types/node@26.0.0","@jest/types@30.4.1","@types/node@26.0.0","chalk@4.1.2","micromatch@4.0.8","@types/node@26.0.0","typedoc@0.28.19","@babel/code-frame@7.29.7","@babel/types@7.29.7","@babel/generator@7.29.7","@babel/parser@7.29.7","@babel/generator@7.29.7","@babel/parser@7.29.7","@babel/parser@7.29.7","@babel/types@7.29.7","@babel/types@7.29.7","@babel/core@7.29.7","@babel/plugin-transform-block-scoping@7.29.7","@babel/plugin-transform-modules-commonjs@7.29.7","@istanbuljs/load-nyc-config@1.1.0","chai@5.3.3","istanbul-lib-instrument@6.0.3","test-exclude@6.0.0","@babel/code-frame@7.29.7","@babel/generator@7.29.7","@babel/helper-compilation-targets@7.29.7","@babel/helper-module-transforms@7.29.7","@babel/helpers@7.29.7","@babel/parser@7.29.7","@babel/plugin-transform-modules-commonjs@7.29.7","@babel/preset-env@7.29.7","@babel/preset-typescript@7.29.7","@babel/template@7.29.7","@babel/traverse@7.29.7","@babel/types@7.29.7","@jridgewell/remapping@2.3.5","@jridgewell/trace-mapping@0.3.31","@types/debug@4.1.13","debug@4.4.3","rimraf@6.1.3","@babel/core@7.29.7","@babel/preset-react@7.28.5","@babel/preset-typescript@7.29.7","@babel/types@7.29.7","@babel/parser@7.29.7","@babel/types@7.29.7","@types/babel__generator@7.27.0","@types/babel__template@7.4.4","@types/babel__traverse@7.28.0","@types/babel__template@7.4.4","@types/babel__traverse@7.28.0","@types/node@26.0.0","@babel/code-frame@7.29.7","@babel/generator@7.29.7","@babel/helper-compilation-targets@7.29.7","@babel/helper-module-transforms@7.29.7","@babel/helpers@7.29.7","@babel/parser@7.29.7","@babel/plugin-transform-modules-commonjs@7.29.7","@babel/preset-env@7.29.7","@babel/preset-typescript@7.29.7","@babel/template@7.29.7","@babel/traverse@7.29.7","@babel/types@7.29.7","@jridgewell/remapping@2.3.5","@jridgewell/trace-mapping@0.3.31","@types/debug@4.1.13","debug@4.4.3","rimraf@6.1.3","@babel/code-frame@7.29.7","@babel/generator@7.29.7","@babel/helper-compilation-targets@7.29.7","@babel/helper-module-transforms@7.29.7","@babel/helpers@7.29.7","@babel/parser@7.29.7","@babel/plugin-transform-modules-commonjs@7.29.7","@babel/preset-env@7.29.7","@babel/preset-typescript@7.29.7","@babel/template@7.29.7","@babel/traverse@7.29.7","@babel/types@7.29.7","@jridgewell/remapping@2.3.5","@jridgewell/trace-mapping@0.3.31","@types/debug@4.1.13","debug@4.4.3","rimraf@6.1.3","@babel/core@7.29.7","@babel/code-frame@7.29.7","@babel/generator@7.29.7","@babel/helper-compilation-targets@7.29.7","@babel/helper-module-transforms@7.29.7","@babel/helpers@7.29.7","@babel/parser@7.29.7","@babel/plugin-transform-modules-commonjs@7.29.7","@babel/preset-env@7.29.7","@babel/preset-typescript@7.29.7","@babel/template@7.29.7","@babel/traverse@7.29.7","@babel/types@7.29.7","@jridgewell/remapping@2.3.5","@jridgewell/trace-mapping@0.3.31","@types/debug@4.1.13","debug@4.4.3","rimraf@6.1.3","@babel/core@7.29.7","@babel/core@7.29.7","@babel/code-frame@7.29.7","@babel/generator@7.29.7","@babel/helper-compilation-targets@7.29.7","@babel/helper-module-transforms@7.29.7","@babel/helpers@7.29.7","@babel/parser@7.29.7","@babel/plugin-transform-modules-commonjs@7.29.7","@babel/preset-env@7.29.7","@babel/preset-typescript@7.29.7","@babel/template@7.29.7","@babel/traverse@7.29.7","@babel/types@7.29.7","@jridgewell/remapping@2.3.5","@jridgewell/trace-mapping@0.3.31","@types/debug@4.1.13","debug@4.4.3","rimraf@6.1.3","@babel/core@7.29.7","@babel/core@7.29.7","@babel/code-frame@7.29.7","@babel/generator@7.29.7","@babel/helper-compilation-targets@7.29.7","@babel/helper-module-transforms@7.29.7","@babel/helpers@7.29.7","@babel/parser@7.29.7","@babel/plugin-transform-modules-commonjs@7.29.7","@babel/preset-env@7.29.7","@babel/preset-typescript@7.29.7","@babel/template@7.29.7","@babel/traverse@7.29.7","@babel/types@7.29.7","@jridgewell/remapping@2.3.5","@jridgewell/trace-mapping@0.3.31","@types/debug@4.1.13","debug@4.4.3","rimraf@6.1.3","@babel/core@7.29.7","@babel/code-frame@7.29.7","@babel/generator@7.29.7","@babel/helper-compilation-targets@7.29.7","@babel/helper-module-transforms@7.29.7","@babel/helpers@7.29.7","@babel/parser@7.29.7","@babel/plugin-transform-modules-commonjs@7.29.7","@babel/preset-env@7.29.7","@babel/preset-typescript@7.29.7","@babel/template@7.29.7","@babel/traverse@7.29.7","@babel/types@7.29.7","@jridgewell/remapping@2.3.5","@jridgewell/trace-mapping@0.3.31","@types/debug@4.1.13","debug@4.4.3","rimraf@6.1.3","@babel/core@7.29.7","@babel/code-frame@7.29.7","@babel/generator@7.29.7","@babel/helper-compilation-targets@7.29.7","@babel/helper-module-transforms@7.29.7","@babel/helpers@7.29.7","@babel/parser@7.29.7","@babel/plugin-transform-modules-commonjs@7.29.7","@babel/preset-env@7.29.7","@babel/preset-typescript@7.29.7","@babel/template@7.29.7","@babel/traverse@7.29.7","@babel/types@7.29.7","@jridgewell/remapping@2.3.5","@jridgewell/trace-mapping@0.3.31","@types/debug@4.1.13","debug@4.4.3","rimraf@6.1.3","@babel/core@7.29.7","@babel/code-frame@7.29.7","@babel/generator@7.29.7","@babel/helper-compilation-targets@7.29.7","@babel/helper-module-transforms@7.29.7","@babel/helpers@7.29.7","@babel/parser@7.29.7","@babel/plugin-transform-modules-commonjs@7.29.7","@babel/preset-env@7.29.7","@babel/preset-typescript@7.29.7","@babel/template@7.29.7","@babel/traverse@7.29.7","@babel/types@7.29.7","@jridgewell/remapping@2.3.5","@jridgewell/trace-mapping@0.3.31","@types/debug@4.1.13","debug@4.4.3","rimraf@6.1.3","@babel/core@7.29.7","@babel/code-frame@7.29.7","@babel/generator@7.29.7","@babel/helper-compilation-targets@7.29.7","@babel/helper-module-transforms@7.29.7","@babel/helpers@7.29.7","@babel/parser@7.29.7","@babel/plugin-transform-modules-commonjs@7.29.7","@babel/preset-env@7.29.7","@babel/preset-typescript@7.29.7","@babel/template@7.29.7","@babel/traverse@7.29.7","@babel/types@7.29.7","@jridgewell/remapping@2.3.5","@jridgewell/trace-mapping@0.3.31","@types/debug@4.1.13","debug@4.4.3","rimraf@6.1.3","@babel/core@7.29.7","@babel/code-frame@7.29.7","@babel/generator@7.29.7","@babel/helper-compilation-targets@7.29.7","@babel/helper-module-transforms@7.29.7","@babel/helpers@7.29.7","@babel/parser@7.29.7","@babel/plugin-transform-modules-commonjs@7.29.7","@babel/preset-env@7.29.7","@babel/preset-typescript@7.29.7","@babel/template@7.29.7","@babel/traverse@7.29.7","@babel/types@7.29.7","@jridgewell/remapping@2.3.5","@jridgewell/trace-mapping@0.3.31","@types/debug@4.1.13","debug@4.4.3","rimraf@6.1.3","@babel/core@7.29.7","@babel/code-frame@7.29.7","@babel/generator@7.29.7","@babel/helper-compilation-targets@7.29.7","@babel/helper-module-transforms@7.29.7","@babel/helpers@7.29.7","@babel/parser@7.29.7","@babel/plugin-transform-modules-commonjs@7.29.7","@babel/preset-env@7.29.7","@babel/preset-typescript@7.29.7","@babel/template@7.29.7","@babel/traverse@7.29.7","@babel/types@7.29.7","@jridgewell/remapping@2.3.5","@jridgewell/trace-mapping@0.3.31","@types/debug@4.1.13","debug@4.4.3","rimraf@6.1.3","@babel/core@7.29.7","@babel/code-frame@7.29.7","@babel/generator@7.29.7","@babel/helper-compilation-targets@7.29.7","@babel/helper-module-transforms@7.29.7","@babel/helpers@7.29.7","@babel/parser@7.29.7","@babel/plugin-transform-modules-commonjs@7.29.7","@babel/preset-env@7.29.7","@babel/preset-typescript@7.29.7","@babel/template@7.29.7","@babel/traverse@7.29.7","@babel/types@7.29.7","@jridgewell/remapping@2.3.5","@jridgewell/trace-mapping@0.3.31","@types/debug@4.1.13","debug@4.4.3","rimraf@6.1.3","@babel/core@7.29.7","@babel/code-frame@7.29.7","@babel/generator@7.29.7","@babel/helper-compilation-targets@7.29.7","@babel/helper-module-transforms@7.29.7","@babel/helpers@7.29.7","@babel/parser@7.29.7","@babel/plugin-transform-modules-commonjs@7.29.7","@babel/preset-env@7.29.7","@babel/preset-typescript@7.29.7","@babel/template@7.29.7","@babel/traverse@7.29.7","@babel/types@7.29.7","@jridgewell/remapping@2.3.5","@jridgewell/trace-mapping@0.3.31","@types/debug@4.1.13","debug@4.4.3","rimraf@6.1.3","@babel/core@7.29.7","@babel/code-frame@7.29.7","@babel/generator@7.29.7","@babel/helper-compilation-targets@7.29.7","@babel/helper-module-transforms@7.29.7","@babel/helpers@7.29.7","@babel/parser@7.29.7","@babel/plugin-transform-modules-commonjs@7.29.7","@babel/preset-env@7.29.7","@babel/preset-typescript@7.29.7","@babel/template@7.29.7","@babel/traverse@7.29.7","@babel/types@7.29.7","@jridgewell/remapping@2.3.5","@jridgewell/trace-mapping@0.3.31","@types/debug@4.1.13","debug@4.4.3","rimraf@6.1.3","@babel/core@7.29.7","ansi-styles@4.3.0","execa@5.1.1","import-fresh@3.3.1","supports-color@7.2.0","import-fresh@3.3.1","rimraf@6.1.3","eslint@8.57.1","ansi-styles@4.3.0","execa@5.1.1","import-fresh@3.3.1","supports-color@7.2.0","import-fresh@3.3.1","rimraf@6.1.3","@jest/pattern@30.4.0","@jest/schemas@30.4.1","@types/istanbul-reports@3.0.4","@types/node@26.0.0","@types/yargs@17.0.35","chalk@4.1.2","import-fresh@3.3.1","rimraf@6.1.3","@types/node@26.0.0","@jest/types@30.4.1","@types/node@26.0.0","chalk@4.1.2","micromatch@4.0.8","@babel/core@7.29.7","@types/node@26.0.0","get-stream@5.2.0","jest-leak-detector@30.4.1","jest-util@30.4.1","supports-color@8.1.1","eslint@8.57.1","fill-range@7.1.1","chalk@4.1.2","jest-haste-map@30.4.1","jest-util@30.4.1","jest-validate@30.4.1","unrs-resolver@1.12.2","url@0.11.4","@jest/pattern@30.4.0","@jest/schemas@30.4.1","@types/istanbul-reports@3.0.4","@types/node@26.0.0","@types/yargs@17.0.35","chalk@4.1.2","ansi-styles@4.3.0","execa@5.1.1","import-fresh@3.3.1","supports-color@7.2.0","import-fresh@3.3.1","rimraf@6.1.3","micromatch@4.0.8","eslint@8.57.1","fill-range@7.1.1","@jest/pattern@30.4.0","@jest/schemas@30.4.1","@types/istanbul-reports@3.0.4","@types/node@26.0.0","@types/yargs@17.0.35","chalk@4.1.2","@types/yargs@17.0.35","ansi-styles@4.3.0","execa@5.1.1","import-fresh@3.3.1","supports-color@7.2.0","@jest/schemas@30.4.1","@types/react@19.2.14","jest-util@30.4.1","url@0.11.4","jest@30.4.2","rollup@4.60.1","eslint@8.57.1","eslint@8.57.1","@types/node@26.0.0","@types/jest@30.0.0","@types/node@26.0.0","@typescript-eslint/eslint-plugin@8.60.1","@typescript-eslint/parser@8.59.4","@types/chai@5.2.3","@types/node@26.0.0","@typescript-eslint/eslint-plugin@8.60.1","@typescript-eslint/parser@8.59.4","ajv-formats@3.0.1","chai@5.3.3","eslint@8.57.1","glob@13.0.6","lint-staged@17.0.5","node-fetch@2.7.0","rollup@4.60.1","uri-js@4.4.1","eslint@8.57.1","jest@30.4.2","lint-staged@17.0.5","@types/chai@5.2.3","@types/node@26.0.0","@typescript-eslint/eslint-plugin@8.60.1","@typescript-eslint/parser@8.59.4","@types/jest@30.0.0","@types/node@26.0.0","@typescript-eslint/eslint-plugin@8.60.1","@typescript-eslint/parser@8.59.4","@types/chai@5.2.3","@types/node@26.0.0","@typescript-eslint/eslint-plugin@8.60.1","@typescript-eslint/parser@8.59.4","ajv-formats@3.0.1","chai@5.3.3","eslint@8.57.1","eslint@8.57.1","ajv@8.20.0","eslint@8.57.1","glob@13.0.6","eslint@8.57.1","lint-staged@17.0.5","node-fetch@2.7.0","rollup@4.60.1","uri-js@4.4.1","eslint@8.57.1","jest@30.4.2","lint-staged@17.0.5","chai@5.3.3","@babel/core@7.29.7","@babel/preset-env@7.29.7","babel-jest@30.4.1","eslint-plugin-import@2.32.0","eslint-plugin-jest@29.15.2","eslint@8.57.1","jest@30.4.2","moment-timezone@0.6.2","@types/node@26.0.0","eslint@8.57.1","rollup@4.60.1","rollup@4.60.1","eslint@8.57.1","eslint@8.57.1","ajv@8.20.0","eslint@8.57.1","glob@13.0.6","eslint@8.57.1","lint-staged@17.0.5","abort-controller@3.0.0","babel-plugin-istanbul@7.0.1","chai@5.3.3","form-data@4.0.5","rollup@4.60.1","eslint@8.57.1","recast@0.23.11","rollup@4.60.1","rollup@4.60.1","@types/node@26.0.0","esbuild@0.27.4","@types/node@26.0.0","@types/node@26.0.0","@types/node@26.0.0","typedoc@0.28.19","@typescript-eslint/parser@8.59.4","eslint@8.57.1","@types/node@26.0.0","eslint@8.57.1","strip-ansi@7.2.0","vitest@4.1.8","electron@42.3.3","@types/node@26.0.0","babel-jest@30.4.1","eslint@8.57.1","jest@30.4.2","lint-staged@17.0.5","@types/node@26.0.0","rimraf@6.1.3","rimraf@6.1.3","rimraf@6.1.3","@types/node@26.0.0","ajv@8.20.0","@types/node@26.0.0","@types/node@26.0.0","chai@5.3.3","@typescript-eslint/parser@8.59.4","@babel/preset-env@7.29.7","@babel/preset-typescript@7.29.7","@types/jest@30.0.0","@typescript-eslint/eslint-plugin@8.60.1","@typescript-eslint/parser@8.59.4","eslint-plugin-jest@29.15.2","eslint-plugin-n@17.24.0","eslint@8.57.1","jest@30.4.2","knip@6.16.0","lint-staged@17.0.5","eslint@8.57.1","@babel/core@7.29.7","@babel/preset-env@7.29.7","@typescript-eslint/parser@8.59.4","@vitest/coverage-v8@4.1.8","eslint@8.57.1","rimraf@6.1.3","vitest@4.1.8","type-fest@5.5.0","@typescript-eslint/parser@8.59.4","chai@5.3.3","eslint@8.57.1","esquery@1.7.0","rollup@4.60.1","@babel/core@7.29.7","@babel/preset-env@7.29.7","@eslint-community/eslint-utils@4.9.1","@eslint/eslintrc@2.1.4","@humanwhocodes/config-array@0.13.0","@nodelib/fs.walk@1.2.8","@sinonjs/fake-timers@15.4.0","ajv@6.15.0","babel-loader@10.1.1","chai@5.3.3","chalk@4.1.2","cross-spawn@7.0.6","debug@4.4.3","doctrine@3.0.0","ejs@3.1.10","eslint-plugin-n@17.24.0","eslint-plugin-unicorn@56.0.1","eslint-scope@7.2.2","eslint@8.57.1","espree@9.6.1","esquery@1.7.0","fast-glob@3.3.3","file-entry-cache@6.0.1","find-up@5.0.0","glob-parent@6.0.2","glob@13.0.6","globals@13.24.0","got@11.8.6","is-glob@4.0.3","js-yaml@4.1.1","levn@0.4.1","lint-staged@17.0.5","markdown-it@14.1.1","memfs@4.57.2","minimatch@3.1.5","optionator@0.9.4","recast@0.23.11","strip-ansi@6.0.1","webpack-cli@7.0.2","webpack@5.107.1","knip@6.16.0","eslint@8.57.1","rimraf@6.1.3","rollup@4.60.1","vitepress@1.6.4","@types/jsdom@21.1.7","@types/node@26.0.0","eslint@8.57.1","jsdom@26.1.0","rimraf@6.1.3","rollup@4.60.1","chai@5.3.3","eslint@8.57.1","glob@13.0.6","uri-js@4.4.1","chai@5.3.3","eslint@8.57.1","chai@5.3.3","eslint-plugin-n@17.24.0","eslint@8.57.1","lint-staged@17.0.5","rollup@4.60.1","@babel/core@7.29.7","@babel/preset-env@7.29.7","debug@4.4.3","eslint-plugin-import@2.32.0","eslint@8.57.1","rimraf@6.1.3","execa@5.1.1","eslint@8.57.1","rollup@4.60.1","brace-expansion@1.1.13","rollup@4.60.1","chai@5.3.3","eslint@8.57.1","chai@5.3.3","eslint@8.57.1","lint-staged@17.0.5","brace-expansion@1.1.13","rollup@4.60.1","@types/node@26.0.0","chai@5.3.3","eslint@8.57.1","lint-staged@17.0.5","rollup@4.60.1","eslint@8.57.1","fs-extra@10.1.0","lint-staged@17.0.5","@types/node@26.0.0","eslint@8.57.1","@sinonjs/fake-timers@15.4.0","rollup@4.60.1","acorn-walk@8.3.5","body-parser@2.2.2","cross-spawn@7.0.6","glob@13.0.6","open@8.4.2","rimraf@6.1.3","serve-static@2.2.1","chai@5.3.3","eslint@8.57.1","eslint@8.57.1","eslint@8.57.1","glob@13.0.6","eslint@8.57.1","rollup@4.60.1","@babel/code-frame@7.29.7","@babel/generator@7.29.7","@babel/helper-compilation-targets@7.29.7","@babel/helper-module-transforms@7.29.7","@babel/helpers@7.29.7","@babel/parser@7.29.7","@babel/plugin-transform-modules-commonjs@7.29.7","@babel/preset-env@7.29.7","@babel/preset-typescript@7.29.7","@babel/template@7.29.7","@babel/traverse@7.29.7","@babel/types@7.29.7","@jridgewell/remapping@2.3.5","@jridgewell/trace-mapping@0.3.31","@types/debug@4.1.13","debug@4.4.3","rimraf@6.1.3","@babel/eslint-parser@7.28.6","@babel/preset-env@7.29.7","eslint@8.57.1","locate-path@6.0.0","lint-staged@17.0.5","@babel/core@7.29.7","@babel/preset-react@7.28.5","@types/jest@30.0.0","@types/node@26.0.0","@webassemblyjs/ast@1.14.1","@webassemblyjs/wasm-edit@1.14.1","@webassemblyjs/wasm-parser@1.14.1","babel-loader@10.1.1","browserslist@4.28.2","css-loader@7.1.4","enhanced-resolve@5.22.0","eslint-scope@5.1.1","eslint@8.57.1","file-loader@6.2.0","jest-circus@30.4.2","jest-cli@30.4.2","jest-diff@30.4.1","jest-environment-node@30.4.1","jest-snapshot@30.4.1","jest@30.4.2","lint-staged@17.0.5","memfs@4.57.2","mini-css-extract-plugin@2.10.2","node-gyp@12.2.0","oxc-parser@0.127.0","pretty-format@27.5.1","raw-loader@4.0.2","react-dom@19.2.7","rimraf@6.1.3","schema-utils@4.3.3","terser-webpack-plugin@5.6.0","terser@5.48.0","watchpack@2.5.1","webpack-cli@7.0.2","xxhashjs@0.2.2","chai@5.3.3","execa@5.1.1","parent-module@1.0.1","import-fresh@3.3.1","babel-jest@30.4.1","eslint@8.57.1","jest@30.4.2","lint-staged@17.0.5","rimraf@6.1.3","shebang-command@2.0.0","which@2.0.2","eslint@8.57.1","chai@5.3.3","eslint@8.57.1","@babel/core@7.29.7","@babel/eslint-parser@7.28.6","babel-plugin-istanbul@7.0.1","chai@5.3.3","eslint@8.57.1","fs-extra@10.1.0","rollup@4.60.1","yargs@17.7.2","eslint@8.57.1","lru-cache@5.1.1","@typescript-eslint/parser@8.59.4","dot-prop@10.1.0","eslint@8.57.1","knip@6.16.0","rimraf@6.1.3","rollup@4.60.1","vitepress@1.6.4","@types/node@26.0.0","@typescript-eslint/parser@8.59.4","@typescript-eslint/project-service@8.59.4","@typescript-eslint/visitor-keys@8.59.4","@vitest/coverage-v8@4.1.8","debug@4.4.3","eslint@8.57.1","glob@13.0.6","minimatch@10.2.5","rimraf@6.1.3","tinyglobby@0.2.17","vitest@4.1.8","@types/jest@30.0.0","@types/node@26.0.0","eslint@8.57.1","import-fresh@3.3.1","rimraf@6.1.3","jest@30.4.2","lint-staged@17.0.5","memfs@4.57.2","@babel/core@7.29.7","@babel/preset-env@7.29.7","@stylistic/eslint-plugin@5.10.0","babel-jest@30.4.1","eslint@8.57.1","jest@30.4.2","@typescript-eslint/parser@8.59.4","dot-prop@10.1.0","eslint@8.57.1","knip@6.16.0","rimraf@6.1.3","rollup@4.60.1","vitepress@1.6.4","@types/jsdom@21.1.7","@types/node@26.0.0","eslint@8.57.1","jsdom@26.1.0","rimraf@6.1.3","rollup@4.60.1","@typescript-eslint/parser@8.59.4","@types/node@26.0.0","@typescript-eslint/eslint-plugin@8.60.1","@typescript-eslint/parser@8.59.4","eslint-plugin-n@17.24.0","@babel/core@7.29.7","@babel/preset-env@7.29.7","@eslint-community/eslint-utils@4.9.1","@eslint/eslintrc@2.1.4","@humanwhocodes/config-array@0.13.0","@nodelib/fs.walk@1.2.8","@sinonjs/fake-timers@15.4.0","ajv@6.15.0","babel-loader@10.1.1","chai@5.3.3","chalk@4.1.2","cross-spawn@7.0.6","debug@4.4.3","doctrine@3.0.0","ejs@3.1.10","eslint-plugin-n@17.24.0","eslint-plugin-unicorn@56.0.1","eslint-scope@7.2.2","eslint@8.57.1","espree@9.6.1","esquery@1.7.0","fast-glob@3.3.3","file-entry-cache@6.0.1","find-up@5.0.0","glob-parent@6.0.2","glob@13.0.6","globals@13.24.0","got@11.8.6","is-glob@4.0.3","js-yaml@4.1.1","levn@0.4.1","lint-staged@17.0.5","markdown-it@14.1.1","memfs@4.57.2","minimatch@3.1.5","optionator@0.9.4","recast@0.23.11","strip-ansi@6.0.1","webpack-cli@7.0.2","webpack@5.107.1","eslint-plugin-n@17.24.0","@babel/core@7.29.7","@babel/preset-env@7.29.7","@eslint-community/eslint-utils@4.9.1","@eslint/eslintrc@2.1.4","@humanwhocodes/config-array@0.13.0","@nodelib/fs.walk@1.2.8","@sinonjs/fake-timers@15.4.0","ajv@6.15.0","babel-loader@10.1.1","chai@5.3.3","chalk@4.1.2","cross-spawn@7.0.6","debug@4.4.3","doctrine@3.0.0","ejs@3.1.10","eslint-plugin-n@17.24.0","eslint-plugin-unicorn@56.0.1","eslint-scope@7.2.2","eslint@8.57.1","espree@9.6.1","esquery@1.7.0","fast-glob@3.3.3","file-entry-cache@6.0.1","find-up@5.0.0","glob-parent@6.0.2","glob@13.0.6","globals@13.24.0","got@11.8.6","is-glob@4.0.3","js-yaml@4.1.1","levn@0.4.1","lint-staged@17.0.5","markdown-it@14.1.1","memfs@4.57.2","minimatch@3.1.5","optionator@0.9.4","recast@0.23.11","strip-ansi@6.0.1","webpack-cli@7.0.2","webpack@5.107.1","espree@10.4.0","jsdom@26.1.0","rimraf@6.1.3","vitepress@1.6.4","eslint-plugin-n@17.24.0","@babel/core@7.29.7","@babel/preset-env@7.29.7","@eslint-community/eslint-utils@4.9.1","@eslint/eslintrc@2.1.4","@humanwhocodes/config-array@0.13.0","@nodelib/fs.walk@1.2.8","@sinonjs/fake-timers@15.4.0","ajv@6.15.0","babel-loader@10.1.1","chai@5.3.3","chalk@4.1.2","cross-spawn@7.0.6","debug@4.4.3","doctrine@3.0.0","ejs@3.1.10","eslint-plugin-n@17.24.0","eslint-plugin-unicorn@56.0.1","eslint-scope@7.2.2","eslint@8.57.1","espree@9.6.1","esquery@1.7.0","fast-glob@3.3.3","file-entry-cache@6.0.1","find-up@5.0.0","glob-parent@6.0.2","glob@13.0.6","globals@13.24.0","got@11.8.6","is-glob@4.0.3","js-yaml@4.1.1","levn@0.4.1","lint-staged@17.0.5","markdown-it@14.1.1","memfs@4.57.2","minimatch@3.1.5","optionator@0.9.4","recast@0.23.11","strip-ansi@6.0.1","webpack-cli@7.0.2","webpack@5.107.1","fast-glob@3.3.3","eslint-plugin-jest@29.15.2","execa@5.1.1","type-fest@5.5.0","@babel/core@7.29.7","@babel/preset-env@7.29.7","debug@4.4.3","eslint-plugin-import@2.32.0","eslint@8.57.1","rimraf@6.1.3","lint-staged@17.0.5","rimraf@6.1.3","@typescript-eslint/parser@8.59.4","dot-prop@10.1.0","eslint@8.57.1","knip@6.16.0","rimraf@6.1.3","rollup@4.60.1","vitepress@1.6.4","@vitest/coverage-v8@4.1.8","eslint@8.57.1","rimraf@6.1.3","vitest@4.1.8","@typescript-eslint/parser@8.59.4","esquery@1.7.0","rollup@4.60.1","@babel/core@7.29.7","@babel/preset-env@7.29.7","@eslint-community/eslint-utils@4.9.1","@eslint/eslintrc@2.1.4","@humanwhocodes/config-array@0.13.0","@nodelib/fs.walk@1.2.8","@sinonjs/fake-timers@15.4.0","ajv@6.15.0","babel-loader@10.1.1","chai@5.3.3","chalk@4.1.2","cross-spawn@7.0.6","debug@4.4.3","doctrine@3.0.0","ejs@3.1.10","eslint-plugin-n@17.24.0","eslint-plugin-unicorn@56.0.1","eslint-scope@7.2.2","eslint@8.57.1","espree@9.6.1","esquery@1.7.0","fast-glob@3.3.3","file-entry-cache@6.0.1","find-up@5.0.0","glob-parent@6.0.2","glob@13.0.6","globals@13.24.0","got@11.8.6","is-glob@4.0.3","js-yaml@4.1.1","levn@0.4.1","lint-staged@17.0.5","markdown-it@14.1.1","memfs@4.57.2","minimatch@3.1.5","optionator@0.9.4","recast@0.23.11","strip-ansi@6.0.1","webpack-cli@7.0.2","webpack@5.107.1","rollup@4.60.1","chai@5.3.3","espree@10.4.0","eslint@8.57.1","fill-range@7.1.1","@types/node@26.0.0","@typescript-eslint/eslint-plugin@8.60.1","@typescript-eslint/parser@8.59.4","@vitest/coverage-v8@4.1.8","eslint-plugin-n@17.24.0","eslint-plugin-unicorn@56.0.1","eslint@8.57.1","knip@6.16.0","lint-staged@17.0.5","eslint@8.57.1","fill-range@7.1.1","rimraf@6.1.3","rollup@4.60.1","@types/chai@5.2.3","@types/node@26.0.0","@typescript-eslint/type-utils@8.60.1","@typescript-eslint/utils@8.60.1","chai@5.3.3","chokidar@3.6.0","esbuild@0.27.4","eslint@8.57.1","glob@13.0.6","knip@6.16.0","playwright@1.60.0","source-map-support@0.5.21","which@5.0.0","vitest@4.1.8","type-fest@5.5.0","eslint-plugin-unicorn@56.0.1","@typescript-eslint/parser@8.59.4","chai@5.3.3","eslint@8.57.1","eslint@8.57.1","espree@10.4.0","chai@5.3.3","chai@5.3.3","espree@10.4.0","chai@5.3.3","espree@10.4.0","rollup@4.60.1","@typescript-eslint/parser@8.59.4","chai@5.3.3","eslint@8.57.1","@babel/core@7.29.7","@babel/preset-env@7.29.7","chai@5.3.3","eslint@8.57.1","rollup@4.60.1","rollup@4.60.1","@babel/core@7.29.7","@babel/preset-env@7.29.7","@eslint-community/eslint-utils@4.9.1","@eslint/eslintrc@2.1.4","@humanwhocodes/config-array@0.13.0","@nodelib/fs.walk@1.2.8","@sinonjs/fake-timers@15.4.0","ajv@6.15.0","babel-loader@10.1.1","chai@5.3.3","chalk@4.1.2","cross-spawn@7.0.6","debug@4.4.3","doctrine@3.0.0","ejs@3.1.10","eslint-plugin-n@17.24.0","eslint-plugin-unicorn@56.0.1","eslint-scope@7.2.2","eslint@8.57.1","espree@9.6.1","esquery@1.7.0","fast-glob@3.3.3","file-entry-cache@6.0.1","find-up@5.0.0","glob-parent@6.0.2","glob@13.0.6","globals@13.24.0","got@11.8.6","is-glob@4.0.3","js-yaml@4.1.1","levn@0.4.1","lint-staged@17.0.5","markdown-it@14.1.1","memfs@4.57.2","minimatch@3.1.5","optionator@0.9.4","recast@0.23.11","strip-ansi@6.0.1","webpack-cli@7.0.2","webpack@5.107.1","chai@5.3.3","eslint-plugin-n@17.24.0","@typescript-eslint/parser@8.59.4","chai@5.3.3","eslint@8.57.1","esquery@1.7.0","rollup@4.60.1","eslint@8.57.1","lint-staged@17.0.5","rollup@4.60.1","glob@13.0.6","eslint@8.57.1","inflight@1.0.6","memfs@4.57.2","minimatch@3.1.5","once@1.4.0","rimraf@6.1.3","webpack@5.107.1","@babel/core@7.29.7","@babel/preset-env@7.29.7","chai@5.3.3","eslint@8.57.1","chai@5.3.3","espree@10.4.0","rollup@4.60.1","chai@5.3.3","eslint@8.57.1","@nodelib/fs.scandir@2.1.5","fastq@1.20.1","@types/node@26.0.0","eslint@8.57.1","execa@5.1.1","fast-glob@3.3.3","@types/node@26.0.0","@vitest/coverage-v8@4.1.8","expect@30.4.1","fast-glob@3.3.3","glob@13.0.6","vitest@4.1.8","eslint@8.57.1","expect@30.4.1","is-glob@4.0.3","glob@13.0.6","braces@3.0.3","fill-range@7.1.1","minimatch@10.2.5","rimraf@6.1.3","chai@5.3.3","eslint@8.57.1","chai@5.3.3","eslint@8.57.1","@babel/core@7.29.7","@babel/preset-env@7.29.7","rollup@4.60.1","terser@5.48.0","eslint@8.57.1","inflight@1.0.6","memfs@4.57.2","minimatch@3.1.5","once@1.4.0","rimraf@6.1.3","time-span@5.1.0","time-span@5.1.0","eslint@8.57.1","@jest/expect-utils@30.4.1","jest-matcher-utils@30.4.1","jest-message-util@30.4.1","jest-mock@30.4.1","jest-util@30.4.1","glob@13.0.6","@types/jsdom@21.1.7","@types/node@26.0.0","@typescript-eslint/eslint-plugin@8.60.1","@typescript-eslint/parser@8.59.4","jsdom@26.1.0","rxjs@7.8.2","@sinonjs/fake-timers@15.4.0","@types/node@26.0.0","@types/node@26.0.0","@typescript-eslint/eslint-plugin@8.60.1","@typescript-eslint/parser@8.59.4","get-stream@5.2.0","got@11.8.6","@types/node@26.0.0","@types/node@26.0.0","@types/node@26.0.0","@types/send@1.2.1","combined-stream@1.0.8","cross-spawn@7.0.6","es-set-tostringtag@2.1.0","eslint@8.57.1","hasown@2.0.3","mime-types@2.1.35","rimraf@6.1.3","@types/node@26.0.0","axios@1.16.0","@types/node@26.0.0","@vitest/coverage-v8@4.1.8","keyv@5.6.0","rimraf@6.1.3","vitest@4.1.8","@vitest/coverage-v8@4.1.8","rimraf@6.1.3","vitest@4.1.8","get-stream@5.2.0","@types/node@26.0.0","pump@3.0.4","eslint@8.57.1","get-stream@5.2.0","@types/node@26.0.0","get-stream@5.2.0","@types/node@26.0.0","eslint-plugin-import@2.32.0","eslint@8.57.1","eslint-plugin-import@2.32.0","eslint@8.57.1","eslint@8.57.1","debug@4.4.3","eslint-plugin-import@2.32.0","eslint@8.57.1","http-errors@2.0.1","iconv-lite@0.7.2","on-finished@2.4.1","qs@6.15.2","raw-body@3.0.2","type-is@2.0.1","eslint-plugin-import@2.32.0","eslint@8.57.1","eslint-plugin-import@2.32.0","eslint@8.57.1","eslint@8.57.1","eslint-plugin-import@2.32.0","eslint@8.57.1","ejs@3.1.10","eslint-plugin-import@2.32.0","eslint@8.57.1","eslint@8.57.1","eslint-plugin-import@2.32.0","eslint@8.57.1","eslint-plugin-import@2.32.0","eslint@8.57.1","eslint-plugin-import@2.32.0","eslint@8.57.1","eslint-plugin-import@2.32.0","eslint@8.57.1","eslint-plugin-import@2.32.0","eslint@8.57.1","eslint-plugin-import@2.32.0","eslint@8.57.1","raw-body@3.0.2","eslint-plugin-import@2.32.0","eslint@8.57.1","eslint-plugin-import@2.32.0","eslint@8.57.1","eslint-plugin-import@2.32.0","eslint@8.57.1","eslint-plugin-import@2.32.0","eslint@8.57.1","raw-body@3.0.2","eslint-plugin-import@2.32.0","eslint@8.57.1","eslint-plugin-import@2.32.0","eslint@8.57.1","eslint-plugin-import@2.32.0","eslint@8.57.1","eslint-plugin-import@2.32.0","eslint@8.57.1","eslint-plugin-import@2.32.0","eslint@8.57.1","eslint-plugin-import@2.32.0","eslint@8.57.1","eslint@8.57.1","for-each@0.3.5","glob@13.0.6","has-property-descriptors@1.0.2","has-proto@1.2.0","iconv-lite@0.6.3","jackspeak@3.4.3","side-channel@1.1.0","eslint-plugin-import@2.32.0","eslint@8.57.1","eslint-plugin-import@2.32.0","eslint@8.57.1","finalhandler@2.1.1","eslint-plugin-import@2.32.0","eslint@8.57.1","@types/node@26.0.0","@vitest/coverage-v8@4.1.8","vitest@4.1.8","debug@4.4.3","eslint-plugin-import@2.32.0","eslint@8.57.1","http-errors@2.0.1","mime-types@3.0.2","on-finished@2.4.1","eslint-plugin-import@2.32.0","eslint@8.57.1","send@1.2.1","eslint-plugin-import@2.32.0","eslint@8.57.1","@stylistic/eslint-plugin@5.10.0","eslint@8.57.1","http-errors@2.0.1","iconv-lite@0.7.2","readable-stream@2.3.8","eslint-plugin-import@2.32.0","eslint@8.57.1","eslint-plugin-import@2.32.0","eslint@8.57.1","eslint-plugin-import@2.32.0","eslint@8.57.1","eslint-plugin-import@2.32.0","eslint@8.57.1","eslint-plugin-import@2.32.0","eslint@8.57.1","eslint@8.57.1","rimraf@6.1.3","cross-spawn@7.0.6","eslint@8.57.1","eslint@8.57.1","call-bind-apply-helpers@1.0.2","call-bound@1.0.4","es-abstract@1.24.1","es-object-atoms@1.1.1","eslint@8.57.1","for-each@0.3.5","get-proto@1.0.1","hasown@2.0.3","eslint@8.57.1","eslint@8.57.1","eslint@8.57.1","eslint@8.57.1","eslint-plugin-import@2.32.0","eslint@8.57.1","eslint-plugin-import@2.32.0","eslint@8.57.1","raw-body@3.0.2","rimraf@6.1.3","@types/node@26.0.0","pump@3.0.4","@types/jsdom@21.1.7","@types/node@26.0.0","@typescript-eslint/eslint-plugin@8.60.1","@typescript-eslint/parser@8.59.4","jsdom@26.1.0","rxjs@7.8.2","get-stream@5.2.0","got@11.8.6","node-fetch@2.7.0","get-stream@5.2.0","@microsoft/api-extractor@7.58.7","@types/jest@30.0.0","@types/node@26.0.0","eslint-plugin-import@2.32.0","eslint@8.57.1","jest@30.4.2","tldts@6.1.86","lint-staged@17.0.5","@babel/core@7.29.7","@babel/preset-env@7.29.7","debug@4.4.3","eslint-plugin-import@2.32.0","eslint@8.57.1","rimraf@6.1.3","@babel/eslint-parser@7.28.6","@babel/plugin-syntax-class-properties@7.12.13","eslint@8.57.1","eslint@8.57.1","rollup@4.60.1","lint-staged@17.0.5","@babel/eslint-parser@7.28.6","@babel/plugin-syntax-class-properties@7.12.13","eslint@8.57.1","chai@5.3.3","@types/jest@30.0.0","@types/node@26.0.0","@typescript-eslint/eslint-plugin@8.60.1","@typescript-eslint/parser@8.59.4","eslint@8.57.1","jest@30.4.2","typedoc@0.28.19","eslint@8.57.1","express@5.2.1","@typescript-eslint/eslint-plugin@8.60.1","@typescript-eslint/parser@8.59.4","eslint@8.57.1","http-proxy@1.18.1","webpack@5.107.1","eslint-plugin-import@2.32.0","eslint@8.57.1","glob@13.0.6","handlebars@4.7.9","jsdom@26.1.0","rollup@4.60.1","terser@5.48.0","@babel/core@7.29.7","rollup@4.60.1","get-stream@5.2.0","@types/node@26.0.0","@jest/schemas@30.4.1","@types/react@19.2.14","jest-util@30.4.1","@jest/types@30.4.1","@types/node@26.0.0","chalk@4.1.2","micromatch@4.0.8","import-fresh@3.3.1","eslint@8.57.1","eslint@8.57.1","rollup@4.60.1","rollup@4.60.1","eslint@8.57.1","rollup@4.60.1","rollup@4.60.1","rollup@4.60.1","@types/jest@30.0.0","@types/node@26.0.0","@typescript-eslint/eslint-plugin@8.60.1","@typescript-eslint/parser@8.59.4","eslint@8.57.1","jest@30.4.2","eslint@8.57.1","markdown-it@14.1.1","eslint@8.57.1","eslint@8.57.1","rollup@4.60.1","esbuild@0.27.4","eslint@8.57.1","markdown-it@14.1.1","rimraf@6.1.3","memfs@4.57.2","chai@5.3.3","type-check@0.4.0","@babel/core@7.29.7","@babel/parser@7.29.7","@babel/preset-env@7.29.7","@types/node@26.0.0","@typescript-eslint/parser@8.59.4","@babel/parser@7.29.7","@babel/types@7.29.7","espree@10.4.0","glob@13.0.6","recast@0.23.11","rimraf@6.1.3","eslint@8.57.1","glob@13.0.6","temp@0.9.4","webpack@5.107.1","glob@13.0.6","lint-staged@17.0.5","webpack@5.107.1","@types/jest@30.0.0","@types/node@26.0.0","jest@30.4.2","rimraf@6.1.3","rollup@4.60.1","esbuild@0.27.4","eslint@8.57.1","rollup@4.60.1","@types/jest@30.0.0","@types/node@26.0.0","eslint-plugin-jest@29.15.2","eslint@8.57.1","jest@30.4.2","babel-jest@30.4.1","eslint@8.57.1","jest@30.4.2","lint-staged@17.0.5","rimraf@6.1.3","shebang-command@2.0.0","which@2.0.2","@babel/core@7.29.7","@babel/preset-env@7.29.7","babel-jest@30.4.1","babel-loader@10.1.1","eslint-plugin-import@2.32.0","eslint@8.57.1","glob@13.0.6","jest@30.4.2","webpack-cli@7.0.2","webpack@5.107.1","which@5.0.0","@types/jest@30.0.0","@typescript-eslint/eslint-plugin@8.60.1","@typescript-eslint/parser@8.59.4","eslint-plugin-import@2.32.0","eslint@8.57.1","chai@5.3.3","jest@30.4.2","execa@5.1.1","pkg-dir@4.2.0","resolve-cwd@3.0.0","eslint@8.57.1","expect@30.4.1","js-yaml@4.1.1","eslint@8.57.1","expect@30.4.1","resolve@1.22.12","eslint@8.57.1","expect@30.4.1","eslint@8.57.1","is-core-module@2.16.2","rimraf@6.1.3","@babel/core@7.29.7","@babel/eslint-parser@7.28.6","@babel/plugin-transform-runtime@7.29.7","@babel/preset-env@7.29.7","@types/bonjour@3.5.13","@types/connect-history-api-fallback@1.5.4","@types/express-serve-static-core@4.19.8","@types/express@4.17.25","@types/node@26.0.0","@types/serve-index@1.9.4","@types/serve-static@1.15.10","@types/sockjs@0.3.36","@types/ws@8.18.1","babel-jest@30.4.1","babel-loader@10.1.1","bonjour-service@1.3.0","chokidar@3.6.0","compression@1.8.1","css-loader@7.1.4","eslint-plugin-import@2.32.0","eslint-plugin-jest@29.15.2","eslint-plugin-n@17.24.0","eslint@8.57.1","execa@5.1.1","express@4.22.2","html-webpack-plugin@5.6.7","http-proxy-middleware@2.0.9","http-proxy@1.18.1","jest-environment-jsdom@30.4.1","jest@30.4.2","launch-editor@2.13.2","lint-staged@17.0.5","memfs@4.57.2","open@10.2.0","p-retry@6.2.1","readable-stream@2.3.8","rimraf@6.1.3","schema-utils@4.3.3","selfsigned@5.5.0","serve-index@1.9.2","sockjs@0.3.24","spdy@4.0.2","webpack-cli@7.0.2","webpack-dev-middleware@7.4.5","webpack-merge@6.0.1","webpack@5.107.1","chai@5.3.3","webpack@5.107.1","@babel/core@7.29.7","@babel/preset-react@7.28.5","@types/jest@30.0.0","@types/node@26.0.0","@webassemblyjs/ast@1.14.1","@webassemblyjs/wasm-edit@1.14.1","@webassemblyjs/wasm-parser@1.14.1","babel-loader@10.1.1","browserslist@4.28.2","css-loader@7.1.4","enhanced-resolve@5.22.0","eslint-scope@5.1.1","eslint@8.57.1","file-loader@6.2.0","jest-circus@30.4.2","jest-cli@30.4.2","jest-diff@30.4.1","jest-environment-node@30.4.1","jest-snapshot@30.4.1","jest@30.4.2","lint-staged@17.0.5","memfs@4.57.2","mini-css-extract-plugin@2.10.2","node-gyp@12.2.0","oxc-parser@0.127.0","pretty-format@27.5.1","raw-loader@4.0.2","react-dom@19.2.7","rimraf@6.1.3","schema-utils@4.3.3","terser-webpack-plugin@5.6.0","terser@5.48.0","watchpack@2.5.1","webpack-cli@7.0.2","xxhashjs@0.2.2","@babel/core@7.29.7","@babel/code-frame@7.29.7","@babel/generator@7.29.7","@babel/helper-compilation-targets@7.29.7","@babel/helper-module-transforms@7.29.7","@babel/helpers@7.29.7","@babel/parser@7.29.7","@babel/plugin-transform-modules-commonjs@7.29.7","@babel/preset-env@7.29.7","@babel/preset-typescript@7.29.7","@babel/template@7.29.7","@babel/traverse@7.29.7","@babel/types@7.29.7","@jridgewell/remapping@2.3.5","@jridgewell/trace-mapping@0.3.31","@types/debug@4.1.13","debug@4.4.3","rimraf@6.1.3","@babel/core@7.29.7","@babel/code-frame@7.29.7","@babel/generator@7.29.7","@babel/helper-compilation-targets@7.29.7","@babel/helper-module-transforms@7.29.7","@babel/helpers@7.29.7","@babel/parser@7.29.7","@babel/plugin-transform-modules-commonjs@7.29.7","@babel/preset-env@7.29.7","@babel/preset-typescript@7.29.7","@babel/template@7.29.7","@babel/traverse@7.29.7","@babel/types@7.29.7","@jridgewell/remapping@2.3.5","@jridgewell/trace-mapping@0.3.31","@types/debug@4.1.13","debug@4.4.3","rimraf@6.1.3","@babel/core@7.29.7","@babel/code-frame@7.29.7","@babel/generator@7.29.7","@babel/helper-compilation-targets@7.29.7","@babel/helper-module-transforms@7.29.7","@babel/helpers@7.29.7","@babel/parser@7.29.7","@babel/plugin-transform-modules-commonjs@7.29.7","@babel/preset-env@7.29.7","@babel/preset-typescript@7.29.7","@babel/template@7.29.7","@babel/traverse@7.29.7","@babel/types@7.29.7","@jridgewell/remapping@2.3.5","@jridgewell/trace-mapping@0.3.31","@types/debug@4.1.13","debug@4.4.3","rimraf@6.1.3","@babel/core@7.29.7","@babel/helper-annotate-as-pure@7.29.7","@babel/helper-module-imports@7.29.7","@babel/plugin-syntax-jsx@7.29.7","@babel/traverse@7.29.7","@babel/types@7.29.7","@babel/core@7.29.7","@babel/helper-annotate-as-pure@7.29.7","@babel/helper-module-imports@7.29.7","@babel/plugin-syntax-jsx@7.29.7","@babel/traverse@7.29.7","@babel/types@7.29.7","@babel/code-frame@7.29.7","@babel/generator@7.29.7","@babel/helper-compilation-targets@7.29.7","@babel/helper-module-transforms@7.29.7","@babel/helpers@7.29.7","@babel/parser@7.29.7","@babel/plugin-transform-modules-commonjs@7.29.7","@babel/preset-env@7.29.7","@babel/preset-typescript@7.29.7","@babel/template@7.29.7","@babel/traverse@7.29.7","@babel/types@7.29.7","@jridgewell/remapping@2.3.5","@jridgewell/trace-mapping@0.3.31","@types/debug@4.1.13","debug@4.4.3","rimraf@6.1.3","@babel/traverse@7.29.7","@babel/types@7.29.7","@babel/core@7.29.7","@types/jest@30.0.0","@types/node@26.0.0","webpack@5.107.1","call-bind@1.0.8","define-properties@1.2.1","es-abstract@1.24.1","es-shim-unscopables@1.1.0","eslint@8.57.1","for-each@0.3.5","@webassemblyjs/helper-numbers@1.13.2","array.prototype.flatmap@1.3.3","@webassemblyjs/ast@1.14.1","@webassemblyjs/ieee754@1.13.2","@webassemblyjs/leb128@1.13.2","@webassemblyjs/wasm-gen@1.14.1","jest-diff@30.4.1","@webassemblyjs/helper-numbers@1.13.2","array.prototype.flatmap@1.3.3","@webassemblyjs/wasm-parser@1.14.1","jest-diff@30.4.1","@webassemblyjs/ast@1.14.1","@webassemblyjs/ieee754@1.13.2","@webassemblyjs/leb128@1.13.2","@webassemblyjs/wasm-parser@1.14.1","@webassemblyjs/helper-numbers@1.13.2","array.prototype.flatmap@1.3.3","@webassemblyjs/helper-numbers@1.13.2","array.prototype.flatmap@1.3.3","@webassemblyjs/wasm-parser@1.14.1","jest-diff@30.4.1","@webassemblyjs/ast@1.14.1","@webassemblyjs/ieee754@1.13.2","@webassemblyjs/leb128@1.13.2","@webassemblyjs/ast@1.14.1","@webassemblyjs/ieee754@1.13.2","@webassemblyjs/leb128@1.13.2","@webassemblyjs/wasm-gen@1.14.1","@webassemblyjs/ast@1.14.1","@webassemblyjs/ieee754@1.13.2","@webassemblyjs/leb128@1.13.2","@webassemblyjs/wasm-gen@1.14.1","@webassemblyjs/helper-numbers@1.13.2","array.prototype.flatmap@1.3.3","webpack@5.107.1","@webassemblyjs/helper-numbers@1.13.2","array.prototype.flatmap@1.3.3","@webassemblyjs/wasm-parser@1.14.1","jest-diff@30.4.1","@babel/core@7.29.7","@babel/plugin-transform-modules-commonjs@7.29.7","webpack@5.107.1","@webassemblyjs/ast@1.14.1","@webassemblyjs/ieee754@1.13.2","@webassemblyjs/leb128@1.13.2","babel-loader@10.1.1","@types/node@26.0.0","rollup@4.60.1","node-fetch@2.7.0","update-browserslist-db@1.2.3","@types/node@26.0.0","@babel/core@7.29.7","@babel/preset-env@7.29.7","babel-jest@30.4.1","eslint-plugin-import@2.32.0","eslint@8.57.1","file-loader@6.2.0","eslint@8.57.1","jest@30.4.2","lint-staged@17.0.5","jest-environment-jsdom@30.4.1","jest@30.4.2","lint-staged@17.0.5","memfs@4.57.2","mini-css-extract-plugin@2.10.2","@babel/core@7.29.7","@babel/preset-env@7.29.7","babel-jest@30.4.1","@types/node@26.0.0","@typescript-eslint/eslint-plugin@8.60.1","@typescript-eslint/parser@8.59.4","eslint-plugin-import@2.32.0","eslint@8.57.1","parent-module@1.0.1","eslint@8.57.1","rollup@4.60.1","lint-staged@17.0.5","execa@5.1.1","@babel/code-frame@7.29.7","error-ex@1.3.4","@types/chai@5.2.3","@types/node@26.0.0","@typescript-eslint/type-utils@8.60.1","@typescript-eslint/utils@8.60.1","chai@5.3.3","chokidar@3.6.0","esbuild@0.27.4","eslint@8.57.1","glob@13.0.6","knip@6.16.0","playwright@1.60.0","source-map-support@0.5.21","which@5.0.0","vitest@4.1.8","cssnano@7.1.2","eslint@8.57.1","jest@30.4.2","@babel/core@7.29.7","@babel/helper-module-imports@7.29.7","@babel/helper-module-transforms@7.29.7","@babel/plugin-proposal-decorators@7.29.7","@babel/plugin-syntax-class-properties@7.12.13","@babel/plugin-syntax-import-assertions@7.29.7","@babel/plugin-syntax-jsx@7.29.7","@babel/plugin-transform-explicit-resource-management@7.29.7","@babel/plugin-transform-export-namespace-from@7.29.7","@babel/plugin-transform-react-jsx@7.28.6","@babel/plugin-transform-typescript@7.29.7","@babel/preset-typescript@7.29.7","@babel/template@7.29.7","@babel/traverse@7.29.7","@babel/types@7.29.7","@types/babel__core@7.20.5","@types/babel__template@7.4.4","@types/babel__traverse@7.28.0","@types/node@26.0.0","@vitest/coverage-v8@4.1.8","eslint@8.57.1","estree-walker@3.0.3","fast-glob@3.3.3","get-tsconfig@4.14.0","mlly@1.8.2","moment-timezone@0.6.2","pkg-types@2.3.0","react-dom@19.2.7","rolldown@1.0.3","terser-webpack-plugin@5.6.0","vitest@4.1.8","vue@3.5.31","lint-staged@17.0.5","memfs@4.57.2","postcss-import@16.1.1","chai@5.3.3","@babel/core@7.29.7","@babel/eslint-parser@7.28.6","@babel/eslint-plugin@7.29.7","@babel/preset-env@7.29.7","eslint-plugin-import@2.32.0","eslint@8.57.1","glob@13.0.6","postcss@8.5.15","strip-ansi@7.2.0","@babel/core@7.29.7","@babel/preset-react@7.28.5","@types/jest@30.0.0","@types/node@26.0.0","@webassemblyjs/ast@1.14.1","@webassemblyjs/wasm-edit@1.14.1","@webassemblyjs/wasm-parser@1.14.1","babel-loader@10.1.1","browserslist@4.28.2","css-loader@7.1.4","enhanced-resolve@5.22.0","eslint-scope@5.1.1","eslint@8.57.1","file-loader@6.2.0","jest-circus@30.4.2","jest-cli@30.4.2","jest-diff@30.4.1","jest-environment-node@30.4.1","jest-snapshot@30.4.1","jest@30.4.2","lint-staged@17.0.5","memfs@4.57.2","mini-css-extract-plugin@2.10.2","node-gyp@12.2.0","oxc-parser@0.127.0","pretty-format@27.5.1","raw-loader@4.0.2","react-dom@19.2.7","rimraf@6.1.3","schema-utils@4.3.3","terser-webpack-plugin@5.6.0","terser@5.48.0","watchpack@2.5.1","webpack-cli@7.0.2","xxhashjs@0.2.2","eslint@8.57.1","jest@30.4.2","lint-staged@17.0.5","eslint@8.57.1","eslint@8.57.1","jest@30.4.2","lint-staged@17.0.5","postcss@8.5.15","jest@30.4.2","lint-staged@17.0.5","@babel/core@7.29.7","@babel/eslint-parser@7.28.6","@babel/eslint-plugin@7.29.7","@babel/preset-env@7.29.7","eslint-plugin-import@2.32.0","eslint@8.57.1","glob@13.0.6","postcss@8.5.15","eslint@8.57.1","lint-staged@17.0.5","eslint@8.57.1","jest@30.4.2","lint-staged@17.0.5","@babel/core@7.29.7","@babel/eslint-parser@7.28.6","@babel/eslint-plugin@7.29.7","@babel/preset-env@7.29.7","eslint-plugin-import@2.32.0","eslint@8.57.1","glob@13.0.6","postcss@8.5.15","eslint@8.57.1","eslint@8.57.1","jest@30.4.2","lint-staged@17.0.5","postcss@8.5.15","jest@30.4.2","lint-staged@17.0.5","postcss@8.5.15","@babel/core@7.29.7","@babel/eslint-parser@7.28.6","@babel/eslint-plugin@7.29.7","@babel/preset-env@7.29.7","eslint-plugin-import@2.32.0","eslint@8.57.1","glob@13.0.6","postcss@8.5.15","@babel/core@7.29.7","@babel/eslint-parser@7.28.6","@babel/eslint-plugin@7.29.7","@babel/preset-env@7.29.7","eslint-plugin-import@2.32.0","eslint@8.57.1","glob@13.0.6","postcss@8.5.15","postcss@8.5.15","postcss@8.5.15","postcss@8.5.15","postcss@8.5.15","postcss@8.5.15","postcss@8.5.15","postcss@8.5.15","postcss@8.5.15","postcss@8.5.15","postcss@8.5.15","postcss@8.5.15","postcss@8.5.15","postcss@8.5.15","eslint@8.57.1","lint-staged@17.0.5","postcss@8.5.15","postcss@8.5.15","postcss@8.5.15","postcss@8.5.15","postcss@8.5.15","postcss@8.5.15","postcss@8.5.15","eslint@8.57.1","lint-staged@17.0.5","postcss@8.5.15","postcss@8.5.15","postcss-selector-parser@7.1.1","@babel/core@7.29.7","@babel/eslint-parser@7.28.6","@babel/eslint-plugin@7.29.7","@babel/preset-env@7.29.7","eslint-plugin-import@2.32.0","eslint@8.57.1","glob@13.0.6","postcss@8.5.15","postcss@8.5.15","postcss@8.5.15","eslint@8.57.1","lint-staged@17.0.5","postcss@8.5.15","postcss@8.5.15","eslint@8.57.1","lint-staged@17.0.5","eslint@8.57.1","lint-staged@17.0.5","postcss@8.5.15","postcss@8.5.15","eslint@8.57.1","lint-staged@17.0.5","postcss@8.5.15","postcss@8.5.15","@babel/core@7.29.7","@babel/eslint-parser@7.28.6","@babel/eslint-plugin@7.29.7","@babel/preset-env@7.29.7","eslint-plugin-import@2.32.0","eslint@8.57.1","glob@13.0.6","postcss@8.5.15","eslint@8.57.1","lint-staged@17.0.5","browserslist@4.28.2","postcss@8.5.15","update-browserslist-db@1.2.3","@babel/core@7.29.7","@babel/eslint-parser@7.28.6","@babel/eslint-plugin@7.29.7","@babel/preset-env@7.29.7","eslint-plugin-import@2.32.0","eslint@8.57.1","glob@13.0.6","postcss@8.5.15","postcss-selector-parser@7.1.1","@babel/core@7.29.7","@babel/eslint-parser@7.28.6","@babel/eslint-plugin@7.29.7","@babel/preset-env@7.29.7","eslint-plugin-import@2.32.0","eslint@8.57.1","glob@13.0.6","postcss@8.5.15","eslint@8.57.1","lint-staged@17.0.5","browserslist@4.28.2","glob@13.0.6","postcss-preset-env@11.3.0","postcss@8.5.15","eslint@8.57.1","lint-staged@17.0.5","eslint@8.57.1","lint-staged@17.0.5","@jest/globals@30.4.1","@types/debug@4.1.13","cosmiconfig@9.0.1","css-tree@3.2.1","debug@4.4.3","eslint-plugin-jest@29.15.2","eslint@8.57.1","fast-glob@3.3.3","file-entry-cache@11.1.3","global-modules@2.0.0","globby@16.2.0","jest@30.4.2","lint-staged@17.0.5","micromatch@4.0.8","postcss-import@16.1.1","postcss-selector-parser@7.1.1","postcss@8.5.15","string-width@8.2.1","supports-hyperlinks@4.4.0","table@6.9.0","write-file-atomic@7.0.1","@jest/globals@30.4.1","@types/debug@4.1.13","cosmiconfig@9.0.1","css-tree@3.2.1","debug@4.4.3","eslint-plugin-jest@29.15.2","eslint@8.57.1","fast-glob@3.3.3","file-entry-cache@11.1.3","global-modules@2.0.0","globby@16.2.0","jest@30.4.2","lint-staged@17.0.5","micromatch@4.0.8","postcss-import@16.1.1","postcss-selector-parser@7.1.1","postcss@8.5.15","string-width@8.2.1","supports-hyperlinks@4.4.0","table@6.9.0","write-file-atomic@7.0.1","esbuild@0.27.4","eslint@8.57.1","rollup@4.60.1","postcss-selector-parser@7.1.1","postcss-selector-parser@7.1.1","@jest/globals@30.4.1","@types/debug@4.1.13","@types/jest@30.0.0","@typescript-eslint/eslint-plugin@8.60.1","@typescript-eslint/parser@8.59.4","eslint@8.57.1","glob@13.0.6","jest@30.4.2","rollup@4.60.1","@types/node@26.0.0","@typescript-eslint/eslint-plugin@8.60.1","@typescript-eslint/parser@8.59.4","eslint-plugin-import@2.32.0","eslint@8.57.1","import-fresh@3.3.1","js-yaml@4.1.1","lint-staged@17.0.5","parent-module@1.0.1","parse-json@5.2.0","vitest@4.1.8","@types/jsdom@21.1.7","@types/node-fetch@2.6.13","@types/node@26.0.0","eslint@8.57.1","jsdom@26.1.0","lint-staged@17.0.5","rolldown@1.0.3","esbuild@0.27.4","eslint@8.57.1","rollup@4.60.1","eslint-plugin-jest@29.15.2","eslint@8.57.1","@nodelib/fs.walk@1.2.8","@types/node@26.0.0","eslint@8.57.1","execa@5.1.1","fast-glob@3.3.3","glob-parent@5.1.2","glob@13.0.6","micromatch@4.0.8","rimraf@6.1.3","@types/jest@30.0.0","@typescript-eslint/eslint-plugin@8.60.1","@typescript-eslint/parser@8.59.4","eslint-plugin-import@2.32.0","eslint@8.57.1","jest@30.4.2","hashery@1.5.1","keyv@5.6.0","@vitest/coverage-v8@4.1.8","@types/node@26.0.0","@vitest/coverage-v8@4.1.8","rimraf@6.1.3","vitest@4.1.8","@types/node@26.0.0","@vitest/coverage-v8@4.1.8","rimraf@6.1.3","vitest@4.1.8","@vitest/coverage-v8@4.1.8","rimraf@6.1.3","vitest@4.1.8","rimraf@6.1.3","vitest@4.1.8","@types/node@26.0.0","@vitest/coverage-v8@4.1.8","rimraf@6.1.3","vitest@4.1.8","@vitest/coverage-v8@4.1.8","rimraf@6.1.3","vitest@4.1.8","@types/node@26.0.0","@vitest/coverage-v8@4.1.8","@types/node@26.0.0","@vitest/coverage-v8@4.1.8","rimraf@6.1.3","vitest@4.1.8","rimraf@6.1.3","vitest@4.1.8","@vitest/coverage-v8@4.1.8","rimraf@6.1.3","vitest@4.1.8","@types/node@26.0.0","@vitest/coverage-v8@4.1.8","rimraf@6.1.3","vitest@4.1.8","@vitest/coverage-v8@4.1.8","rimraf@6.1.3","vitest@4.1.8","lru-cache@5.1.1","@types/node@26.0.0","@vitest/coverage-v8@4.1.8","rimraf@6.1.3","vitest@4.1.8","@babel/core@7.29.7","@babel/preset-env@7.29.7","rollup@4.60.1","terser@5.48.0","@types/node@26.0.0","@vitest/coverage-v8@4.1.8","@types/node@26.0.0","rollup@4.60.1","@types/node@26.0.0","eslint@8.57.1","vite@8.0.16","vitest@4.1.8","rimraf@6.1.3","vitest@4.1.8","eslint-plugin-import@2.32.0","eslint@8.57.1","rimraf@6.1.3","rimraf@6.1.3","@types/node@26.0.0","@types/node@26.0.0","@nodelib/fs.walk@1.2.8","@types/node@26.0.0","eslint@8.57.1","execa@5.1.1","fast-glob@3.3.3","glob-parent@5.1.2","glob@13.0.6","micromatch@4.0.8","rimraf@6.1.3","@babel/core@7.29.7","@babel/preset-env@7.29.7","@typescript-eslint/eslint-plugin@8.60.1","debug@4.4.3","eslint-plugin-import@2.32.0","eslint@8.57.1","rimraf@6.1.3","time-span@5.1.0","@babel/core@7.29.7","@babel/preset-env@7.29.7","@typescript-eslint/eslint-plugin@8.60.1","debug@4.4.3","eslint-plugin-import@2.32.0","eslint@8.57.1","rimraf@6.1.3","@types/node@26.0.0","jest@30.4.2","lint-staged@17.0.5","@types/node@26.0.0","execa@5.1.1","@types/node@26.0.0","fast-glob@3.3.3","resolve@1.22.12","validate-npm-package-license@3.0.4","normalize-package-data@2.5.0","parse-json@5.2.0","strip-indent@3.0.0","rollup@4.60.1","source-map-support@0.5.21","type-fest@5.5.0","braces@3.0.3","fill-range@7.1.1","minimatch@10.2.5","postcss-import@16.1.1","@babel/core@7.29.7","@babel/eslint-parser@7.28.6","@babel/eslint-plugin@7.29.7","@babel/preset-env@7.29.7","eslint-plugin-import@2.32.0","eslint@8.57.1","glob@13.0.6","postcss@8.5.15","eslint@8.57.1","lint-staged@17.0.5","strip-ansi@7.2.0","@types/node@26.0.0","chai@5.3.3","@types/chai@5.2.3","@types/node@26.0.0","ajv@6.15.0","chai@5.3.3","eslint@8.57.1","glob@13.0.6","@types/chai@5.2.3","@types/node@26.0.0","@typescript-eslint/eslint-plugin@8.60.1","@typescript-eslint/parser@8.59.4","ajv-formats@3.0.1","chai@5.3.3","eslint@8.57.1","glob@13.0.6","lint-staged@17.0.5","node-fetch@2.7.0","rollup@4.60.1","uri-js@4.4.1","chai@5.3.3","eslint@8.57.1","color-convert@2.0.1","strip-ansi@7.2.0","strip-ansi@6.0.1","@babel/core@7.29.7","@babel/eslint-parser@7.28.6","@babel/eslint-plugin@7.29.7","@babel/preset-env@7.29.7","eslint-plugin-import@2.32.0","eslint@8.57.1","glob@13.0.6","postcss@8.5.15","eslint@8.57.1","lint-staged@17.0.5","postcss@8.5.15","postcss@8.5.15","postcss@8.5.15","eslint@8.57.1","lint-staged@17.0.5","postcss@8.5.15","eslint@8.57.1","lint-staged@17.0.5","postcss@8.5.15","eslint@8.57.1","lint-staged@17.0.5","@babel/core@7.29.7","@babel/eslint-parser@7.28.6","@babel/eslint-plugin@7.29.7","@babel/preset-env@7.29.7","eslint-plugin-import@2.32.0","eslint@8.57.1","glob@13.0.6","postcss@8.5.15","@babel/core@7.29.7","@babel/eslint-parser@7.28.6","@babel/eslint-plugin@7.29.7","@babel/preset-env@7.29.7","eslint-plugin-import@2.32.0","eslint@8.57.1","glob@13.0.6","postcss@8.5.15","postcss@8.5.15","postcss@8.5.15","eslint@8.57.1","lint-staged@17.0.5","@babel/core@7.29.7","@babel/eslint-parser@7.28.6","@babel/eslint-plugin@7.29.7","@babel/preset-env@7.29.7","eslint-plugin-import@2.32.0","eslint@8.57.1","glob@13.0.6","postcss@8.5.15","@babel/core@7.29.7","@babel/eslint-parser@7.28.6","@babel/eslint-plugin@7.29.7","@babel/preset-env@7.29.7","eslint-plugin-import@2.32.0","eslint@8.57.1","glob@13.0.6","postcss@8.5.15","postcss@8.5.15","eslint@8.57.1","lint-staged@17.0.5","postcss@8.5.15","postcss@8.5.15","eslint@8.57.1","lint-staged@17.0.5","@babel/core@7.29.7","@babel/eslint-parser@7.28.6","@babel/eslint-plugin@7.29.7","@babel/preset-env@7.29.7","eslint-plugin-import@2.32.0","eslint@8.57.1","glob@13.0.6","postcss@8.5.15","postcss-selector-parser@7.1.1","@babel/core@7.29.7","@babel/eslint-parser@7.28.6","@babel/eslint-plugin@7.29.7","@babel/preset-env@7.29.7","eslint-plugin-import@2.32.0","eslint@8.57.1","glob@13.0.6","postcss@8.5.15","lint-staged@17.0.5","eslint@8.57.1","lint-staged@17.0.5","eslint-plugin-jest@29.15.2","eslint-plugin-unicorn@56.0.1","eslint@8.57.1","jest@30.4.2","eslint@8.57.1","lint-staged@17.0.5","@babel/core@7.29.7","@babel/eslint-parser@7.28.6","@babel/eslint-plugin@7.29.7","@babel/preset-env@7.29.7","eslint-plugin-import@2.32.0","eslint@8.57.1","glob@13.0.6","postcss@8.5.15","eslint-plugin-import@2.32.0","eslint-plugin-jest@29.15.2","eslint@8.57.1","@babel/core@7.29.7","@babel/eslint-parser@7.28.6","@babel/eslint-plugin@7.29.7","@babel/preset-env@7.29.7","eslint-plugin-import@2.32.0","eslint@8.57.1","glob@13.0.6","postcss@8.5.15","eslint@8.57.1","lint-staged@17.0.5","strip-ansi@7.2.0","@babel/core@7.29.7","@babel/preset-react@7.28.5","@types/jest@30.0.0","@types/node@26.0.0","@webassemblyjs/ast@1.14.1","@webassemblyjs/wasm-edit@1.14.1","@webassemblyjs/wasm-parser@1.14.1","babel-loader@10.1.1","browserslist@4.28.2","css-loader@7.1.4","enhanced-resolve@5.22.0","eslint-scope@5.1.1","eslint@8.57.1","file-loader@6.2.0","jest-circus@30.4.2","jest-cli@30.4.2","jest-diff@30.4.1","jest-environment-node@30.4.1","jest-snapshot@30.4.1","jest@30.4.2","lint-staged@17.0.5","memfs@4.57.2","mini-css-extract-plugin@2.10.2","node-gyp@12.2.0","oxc-parser@0.127.0","pretty-format@27.5.1","raw-loader@4.0.2","react-dom@19.2.7","rimraf@6.1.3","schema-utils@4.3.3","terser-webpack-plugin@5.6.0","terser@5.48.0","watchpack@2.5.1","webpack-cli@7.0.2","xxhashjs@0.2.2","@types/jest@30.0.0","@types/node@26.0.0","eslint@8.57.1","jest@30.4.2","lint-staged@17.0.5","memfs@4.57.2","@babel/core@7.29.7","@babel/plugin-transform-modules-commonjs@7.29.7","@types/node@26.0.0","terser@5.48.0","@typescript-eslint/parser@8.59.4","chai@5.3.3","eslint@8.57.1","espree@10.4.0","chai@5.3.3","chai@5.3.3","espree@10.4.0","eslint@8.57.1","eslint@8.57.1","@babel/core@7.29.7","@babel/preset-env@7.29.7","babel-jest@30.4.1","eslint-plugin-import@2.32.0","eslint@8.57.1","jest@30.4.2","lint-staged@17.0.5","got@11.8.6","eslint@8.57.1","jest@30.4.2","eslint-plugin-import@2.32.0","eslint@8.57.1","rollup@4.60.1","memfs@4.57.2","@babel/core@7.29.7","@babel/preset-env@7.29.7","chai@5.3.3","eslint@8.57.1","glob@13.0.6","uri-js@4.4.1","chai@5.3.3","eslint@8.57.1","glob@13.0.6","chai@5.3.3","eslint@8.57.1","glob@13.0.6","uri-js@4.4.1","babel-jest@30.4.1","eslint-plugin-import@2.32.0","eslint@8.57.1","jest@30.4.2","lint-staged@17.0.5","webpack@5.107.1","@babel/core@7.29.7","@babel/preset-react@7.28.5","@types/jest@30.0.0","@types/node@26.0.0","@webassemblyjs/ast@1.14.1","@webassemblyjs/wasm-edit@1.14.1","@webassemblyjs/wasm-parser@1.14.1","babel-loader@10.1.1","browserslist@4.28.2","css-loader@7.1.4","enhanced-resolve@5.22.0","eslint-scope@5.1.1","eslint@8.57.1","file-loader@6.2.0","jest-circus@30.4.2","jest-cli@30.4.2","jest-diff@30.4.1","jest-environment-node@30.4.1","jest-snapshot@30.4.1","jest@30.4.2","lint-staged@17.0.5","memfs@4.57.2","mini-css-extract-plugin@2.10.2","node-gyp@12.2.0","oxc-parser@0.127.0","pretty-format@27.5.1","raw-loader@4.0.2","react-dom@19.2.7","rimraf@6.1.3","schema-utils@4.3.3","terser-webpack-plugin@5.6.0","terser@5.48.0","watchpack@2.5.1","webpack-cli@7.0.2","xxhashjs@0.2.2","import-fresh@3.3.1","rimraf@6.1.3","@babel/core@7.29.7","@jest/types@30.4.1","@sinonjs/fake-timers@15.4.0","@types/node@26.0.0","jest-message-util@30.4.1","jest-mock@30.4.1","jest-util@30.4.1","@jest/pattern@30.4.0","@jest/schemas@30.4.1","@types/istanbul-reports@3.0.4","@types/node@26.0.0","@types/yargs@17.0.35","chalk@4.1.2","@jest/types@30.4.1","@types/node@26.0.0","jest-util@30.4.1","@jest/expect-utils@30.4.1","jest-matcher-utils@30.4.1","jest-message-util@30.4.1","jest-mock@30.4.1","jest-util@30.4.1","@babel/core@7.29.7","@babel/generator@7.29.7","@babel/plugin-syntax-jsx@7.29.7","@babel/plugin-syntax-typescript@7.29.7","@babel/preset-react@7.28.5","@babel/types@7.29.7","@jest/expect-utils@30.4.1","@jest/snapshot-utils@30.4.1","@jest/transform@30.4.1","@jest/types@30.4.1","@types/babel__core@7.20.5","ansi-styles@4.3.0","babel-preset-current-node-syntax@1.2.0","chalk@4.1.2","expect@30.4.1","jest-diff@30.4.1","jest-matcher-utils@30.4.1","jest-message-util@30.4.1","jest-util@30.4.1","pretty-format@30.4.1","synckit@0.11.12","@jest/console@30.4.1","@jest/types@30.4.1","jest-haste-map@30.4.1","jest-resolve@30.4.1","@jest/pattern@30.4.0","@jest/schemas@30.4.1","@types/istanbul-reports@3.0.4","@types/node@26.0.0","@types/yargs@17.0.35","chalk@4.1.2","ansi-styles@4.3.0","execa@5.1.1","import-fresh@3.3.1","supports-color@7.2.0","@babel/preset-env@7.29.7","@babel/preset-typescript@7.29.7","@types/jest@30.0.0","@typescript-eslint/eslint-plugin@8.60.1","@typescript-eslint/parser@8.59.4","eslint-plugin-jest@29.15.2","eslint-plugin-n@17.24.0","eslint@8.57.1","jest@30.4.2","knip@6.16.0","lint-staged@17.0.5","execa@5.1.1","@jest/pattern@30.4.0","@jest/schemas@30.4.1","@types/istanbul-reports@3.0.4","@types/node@26.0.0","@types/yargs@17.0.35","chalk@4.1.2","ansi-styles@4.3.0","execa@5.1.1","import-fresh@3.3.1","supports-color@7.2.0","@jest/types@30.4.1","@types/node@26.0.0","chalk@4.1.2","micromatch@4.0.8","@jest/schemas@30.4.1","@types/react@19.2.14","jest-util@30.4.1","@types/node@26.0.0","chalk@4.1.2","jest-diff@30.4.1","pretty-format@30.4.1","@babel/code-frame@7.29.7","@jest/types@30.4.1","chalk@4.1.2","jest-util@30.4.1","pretty-format@30.4.1","stack-utils@2.0.6","@jest/environment@30.4.1","@jest/fake-timers@30.4.1","@jest/globals@30.4.1","@jest/source-map@30.0.1","@jest/test-result@30.4.1","@jest/transform@30.4.1","@jest/types@30.4.1","@types/node@26.0.0","chalk@4.1.2","glob@10.5.0","jest-environment-node@30.4.1","jest-haste-map@30.4.1","jest-message-util@30.4.1","jest-mock@30.4.1","jest-resolve@30.4.1","jest-snapshot@30.4.1","jest-util@30.4.1","@babel/core@7.29.7","@babel/generator@7.29.7","@babel/plugin-syntax-jsx@7.29.7","@babel/plugin-syntax-typescript@7.29.7","@babel/preset-react@7.28.5","@babel/types@7.29.7","@jest/expect-utils@30.4.1","@jest/snapshot-utils@30.4.1","@jest/transform@30.4.1","@jest/types@30.4.1","@types/babel__core@7.20.5","ansi-styles@4.3.0","babel-preset-current-node-syntax@1.2.0","chalk@4.1.2","expect@30.4.1","jest-diff@30.4.1","jest-matcher-utils@30.4.1","jest-message-util@30.4.1","jest-util@30.4.1","pretty-format@30.4.1","synckit@0.11.12","@jest/types@30.4.1","@types/node@26.0.0","chalk@4.1.2","micromatch@4.0.8","time-span@5.1.0","@jest/schemas@30.4.1","@types/react@19.2.14","jest-util@30.4.1","@types/jest@30.0.0","@types/node@26.0.0","jest@30.4.2","source-map-support@0.5.21","source-map-support@0.5.21","@jest/core@30.4.2","@jest/test-result@30.4.1","@jest/types@30.4.1","@types/yargs@17.0.35","chalk@4.1.2","import-local@3.2.0","jest-config@30.4.2","jest-util@30.4.1","jest-validate@30.4.1","yargs@17.7.2","ansi-styles@4.3.0","execa@5.1.1","import-fresh@3.3.1","supports-color@7.2.0","@jest/schemas@30.4.1","@types/react@19.2.14","jest-util@30.4.1","@jest/fake-timers@30.4.1","@jest/types@30.4.1","@types/node@26.0.0","jest-mock@30.4.1","@jest/pattern@30.4.0","@jest/schemas@30.4.1","@types/istanbul-reports@3.0.4","@types/node@26.0.0","@types/yargs@17.0.35","chalk@4.1.2","@sinonjs/commons@3.0.1","@types/node@26.0.0","esbuild@0.27.4","eslint@8.57.1","jsdom@26.1.0","lint-staged@17.0.5","@babel/code-frame@7.29.7","@jest/types@30.4.1","chalk@4.1.2","jest-util@30.4.1","pretty-format@30.4.1","stack-utils@2.0.6","@jest/types@30.4.1","@types/node@26.0.0","jest-util@30.4.1","@jest/types@30.4.1","@types/node@26.0.0","chalk@4.1.2","micromatch@4.0.8","@jest/pattern@30.4.0","@jest/schemas@30.4.1","@types/istanbul-reports@3.0.4","@types/node@26.0.0","@types/yargs@17.0.35","chalk@4.1.2","@jest/types@30.4.1","@types/node@26.0.0","jest-util@30.4.1","@jest/types@30.4.1","@types/node@26.0.0","chalk@4.1.2","micromatch@4.0.8","@jest/types@30.4.1","@types/yargs@17.0.35","chalk@4.1.2","pretty-format@30.4.1","@babel/code-frame@7.29.7","@babel/generator@7.29.7","@babel/helper-compilation-targets@7.29.7","@babel/helper-module-transforms@7.29.7","@babel/helpers@7.29.7","@babel/parser@7.29.7","@babel/plugin-transform-modules-commonjs@7.29.7","@babel/preset-env@7.29.7","@babel/preset-typescript@7.29.7","@babel/template@7.29.7","@babel/traverse@7.29.7","@babel/types@7.29.7","@jridgewell/remapping@2.3.5","@jridgewell/trace-mapping@0.3.31","@types/debug@4.1.13","debug@4.4.3","rimraf@6.1.3","@babel/core@7.29.7","@babel/parser@7.29.7","@babel/plugin-transform-typescript@7.29.7","@babel/types@7.29.7","@jridgewell/gen-mapping@0.3.13","@jridgewell/trace-mapping@0.3.31","@babel/core@7.29.7","@babel/core@7.29.7","@babel/preset-react@7.28.5","@babel/generator@7.29.7","@babel/parser@7.29.7","jest-matcher-utils@30.4.1","@jest/pattern@30.4.0","@jest/schemas@30.4.1","@types/istanbul-reports@3.0.4","@types/node@26.0.0","@types/yargs@17.0.35","chalk@4.1.2","ansi-styles@4.3.0","execa@5.1.1","import-fresh@3.3.1","supports-color@7.2.0","import-fresh@3.3.1","rimraf@6.1.3","@babel/core@7.29.7","@jest/types@30.4.1","@jridgewell/trace-mapping@0.3.31","@types/babel__core@7.20.5","babel-plugin-istanbul@7.0.1","chalk@4.1.2","jest-haste-map@30.4.1","jest-util@30.4.1","write-file-atomic@5.0.1","@jest/pattern@30.4.0","@jest/schemas@30.4.1","@types/istanbul-reports@3.0.4","@types/node@26.0.0","@types/yargs@17.0.35","chalk@4.1.2","@types/babel__core@7.20.5","color-convert@2.0.1","@babel/core@7.29.7","@babel/plugin-syntax-async-generators@7.8.4","@babel/plugin-syntax-bigint@7.8.3","@babel/plugin-syntax-class-properties@7.12.13","@babel/plugin-syntax-class-static-block@7.14.5","@babel/plugin-syntax-import-attributes@7.29.7","@babel/plugin-syntax-import-meta@7.10.4","@babel/plugin-syntax-json-strings@7.8.3","@babel/plugin-syntax-logical-assignment-operators@7.10.4","@babel/plugin-syntax-nullish-coalescing-operator@7.8.3","@babel/plugin-syntax-numeric-separator@7.10.4","@babel/plugin-syntax-object-rest-spread@7.8.3","@babel/plugin-syntax-optional-catch-binding@7.8.3","@babel/plugin-syntax-optional-chaining@7.8.3","@babel/plugin-syntax-private-property-in-object@7.14.5","@babel/plugin-syntax-top-level-await@7.14.5","ansi-styles@4.3.0","execa@5.1.1","import-fresh@3.3.1","supports-color@7.2.0","@jest/expect-utils@30.4.1","jest-matcher-utils@30.4.1","jest-message-util@30.4.1","jest-mock@30.4.1","jest-util@30.4.1","import-fresh@3.3.1","rimraf@6.1.3","chalk@4.1.2","pretty-format@30.4.1","@types/node@26.0.0","chalk@4.1.2","jest-diff@30.4.1","pretty-format@30.4.1","@babel/code-frame@7.29.7","@jest/types@30.4.1","chalk@4.1.2","jest-util@30.4.1","pretty-format@30.4.1","stack-utils@2.0.6","@jest/types@30.4.1","@types/node@26.0.0","chalk@4.1.2","micromatch@4.0.8","@jest/schemas@30.4.1","@types/react@19.2.14","jest-util@30.4.1","jest@30.4.2","eslint-plugin-import@2.32.0","eslint@8.57.1","rollup@4.60.1","lint-staged@17.0.5","@stylistic/eslint-plugin@5.10.0","eslint-plugin-import@2.32.0","eslint-plugin-jest@29.15.2","eslint-plugin-n@17.24.0","eslint-plugin-unicorn@56.0.1","eslint@8.57.1","memfs@4.57.2","@types/node@26.0.0","eslint@8.57.1","rollup@4.60.1","eslint-plugin-import@2.32.0","eslint@8.57.1","eslint-plugin-import@2.32.0","eslint@8.57.1","@babel/core@7.29.7","@babel/preset-env@7.29.7","@types/node@26.0.0","css-loader@7.1.4","eslint@8.57.1","file-loader@6.2.0","jest-environment-jsdom@30.4.1","jest@30.4.2","jsdom@26.1.0","lint-staged@17.0.5","memfs@4.57.2","@babel/core@7.29.7","@babel/preset-env@7.29.7","@stylistic/eslint-plugin@5.10.0","@types/node@26.0.0","ajv-formats@2.1.1","ajv-keywords@5.1.0","ajv@8.20.0","babel-jest@30.4.1","eslint-plugin-import@2.32.0","eslint-plugin-jest@29.15.2","eslint-plugin-n@17.24.0","eslint-plugin-unicorn@56.0.1","eslint@8.57.1","jest@30.4.2","lint-staged@17.0.5","webpack@5.107.1","@babel/core@7.29.7","@babel/preset-env@7.29.7","@stylistic/eslint-plugin@5.10.0","babel-jest@30.4.1","eslint@8.57.1","jest@30.4.2","webpack-cli@7.0.2","webpack-dev-server@5.2.4","@babel/core@7.29.7","@babel/preset-react@7.28.5","@types/jest@30.0.0","@types/node@26.0.0","@webassemblyjs/ast@1.14.1","@webassemblyjs/wasm-edit@1.14.1","@webassemblyjs/wasm-parser@1.14.1","babel-loader@10.1.1","browserslist@4.28.2","css-loader@7.1.4","enhanced-resolve@5.22.0","eslint-scope@5.1.1","eslint@8.57.1","file-loader@6.2.0","jest-circus@30.4.2","jest-cli@30.4.2","jest-diff@30.4.1","jest-environment-node@30.4.1","jest-snapshot@30.4.1","jest@30.4.2","lint-staged@17.0.5","memfs@4.57.2","mini-css-extract-plugin@2.10.2","node-gyp@12.2.0","oxc-parser@0.127.0","pretty-format@27.5.1","raw-loader@4.0.2","react-dom@19.2.7","rimraf@6.1.3","schema-utils@4.3.3","terser-webpack-plugin@5.6.0","terser@5.48.0","watchpack@2.5.1","webpack-cli@7.0.2","xxhashjs@0.2.2","fs-extra@10.1.0","lint-staged@17.0.5","eslint@8.57.1","@types/jest@30.0.0","@types/node@26.0.0","jest@30.4.2","lint-staged@17.0.5","import-fresh@3.3.1","rimraf@6.1.3","@types/debug@4.1.13","@types/jest@30.0.0","@types/node@26.0.0","@types/ws@8.18.1","jest@30.4.2","@types/debug@4.1.13","@types/jest@30.0.0","@types/node@26.0.0","debug@4.4.3","jest@30.4.2","@types/debug@4.1.13","@types/jest@30.0.0","@types/node@26.0.0","debug@4.4.3","jest@30.4.2","@types/node@26.0.0","esbuild@0.27.4","typedoc@0.28.19","minipass-fetch@5.0.2","@types/debug@4.1.13","@types/jest@30.0.0","@types/node@26.0.0","@types/debug@4.1.13","@types/jest@30.0.0","@types/node@26.0.0","@types/ws@8.18.1","jest@30.4.2","@types/keyv@3.1.4","keyv@5.6.0","jest@30.4.2","@types/node@26.0.0","@typescript-eslint/eslint-plugin@8.60.1","@typescript-eslint/parser@8.59.4","eslint@8.57.1","@types/chai@5.2.3","@typescript-eslint/eslint-plugin@8.60.1","@typescript-eslint/parser@8.59.4","chai@5.3.3","eslint-plugin-import@2.32.0","eslint-plugin-jsx-a11y@6.10.2","eslint@8.57.1","source-map-support@0.5.21","@types/chai@5.2.3","@types/node@26.0.0","chai@5.3.3","source-map-support@0.5.21","@types/node@26.0.0","end-of-stream@1.4.5","typedoc@0.28.19","@types/node@26.0.0","esbuild@0.27.4","memfs@4.57.2","minimatch@10.2.5","path-scurry@2.0.2","rimraf@6.1.3","typedoc@0.28.19","@types/node@26.0.0","esbuild@0.27.4","typedoc@0.28.19","@types/node@26.0.0","end-of-stream@1.4.5","typedoc@0.28.19","minipass@3.3.6","minipass@3.3.6","@types/node@26.0.0","end-of-stream@1.4.5","typedoc@0.28.19","time-span@5.1.0","abort-controller@3.0.0","form-data@4.0.5","iconv-lite@0.7.2","minipass-sized@2.0.0","minizlib@3.1.0","@types/node@26.0.0","end-of-stream@1.4.5","@types/node@26.0.0","end-of-stream@1.4.5","@types/node@26.0.0","end-of-stream@1.4.5","typedoc@0.28.19","eslint@8.57.1","@types/node@26.0.0","end-of-stream@1.4.5","typedoc@0.28.19","glob@13.0.6","node-gyp@12.2.0","readable-stream@2.3.8","@types/node@26.0.0","@types/node@26.0.0","end-of-stream@1.4.5","typedoc@0.28.19","typedoc@0.28.19","@types/node@26.0.0","@types/node@26.0.0","rimraf@6.1.3","typedoc@0.28.19","end-of-stream@1.4.5","esbuild@0.27.4","@types/node@26.0.0","end-of-stream@1.4.5","typedoc@0.28.19","@types/node@26.0.0","typedoc@0.28.19","rimraf@6.1.3","typedoc@0.28.19","typedoc@0.28.19","@types/node@26.0.0","fast-glob@3.3.3","glob@13.0.6","@types/node@26.0.0","esbuild@0.27.4","typedoc@0.28.19","@napi-rs/wasm-runtime@0.2.4","@types/node@26.0.0","@typescript-eslint/visitor-keys@8.60.1","@vitest/browser-playwright@4.1.8","@vitest/browser@4.1.8","esbuild@0.27.4","playwright@1.60.0","vitest@4.1.8","@types/react@19.2.14","jest-util@30.4.1","react-dom@19.2.7","@babel/core@7.29.7","@babel/preset-env@7.29.7","babel-jest@30.4.1","eslint-plugin-import@2.32.0","eslint@8.57.1","jest@30.4.2","lint-staged@17.0.5","eslint@8.57.1","jest@30.4.2","memfs@4.57.2","@babel/core@7.29.7","@babel/preset-env@7.29.7","ajv@6.15.0","babel-jest@30.4.1","eslint-plugin-import@2.32.0","eslint@8.57.1","jest@30.4.2","lint-staged@17.0.5","webpack@5.107.1","@babel/core@7.29.7","@babel/preset-react@7.28.5","@types/jest@30.0.0","@types/node@26.0.0","@webassemblyjs/ast@1.14.1","@webassemblyjs/wasm-edit@1.14.1","@webassemblyjs/wasm-parser@1.14.1","babel-loader@10.1.1","browserslist@4.28.2","css-loader@7.1.4","enhanced-resolve@5.22.0","eslint-scope@5.1.1","eslint@8.57.1","file-loader@6.2.0","jest-circus@30.4.2","jest-cli@30.4.2","jest-diff@30.4.1","jest-environment-node@30.4.1","jest-snapshot@30.4.1","jest@30.4.2","lint-staged@17.0.5","memfs@4.57.2","mini-css-extract-plugin@2.10.2","node-gyp@12.2.0","oxc-parser@0.127.0","pretty-format@27.5.1","raw-loader@4.0.2","react-dom@19.2.7","rimraf@6.1.3","schema-utils@4.3.3","terser-webpack-plugin@5.6.0","terser@5.48.0","watchpack@2.5.1","webpack-cli@7.0.2","xxhashjs@0.2.2","rimraf@6.1.3","@babel/core@7.29.7","@babel/preset-env@7.29.7","@stylistic/eslint-plugin@5.10.0","@types/node@26.0.0","@types/jest@30.0.0","@types/node@26.0.0","@typescript-eslint/eslint-plugin@8.60.1","@typescript-eslint/parser@8.59.4","@types/chai@5.2.3","@types/node@26.0.0","@typescript-eslint/eslint-plugin@8.60.1","@typescript-eslint/parser@8.59.4","ajv-formats@3.0.1","chai@5.3.3","eslint@8.57.1","glob@13.0.6","lint-staged@17.0.5","node-fetch@2.7.0","rollup@4.60.1","uri-js@4.4.1","eslint@8.57.1","jest@30.4.2","lint-staged@17.0.5","@types/chai@5.2.3","@types/jest@30.0.0","@types/node@26.0.0","@typescript-eslint/eslint-plugin@8.60.1","@typescript-eslint/parser@8.59.4","ajv-formats@3.0.1","@types/chai@5.2.3","@types/node@26.0.0","@typescript-eslint/eslint-plugin@8.60.1","@typescript-eslint/parser@8.59.4","ajv-formats@3.0.1","chai@5.3.3","eslint@8.57.1","glob@13.0.6","lint-staged@17.0.5","node-fetch@2.7.0","rollup@4.60.1","uri-js@4.4.1","chai@5.3.3","eslint@8.57.1","eslint@8.57.1","jest@30.4.2","lint-staged@17.0.5","jest@30.4.2","lint-staged@17.0.5","@types/chai@5.2.3","@types/node@26.0.0","@typescript-eslint/eslint-plugin@8.60.1","@typescript-eslint/parser@8.59.4","ajv-formats@3.0.1","chai@5.3.3","eslint@8.57.1","glob@13.0.6","lint-staged@17.0.5","node-fetch@2.7.0","rollup@4.60.1","uri-js@4.4.1","babel-jest@30.4.1","eslint-plugin-import@2.32.0","eslint-plugin-jest@29.15.2","eslint-plugin-n@17.24.0","eslint-plugin-unicorn@56.0.1","eslint@8.57.1","jest@30.4.2","lint-staged@17.0.5","webpack@5.107.1","@babel/core@7.29.7","@babel/preset-env@7.29.7","@stylistic/eslint-plugin@5.10.0","babel-jest@30.4.1","eslint@8.57.1","jest@30.4.2","@babel/core@7.29.7","@babel/preset-env@7.29.7","@types/node@26.0.0","clean-css@5.3.3","@babel/core@7.29.7","@babel/preset-env@7.29.7","@types/node@26.0.0","babel-jest@30.4.1","eslint-plugin-jest@29.15.2","eslint@8.57.1","file-loader@6.2.0","eslint@8.57.1","expect@30.4.1","is-glob@4.0.3","jest@30.4.2","lint-staged@17.0.5","memfs@4.57.2","@babel/core@7.29.7","@babel/preset-env@7.29.7","@stylistic/eslint-plugin@5.10.0","@types/node@26.0.0","ajv-formats@2.1.1","ajv-keywords@5.1.0","ajv@8.20.0","babel-jest@30.4.1","eslint-plugin-import@2.32.0","eslint-plugin-jest@29.15.2","eslint-plugin-n@17.24.0","eslint-plugin-unicorn@56.0.1","eslint@8.57.1","jest@30.4.2","lint-staged@17.0.5","webpack@5.107.1","@types/node@26.0.0","fast-glob@3.3.3","glob@13.0.6","@babel/core@7.29.7","@babel/preset-react@7.28.5","@types/jest@30.0.0","@types/node@26.0.0","@webassemblyjs/ast@1.14.1","@webassemblyjs/wasm-edit@1.14.1","@webassemblyjs/wasm-parser@1.14.1","babel-loader@10.1.1","browserslist@4.28.2","css-loader@7.1.4","enhanced-resolve@5.22.0","eslint-scope@5.1.1","eslint@8.57.1","file-loader@6.2.0","jest-circus@30.4.2","jest-cli@30.4.2","jest-diff@30.4.1","jest-environment-node@30.4.1","jest-snapshot@30.4.1","jest@30.4.2","lint-staged@17.0.5","memfs@4.57.2","mini-css-extract-plugin@2.10.2","node-gyp@12.2.0","oxc-parser@0.127.0","pretty-format@27.5.1","raw-loader@4.0.2","react-dom@19.2.7","rimraf@6.1.3","schema-utils@4.3.3","terser-webpack-plugin@5.6.0","terser@5.48.0","watchpack@2.5.1","webpack-cli@7.0.2","xxhashjs@0.2.2","cssnano@7.1.2","esbuild@0.27.4","eslint@8.57.1","ajv@8.20.0","rollup@4.60.1","webpack@5.107.1","esbuild@0.27.4","eslint@8.57.1","rollup@4.60.1","eslint@8.57.1","file-loader@6.2.0","camel-case@4.1.2","clean-css@5.3.3","is-ci@4.1.0","lint-staged@17.0.5","param-case@3.0.4","terser@5.48.0","get-stream@5.2.0","jest-leak-detector@30.4.1","import-fresh@3.3.1","jest@30.4.2","@babel/parser@7.29.7","@babel/traverse@7.29.7","autoprefixer@10.5.0","cssnano@7.1.2","esbuild@0.27.4","jest-diff@30.4.1","node-fetch@2.7.0","postcss@8.5.15","recast@0.23.11","util@0.12.5","lint-staged@17.0.5","memfs@4.57.2","@babel/core@7.29.7","@babel/preset-env@7.29.7","@stylistic/eslint-plugin@5.10.0","@types/node@26.0.0","ajv-formats@2.1.1","ajv-keywords@5.1.0","ajv@8.20.0","babel-jest@30.4.1","eslint-plugin-import@2.32.0","eslint-plugin-jest@29.15.2","eslint-plugin-n@17.24.0","eslint-plugin-unicorn@56.0.1","eslint@8.57.1","jest@30.4.2","lint-staged@17.0.5","webpack@5.107.1","@jridgewell/source-map@0.3.11","eslint@8.57.1","rollup@4.60.1","source-map-support@0.5.21","webpack-cli@7.0.2","@babel/core@7.29.7","@babel/preset-react@7.28.5","@types/jest@30.0.0","@types/node@26.0.0","@webassemblyjs/ast@1.14.1","@webassemblyjs/wasm-edit@1.14.1","@webassemblyjs/wasm-parser@1.14.1","babel-loader@10.1.1","browserslist@4.28.2","css-loader@7.1.4","enhanced-resolve@5.22.0","eslint-scope@5.1.1","eslint@8.57.1","file-loader@6.2.0","jest-circus@30.4.2","jest-cli@30.4.2","jest-diff@30.4.1","jest-environment-node@30.4.1","jest-snapshot@30.4.1","jest@30.4.2","lint-staged@17.0.5","memfs@4.57.2","mini-css-extract-plugin@2.10.2","node-gyp@12.2.0","oxc-parser@0.127.0","pretty-format@27.5.1","raw-loader@4.0.2","react-dom@19.2.7","rimraf@6.1.3","schema-utils@4.3.3","terser-webpack-plugin@5.6.0","terser@5.48.0","watchpack@2.5.1","webpack-cli@7.0.2","xxhashjs@0.2.2","terser@5.48.0","@stylistic/eslint-plugin@5.10.0","@types/jest@30.0.0","@types/node@26.0.0","eslint-plugin-import@2.32.0","eslint-plugin-jest@29.15.2","eslint-plugin-n@17.24.0","eslint-plugin-unicorn@56.0.1","eslint@8.57.1","import-fresh@3.3.1","rimraf@6.1.3","jest@30.4.2","rimraf@6.1.3","write-file-atomic@7.0.1","cross-spawn@7.0.6","import-local@3.2.0","rechoir@0.8.0","webpack-dev-server@5.2.4","webpack-merge@6.0.1","webpack@5.107.1","@types/jest@30.0.0","eslint@8.57.1","jest@30.4.2","webpack@5.107.1","webpack@5.107.1","eslint@8.57.1","eslint@8.57.1","eslint@8.57.1","eslint-plugin-import@2.32.0","eslint@8.57.1","eslint-plugin-import@2.32.0","eslint@8.57.1","eslint-plugin-import@2.32.0","eslint@8.57.1","eslint-plugin-import@2.32.0","eslint@8.57.1","eslint-plugin-import@2.32.0","eslint@8.57.1","eslint-plugin-import@2.32.0","eslint@8.57.1","eslint-plugin-import@2.32.0","eslint@8.57.1","eslint-plugin-import@2.32.0","eslint@8.57.1","eslint-plugin-import@2.32.0","eslint@8.57.1","eslint@8.57.1","lint-staged@17.0.5","eslint-plugin-import@2.32.0","eslint@8.57.1","eslint-plugin-import@2.32.0","eslint@8.57.1","eslint-plugin-import@2.32.0","eslint@8.57.1","raw-body@3.0.2","@types/jest@30.0.0","@types/node@26.0.0","@babel/core@7.29.7","@babel/preset-env@7.29.7","@babel/preset-typescript@7.29.7","@types/jest@30.0.0","@types/node@26.0.0","@types/mdast@4.0.4","@types/react@19.2.14","@typescript-eslint/parser@8.59.4","@typescript-eslint/scope-manager@8.60.1","@typescript-eslint/type-utils@8.60.1","@typescript-eslint/utils@8.60.1","@typescript-eslint/visitor-keys@8.60.1","@vitest/coverage-v8@4.1.8","ajv@8.20.0","eslint@8.57.1","rimraf@6.1.3","unist-util-visit@5.1.0","vitest@4.1.8","@typescript-eslint/parser@8.59.4","@typescript-eslint/parser@8.59.4","dot-prop@10.1.0","eslint@8.57.1","knip@6.16.0","rimraf@6.1.3","rollup@4.60.1","vitepress@1.6.4","@vitest/coverage-v8@4.1.8","eslint@8.57.1","rimraf@6.1.3","vitest@4.1.8","@typescript-eslint/typescript-estree@8.59.4","@vitest/coverage-v8@4.1.8","eslint@8.57.1","rimraf@6.1.3","vitest@4.1.8","@vitest/coverage-v8@4.1.8","eslint@8.57.1","rimraf@6.1.3","vitest@4.1.8","@vitest/coverage-v8@4.1.8","@vitest/pretty-format@4.1.8","eslint@8.57.1","glob@13.0.6","rimraf@6.1.3","vitest@4.1.8","@vitest/coverage-v8@4.1.8","eslint@8.57.1","rimraf@6.1.3","vitest@4.1.8","@vitest/coverage-v8@4.1.8","rimraf@6.1.3","vitest@4.1.8","@vitest/coverage-v8@4.1.8","eslint@8.57.1","rimraf@6.1.3","vitest@4.1.8","@vitest/coverage-v8@4.1.8","rimraf@6.1.3","@types/chai@5.2.3","@types/node@26.0.0","@typescript-eslint/type-utils@8.60.1","@typescript-eslint/utils@8.60.1","chai@5.3.3","chokidar@3.6.0","esbuild@0.27.4","eslint@8.57.1","glob@13.0.6","knip@6.16.0","playwright@1.60.0","source-map-support@0.5.21","which@5.0.0","vitest@4.1.8","@vitest/coverage-v8@4.1.8","rimraf@6.1.3","vitest@4.1.8","@vitest/coverage-v8@4.1.8","eslint@8.57.1","rimraf@6.1.3","vitest@4.1.8","@vitest/coverage-v8@4.1.8","eslint@8.57.1","rimraf@6.1.3","vitest@4.1.8","@vitest/coverage-v8@4.1.8","eslint@8.57.1","glob@13.0.6","@types/node@26.0.0","brace-expansion@5.0.6","typedoc@0.28.19","rimraf@6.1.3","@types/node@26.0.0","fast-glob@3.3.3","glob@13.0.6","@types/node@26.0.0","@vitest/coverage-v8@4.1.8","eslint-plugin-n@17.24.0","eslint@8.57.1","knip@6.16.0","lint-staged@17.0.5","typedoc@0.28.19","vitest@4.1.8","@types/chai@5.2.3","@types/node@26.0.0","@typescript-eslint/type-utils@8.60.1","@typescript-eslint/utils@8.60.1","chai@5.3.3","chokidar@3.6.0","esbuild@0.27.4","eslint@8.57.1","glob@13.0.6","knip@6.16.0","playwright@1.60.0","source-map-support@0.5.21","which@5.0.0","vitest@4.1.8","@vitest/coverage-v8@4.1.8","@babel/core@7.29.7","@babel/preset-env@7.29.7","@eslint-community/eslint-utils@4.9.1","@eslint/eslintrc@2.1.4","@humanwhocodes/config-array@0.13.0","@nodelib/fs.walk@1.2.8","@sinonjs/fake-timers@15.4.0","ajv@6.15.0","babel-loader@10.1.1","chai@5.3.3","chalk@4.1.2","cross-spawn@7.0.6","debug@4.4.3","doctrine@3.0.0","ejs@3.1.10","eslint-plugin-n@17.24.0","eslint-plugin-unicorn@56.0.1","eslint-scope@7.2.2","eslint@8.57.1","espree@9.6.1","esquery@1.7.0","fast-glob@3.3.3","file-entry-cache@6.0.1","find-up@5.0.0","glob-parent@6.0.2","glob@13.0.6","globals@13.24.0","got@11.8.6","is-glob@4.0.3","js-yaml@4.1.1","levn@0.4.1","lint-staged@17.0.5","markdown-it@14.1.1","memfs@4.57.2","minimatch@3.1.5","optionator@0.9.4","recast@0.23.11","strip-ansi@6.0.1","webpack-cli@7.0.2","webpack@5.107.1","rimraf@6.1.3","@types/chai@5.2.3","@types/node@26.0.0","@typescript-eslint/type-utils@8.60.1","@typescript-eslint/utils@8.60.1","chai@5.3.3","chokidar@3.6.0","esbuild@0.27.4","eslint@8.57.1","glob@13.0.6","knip@6.16.0","playwright@1.60.0","source-map-support@0.5.21","which@5.0.0","vitest@4.1.8","babel-jest@30.4.1","eslint-plugin-import@2.32.0","eslint-plugin-n@17.24.0","@babel/core@7.29.7","@babel/preset-env@7.29.7","@eslint-community/eslint-utils@4.9.1","@eslint/eslintrc@2.1.4","@humanwhocodes/config-array@0.13.0","@nodelib/fs.walk@1.2.8","@sinonjs/fake-timers@15.4.0","ajv@6.15.0","babel-loader@10.1.1","chai@5.3.3","chalk@4.1.2","cross-spawn@7.0.6","debug@4.4.3","doctrine@3.0.0","ejs@3.1.10","eslint-plugin-n@17.24.0","eslint-plugin-unicorn@56.0.1","eslint-scope@7.2.2","eslint@8.57.1","espree@9.6.1","esquery@1.7.0","fast-glob@3.3.3","file-entry-cache@6.0.1","find-up@5.0.0","glob-parent@6.0.2","glob@13.0.6","globals@13.24.0","got@11.8.6","is-glob@4.0.3","js-yaml@4.1.1","levn@0.4.1","lint-staged@17.0.5","markdown-it@14.1.1","memfs@4.57.2","minimatch@3.1.5","optionator@0.9.4","recast@0.23.11","strip-ansi@6.0.1","webpack-cli@7.0.2","webpack@5.107.1","@jest/core@30.4.2","@jest/types@30.4.1","import-local@3.2.0","jest-cli@30.4.2","lint-staged@17.0.5","rimraf@6.1.3","@types/chai@5.2.3","@types/node@26.0.0","@typescript-eslint/type-utils@8.60.1","@typescript-eslint/utils@8.60.1","chai@5.3.3","chokidar@3.6.0","esbuild@0.27.4","eslint@8.57.1","glob@13.0.6","knip@6.16.0","playwright@1.60.0","source-map-support@0.5.21","which@5.0.0","eslint@8.57.1","jest@30.4.2","eslint-plugin-jest@29.15.2","execa@5.1.1","@types/node@26.0.0","@typescript-eslint/parser@8.59.4","eslint@8.57.1","@jest/pattern@30.4.0","@jest/schemas@30.4.1","@types/istanbul-reports@3.0.4","@types/node@26.0.0","@types/yargs@17.0.35","chalk@4.1.2","ansi-styles@4.3.0","execa@5.1.1","import-fresh@3.3.1","supports-color@7.2.0","@babel/code-frame@7.29.7","@jest/types@30.4.1","chalk@4.1.2","jest-util@30.4.1","pretty-format@30.4.1","stack-utils@2.0.6","@jest/types@30.4.1","@types/node@26.0.0","chalk@4.1.2","micromatch@4.0.8","@types/node@26.0.0","@types/chai@5.2.3","@types/node@26.0.0","chai@5.3.3","@jest/types@30.4.1","@types/node@26.0.0","chalk@4.1.2","jest-message-util@30.4.1","jest-util@30.4.1","@types/node@26.0.0","@jest/console@30.4.1","@jest/types@30.4.1","jest-haste-map@30.4.1","jest-resolve@30.4.1","@babel/core@7.29.7","@jest/types@30.4.1","@jridgewell/trace-mapping@0.3.31","@types/babel__core@7.20.5","babel-plugin-istanbul@7.0.1","chalk@4.1.2","jest-haste-map@30.4.1","jest-util@30.4.1","write-file-atomic@5.0.1","@jest/pattern@30.4.0","@jest/schemas@30.4.1","@types/istanbul-reports@3.0.4","@types/node@26.0.0","@types/yargs@17.0.35","chalk@4.1.2","@types/istanbul-lib-report@3.0.3","@types/istanbul-reports@3.0.4","ansi-styles@4.3.0","execa@5.1.1","import-fresh@3.3.1","supports-color@7.2.0","lint-staged@17.0.5","which@5.0.0","@types/node@26.0.0","@types/node@26.0.0","babel-jest@30.4.1","eslint@8.57.1","jest@30.4.2","lint-staged@17.0.5","rimraf@6.1.3","shebang-command@2.0.0","which@2.0.2","@types/node@26.0.0","typedoc@0.28.19","typedoc@0.28.19","@isaacs/cliui@8.0.2","@types/node@26.0.0","typedoc@0.28.19","memfs@4.57.2","@types/node@26.0.0","@types/node@26.0.0","end-of-stream@1.4.5","typedoc@0.28.19","@types/node@26.0.0","typedoc@0.28.19","@nodelib/fs.walk@1.2.8","@types/node@26.0.0","@types/node@26.0.0","esbuild@0.27.4","typedoc@0.28.19","@types/node@26.0.0","end-of-stream@1.4.5","typedoc@0.28.19","rimraf@6.1.3","typedoc@0.28.19","rimraf@6.1.3","typedoc@0.28.19","import-fresh@3.3.1","rimraf@6.1.3","chai@5.3.3","@babel/core@7.29.7","@babel/parser@7.29.7","chai@5.3.3","debug@4.4.3","js-yaml@4.1.1","nopt@9.0.0","chai@5.3.3","make-dir@4.0.0","rimraf@6.1.3","supports-color@7.2.0","@jridgewell/trace-mapping@0.3.31","chai@5.3.3","debug@4.4.3","@babel/core@7.29.7","@babel/preset-env@7.29.7","@babel/preset-react@7.28.5","babel-loader@10.1.1","chai@5.3.3","istanbul-lib-report@3.0.1","react-dom@19.2.7","webpack-cli@7.0.2","webpack@5.107.1","@babel/code-frame@7.29.7","@jest/types@30.4.1","chalk@4.1.2","jest-util@30.4.1","pretty-format@30.4.1","stack-utils@2.0.6","jest-resolve@30.4.1","@jest/types@30.4.1","@types/node@26.0.0","chalk@4.1.2","micromatch@4.0.8","@babel/core@7.29.7","@types/node@26.0.0","get-stream@5.2.0","jest-leak-detector@30.4.1","jest-util@30.4.1","supports-color@8.1.1","@babel/core@7.29.7","@types/node@26.0.0","@jest/types@30.4.1","@types/node@26.0.0","chalk@4.1.2","jest-message-util@30.4.1","jest-util@30.4.1","@jest/pattern@30.4.0","@jest/schemas@30.4.1","@types/istanbul-reports@3.0.4","@types/node@26.0.0","@types/yargs@17.0.35","chalk@4.1.2","lint-staged@17.0.5","@jest/types@30.4.1","@types/node@26.0.0","anymatch@3.1.3","fb-watchman@2.0.2","jest-util@30.4.1","jest-worker@30.4.1","walker@1.0.8","jest-resolve@30.4.1","@jest/console@30.4.1","@jest/types@30.4.1","jest-haste-map@30.4.1","jest-resolve@30.4.1","import-fresh@3.3.1","rimraf@6.1.3","@jest/types@30.4.1","@types/node@26.0.0","anymatch@3.1.3","fb-watchman@2.0.2","jest-util@30.4.1","jest-worker@30.4.1","walker@1.0.8","@babel/core@7.29.7","@jest/types@30.4.1","@jridgewell/trace-mapping@0.3.31","@types/babel__core@7.20.5","babel-plugin-istanbul@7.0.1","chalk@4.1.2","jest-haste-map@30.4.1","jest-util@30.4.1","write-file-atomic@5.0.1","@jest/pattern@30.4.0","@jest/schemas@30.4.1","@types/istanbul-reports@3.0.4","@types/node@26.0.0","@types/yargs@17.0.35","chalk@4.1.2","@types/node@26.0.0","ansi-styles@4.3.0","execa@5.1.1","import-fresh@3.3.1","supports-color@7.2.0","which@5.0.0","eslint@8.57.1","import-fresh@3.3.1","rimraf@6.1.3","@types/node@26.0.0","cross-spawn@7.0.6","npm-run-path@4.0.1","onetime@5.1.2","@jest/types@30.4.1","@types/node@26.0.0","chalk@4.1.2","micromatch@4.0.8","time-span@5.1.0","@babel/code-frame@7.29.7","@babel/generator@7.29.7","@babel/helper-compilation-targets@7.29.7","@babel/helper-module-transforms@7.29.7","@babel/helpers@7.29.7","@babel/parser@7.29.7","@babel/plugin-transform-modules-commonjs@7.29.7","@babel/preset-env@7.29.7","@babel/preset-typescript@7.29.7","@babel/template@7.29.7","@babel/traverse@7.29.7","@babel/types@7.29.7","@jridgewell/remapping@2.3.5","@jridgewell/trace-mapping@0.3.31","@types/debug@4.1.13","debug@4.4.3","rimraf@6.1.3","@types/node@26.0.0","@jest/test-result@30.4.1","jest-haste-map@30.4.1","@jest/pattern@30.4.0","@jest/schemas@30.4.1","@types/istanbul-reports@3.0.4","@types/node@26.0.0","@types/yargs@17.0.35","chalk@4.1.2","@babel/core@7.29.7","@jest/transform@30.4.1","@types/babel__core@7.20.5","babel-plugin-istanbul@7.0.1","babel-preset-jest@30.4.0","chalk@4.1.2","ansi-styles@4.3.0","execa@5.1.1","import-fresh@3.3.1","supports-color@7.2.0","@types/node@26.0.0","chai@5.3.3","rollup@4.60.1","rollup@4.60.1","esbuild@0.27.4","@types/node@26.0.0","foreground-child@3.3.1","jackspeak@3.4.3","memfs@4.57.2","minimatch@9.0.9","path-scurry@1.11.1","rimraf@6.1.3","typedoc@0.28.19","import-fresh@3.3.1","rimraf@6.1.3","@babel/core@7.29.7","@jest/environment@30.4.1","@jest/expect@30.4.1","@jest/test-result@30.4.1","@jest/types@30.4.1","@types/node@26.0.0","chalk@4.1.2","execa@5.1.1","jest-each@30.4.1","jest-matcher-utils@30.4.1","jest-message-util@30.4.1","jest-runtime@30.4.2","jest-snapshot@30.4.1","jest-util@30.4.1","p-limit@3.1.0","pretty-format@30.4.1","stack-utils@2.0.6","@types/node@26.0.0","@jest/environment@30.4.1","@jest/fake-timers@30.4.1","@jest/types@30.4.1","@types/node@26.0.0","jest-mock@30.4.1","jest-util@30.4.1","jest-validate@30.4.1","@types/node@26.0.0","chalk@4.1.2","jest-haste-map@30.4.1","jest-util@30.4.1","jest-validate@30.4.1","unrs-resolver@1.12.2","url@0.11.4","@jest/console@30.4.1","@jest/environment@30.4.1","@jest/test-result@30.4.1","@jest/transform@30.4.1","@jest/types@30.4.1","@types/node@26.0.0","chalk@4.1.2","jest-docblock@30.4.0","jest-environment-node@30.4.1","jest-haste-map@30.4.1","jest-leak-detector@30.4.1","jest-message-util@30.4.1","jest-resolve@30.4.1","jest-runtime@30.4.2","jest-util@30.4.1","jest-watcher@30.4.1","jest-worker@30.4.1","p-limit@3.1.0","source-map-support@0.5.13","@jest/types@30.4.1","@types/node@26.0.0","chalk@4.1.2","micromatch@4.0.8","@jest/types@30.4.1","@types/yargs@17.0.35","chalk@4.1.2","pretty-format@30.4.1","strip-ansi@7.2.0","@types/jest@30.0.0","@types/node@26.0.0","@typescript-eslint/eslint-plugin@8.60.1","@typescript-eslint/parser@8.59.4","esbuild@0.27.4","eslint@8.57.1","jest@30.4.2","@jest/schemas@30.4.1","@types/react@19.2.14","jest-util@30.4.1","@jest/types@30.4.1","@types/node@26.0.0","anymatch@3.1.3","fb-watchman@2.0.2","jest-util@30.4.1","jest-worker@30.4.1","walker@1.0.8","strip-ansi@7.2.0","@jest/pattern@30.4.0","@jest/schemas@30.4.1","@types/istanbul-reports@3.0.4","@types/node@26.0.0","@types/yargs@17.0.35","chalk@4.1.2","ansi-styles@4.3.0","execa@5.1.1","import-fresh@3.3.1","supports-color@7.2.0","import-fresh@3.3.1","rimraf@6.1.3","@jest/types@30.4.1","@types/node@26.0.0","chalk@4.1.2","micromatch@4.0.8","eslint@8.57.1","fill-range@7.1.1","@jest/schemas@30.4.1","@types/react@19.2.14","jest-util@30.4.1","source-map-support@0.5.21","@types/node@26.0.0","@jest/types@30.4.1","jest-haste-map@30.4.1","@types/node@26.0.0","jest-resolve@30.4.1","@jest/environment@30.4.1","@jest/fake-timers@30.4.1","@jest/globals@30.4.1","@jest/source-map@30.0.1","@jest/test-result@30.4.1","@jest/transform@30.4.1","@jest/types@30.4.1","@types/node@26.0.0","chalk@4.1.2","glob@10.5.0","jest-environment-node@30.4.1","jest-haste-map@30.4.1","jest-message-util@30.4.1","jest-mock@30.4.1","jest-resolve@30.4.1","jest-snapshot@30.4.1","jest-util@30.4.1","@babel/core@7.29.7","@babel/generator@7.29.7","@babel/plugin-syntax-jsx@7.29.7","@babel/plugin-syntax-typescript@7.29.7","@babel/preset-react@7.28.5","@babel/types@7.29.7","@jest/expect-utils@30.4.1","@jest/snapshot-utils@30.4.1","@jest/transform@30.4.1","@jest/types@30.4.1","@types/babel__core@7.20.5","ansi-styles@4.3.0","babel-preset-current-node-syntax@1.2.0","chalk@4.1.2","expect@30.4.1","jest-diff@30.4.1","jest-matcher-utils@30.4.1","jest-message-util@30.4.1","jest-util@30.4.1","pretty-format@30.4.1","synckit@0.11.12","chalk@4.1.2","jest-haste-map@30.4.1","jest-util@30.4.1","jest-validate@30.4.1","unrs-resolver@1.12.2","url@0.11.4","@jest/types@30.4.1","@types/node@26.0.0","chalk@4.1.2","jest-message-util@30.4.1","jest-util@30.4.1","@jest/fake-timers@30.4.1","@jest/types@30.4.1","@types/node@26.0.0","jest-mock@30.4.1","@jest/console@30.4.1","@jest/types@30.4.1","jest-haste-map@30.4.1","jest-resolve@30.4.1","@babel/core@7.29.7","@jest/types@30.4.1","@jridgewell/trace-mapping@0.3.31","@types/babel__core@7.20.5","babel-plugin-istanbul@7.0.1","chalk@4.1.2","jest-haste-map@30.4.1","jest-util@30.4.1","write-file-atomic@5.0.1","@jest/pattern@30.4.0","@jest/schemas@30.4.1","@types/istanbul-reports@3.0.4","@types/node@26.0.0","@types/yargs@17.0.35","chalk@4.1.2","ansi-styles@4.3.0","execa@5.1.1","import-fresh@3.3.1","supports-color@7.2.0","@types/node@26.0.0","which@5.0.0","import-fresh@3.3.1","rimraf@6.1.3","@types/node@26.0.0","@jest/environment@30.4.1","@jest/fake-timers@30.4.1","@jest/types@30.4.1","@types/node@26.0.0","jest-mock@30.4.1","jest-util@30.4.1","jest-validate@30.4.1","@jest/types@30.4.1","@types/node@26.0.0","anymatch@3.1.3","fb-watchman@2.0.2","jest-util@30.4.1","jest-worker@30.4.1","walker@1.0.8","@types/node@26.0.0","pretty-format@30.4.1","@babel/code-frame@7.29.7","@jest/types@30.4.1","chalk@4.1.2","jest-util@30.4.1","pretty-format@30.4.1","stack-utils@2.0.6","chalk@4.1.2","jest-haste-map@30.4.1","jest-util@30.4.1","jest-validate@30.4.1","unrs-resolver@1.12.2","url@0.11.4","@jest/environment@30.4.1","@jest/fake-timers@30.4.1","@jest/globals@30.4.1","@jest/source-map@30.0.1","@jest/test-result@30.4.1","@jest/transform@30.4.1","@jest/types@30.4.1","@types/node@26.0.0","chalk@4.1.2","glob@10.5.0","jest-environment-node@30.4.1","jest-haste-map@30.4.1","jest-message-util@30.4.1","jest-mock@30.4.1","jest-resolve@30.4.1","jest-snapshot@30.4.1","jest-util@30.4.1","@jest/types@30.4.1","@types/node@26.0.0","chalk@4.1.2","micromatch@4.0.8","@jest/test-result@30.4.1","@jest/types@30.4.1","@types/node@26.0.0","ansi-escapes@4.3.2","chalk@4.1.2","jest-util@30.4.1","string-length@4.0.2","@babel/core@7.29.7","@types/node@26.0.0","get-stream@5.2.0","jest-leak-detector@30.4.1","jest-util@30.4.1","supports-color@8.1.1","time-span@5.1.0","webpack@5.107.1","webpack@5.107.1","@jest/fake-timers@30.4.1","@jest/types@30.4.1","@types/node@26.0.0","jest-mock@30.4.1","@jest/types@30.4.1","@sinonjs/fake-timers@15.4.0","@types/node@26.0.0","jest-message-util@30.4.1","jest-mock@30.4.1","jest-util@30.4.1","@jest/fake-timers@30.4.1","@jest/types@30.4.1","@types/node@26.0.0","jest-mock@30.4.1","expect@30.4.1","jest-snapshot@30.4.1","@jest/pattern@30.4.0","@jest/schemas@30.4.1","@types/istanbul-reports@3.0.4","@types/node@26.0.0","@types/yargs@17.0.35","chalk@4.1.2","@jest/types@30.4.1","@types/node@26.0.0","jest-util@30.4.1","import-fresh@3.3.1","rimraf@6.1.3","@jest/console@30.4.1","@jest/types@30.4.1","jest-haste-map@30.4.1","jest-resolve@30.4.1","@babel/core@7.29.7","@jest/types@30.4.1","@jridgewell/trace-mapping@0.3.31","@types/babel__core@7.20.5","babel-plugin-istanbul@7.0.1","chalk@4.1.2","jest-haste-map@30.4.1","jest-util@30.4.1","write-file-atomic@5.0.1","@jest/pattern@30.4.0","@jest/schemas@30.4.1","@types/istanbul-reports@3.0.4","@types/node@26.0.0","@types/yargs@17.0.35","chalk@4.1.2","ansi-styles@4.3.0","execa@5.1.1","import-fresh@3.3.1","supports-color@7.2.0","@babel/core@7.29.7","@babel/plugin-transform-modules-commonjs@7.29.7","terser@5.48.0","lint-staged@17.0.5","@types/node@26.0.0","foreground-child@3.3.1","jackspeak@3.4.3","memfs@4.57.2","minimatch@9.0.9","path-scurry@1.11.1","rimraf@6.1.3","typedoc@0.28.19","import-fresh@3.3.1","rimraf@6.1.3","jest-environment-node@30.4.1","@jest/types@30.4.1","@types/node@26.0.0","anymatch@3.1.3","fb-watchman@2.0.2","jest-util@30.4.1","jest-worker@30.4.1","walker@1.0.8","@babel/code-frame@7.29.7","@jest/types@30.4.1","chalk@4.1.2","jest-util@30.4.1","pretty-format@30.4.1","stack-utils@2.0.6","@jest/types@30.4.1","@types/node@26.0.0","jest-util@30.4.1","@types/node@26.0.0","chalk@4.1.2","jest-haste-map@30.4.1","jest-util@30.4.1","jest-validate@30.4.1","unrs-resolver@1.12.2","url@0.11.4","@babel/core@7.29.7","@babel/generator@7.29.7","@babel/plugin-syntax-jsx@7.29.7","@babel/plugin-syntax-typescript@7.29.7","@babel/preset-react@7.28.5","@babel/types@7.29.7","@jest/expect-utils@30.4.1","@jest/snapshot-utils@30.4.1","@jest/transform@30.4.1","@jest/types@30.4.1","@types/babel__core@7.20.5","ansi-styles@4.3.0","babel-preset-current-node-syntax@1.2.0","chalk@4.1.2","expect@30.4.1","jest-diff@30.4.1","jest-matcher-utils@30.4.1","jest-message-util@30.4.1","jest-util@30.4.1","pretty-format@30.4.1","synckit@0.11.12","@jest/types@30.4.1","@types/node@26.0.0","chalk@4.1.2","micromatch@4.0.8","@babel/core@7.29.7","@babel/generator@7.29.7","@babel/plugin-syntax-jsx@7.29.7","@babel/plugin-syntax-typescript@7.29.7","@babel/preset-react@7.28.5","@babel/types@7.29.7","@jest/expect-utils@30.4.1","@jest/snapshot-utils@30.4.1","@jest/transform@30.4.1","@jest/types@30.4.1","@types/babel__core@7.20.5","ansi-styles@4.3.0","babel-preset-current-node-syntax@1.2.0","chalk@4.1.2","expect@30.4.1","jest-diff@30.4.1","jest-matcher-utils@30.4.1","jest-message-util@30.4.1","jest-util@30.4.1","pretty-format@30.4.1","synckit@0.11.12","@jest/types@30.4.1","@types/node@26.0.0","chalk@4.1.2","micromatch@4.0.8","@jest/types@30.4.1","@types/yargs@17.0.35","chalk@4.1.2","pretty-format@30.4.1","@jest/console@30.4.1","@jest/types@30.4.1","jest-haste-map@30.4.1","jest-resolve@30.4.1","@jest/pattern@30.4.0","@jest/schemas@30.4.1","@types/istanbul-reports@3.0.4","@types/node@26.0.0","@types/yargs@17.0.35","chalk@4.1.2","@types/node@26.0.0","ansi-styles@4.3.0","execa@5.1.1","import-fresh@3.3.1","supports-color@7.2.0","@types/node@26.0.0","@jest/types@30.4.1","@types/node@26.0.0","chalk@4.1.2","micromatch@4.0.8","strip-ansi@6.0.1","@jest/schemas@30.4.1","@types/react@19.2.14","jest-util@30.4.1","@types/node@26.0.0","@types/istanbul-lib-report@3.0.3","ansi-styles@4.3.0","execa@5.1.1","import-fresh@3.3.1","supports-color@7.2.0","execa@5.1.1","find-up@4.1.0","@jest/console@30.4.1","@jest/pattern@30.4.0","@jest/reporters@30.4.1","@jest/test-result@30.4.1","@jest/test-sequencer@30.4.1","@jest/transform@30.4.1","@jest/types@30.4.1","@types/node@26.0.0","ansi-escapes@4.3.2","chalk@4.1.2","jest-changed-files@30.4.1","jest-config@30.4.2","jest-haste-map@30.4.1","jest-message-util@30.4.1","jest-resolve-dependencies@30.4.2","jest-resolve@30.4.1","jest-runner@30.4.2","jest-runtime@30.4.2","jest-snapshot@30.4.1","jest-util@30.4.1","jest-validate@30.4.1","jest-watcher@30.4.1","pretty-format@30.4.1","@jest/console@30.4.1","@jest/types@30.4.1","jest-haste-map@30.4.1","jest-resolve@30.4.1","@jest/pattern@30.4.0","@jest/schemas@30.4.1","@types/istanbul-reports@3.0.4","@types/node@26.0.0","@types/yargs@17.0.35","chalk@4.1.2","ansi-styles@4.3.0","execa@5.1.1","import-fresh@3.3.1","supports-color@7.2.0","which@5.0.0","execa@5.1.1","pkg-dir@4.2.0","resolve-cwd@3.0.0","@babel/core@7.29.7","@jest/pattern@30.4.0","@jest/test-sequencer@30.4.1","@jest/types@30.4.1","@types/node@26.0.0","babel-jest@30.4.1","chalk@4.1.2","esbuild@0.27.4","glob@10.5.0","jest-circus@30.4.2","jest-docblock@30.4.0","jest-environment-node@30.4.1","jest-resolve@30.4.1","jest-runner@30.4.2","jest-util@30.4.1","jest-validate@30.4.1","parse-json@5.2.0","pretty-format@30.4.1","@jest/types@30.4.1","@types/node@26.0.0","chalk@4.1.2","micromatch@4.0.8","@jest/types@30.4.1","@types/yargs@17.0.35","chalk@4.1.2","pretty-format@30.4.1","@types/chai@5.2.3","@types/node@26.0.0","chai@5.3.3","cliui@8.0.1","cross-spawn@7.0.6","eslint@8.57.1","rimraf@6.1.3","rollup@4.60.1","string-width@4.2.3","which@5.0.0","eslint-plugin-n@17.24.0","eslint@8.57.1","strip-ansi@7.2.0","rollup@4.60.1","@types/node@26.0.0","@types/node@26.0.0","@types/node@26.0.0","@types/node@26.0.0","typedoc@0.28.19","strip-ansi@7.2.0","defaults@1.0.4","is-plain-object@2.0.4","shallow-clone@3.0.1","@types/chai@5.2.3","@types/node@26.0.0","@typescript-eslint/eslint-plugin@8.60.1","@typescript-eslint/parser@8.59.4","chai@5.3.3","eslint@8.57.1","form-data@4.0.5","fs-extra@10.1.0","glob@13.0.6","lint-staged@17.0.5","rollup@4.60.1","source-map-support@0.5.21","@microsoft/api-extractor@7.58.7","@rollup/plugin-inject@5.0.5","@stylistic/eslint-plugin@5.10.0","@types/node@26.0.0","eslint@8.57.1","micromatch@4.0.8","playwright@1.60.0","rollup@4.60.1","webpack@5.107.1","strip-ansi@7.2.0","eslint@8.57.1","fill-range@7.1.1","@types/node@26.0.0","@vitest/coverage-v8@4.1.8","eslint@8.57.1","vitest@4.1.8","vitest@4.1.8","@babel/core@7.29.7","@babel/plugin-transform-typescript@7.29.7","@babel/preset-env@7.29.7","@types/jest@30.0.0","@types/node@26.0.0","babel-jest@30.4.1","eslint@8.57.1","jest-resolve@30.4.1","jest@30.4.2","rollup@4.60.1"]
  • executing @electron/fuses  electronPath=dist/mac-arm64/Element.app
  • skipped macOS application code signing  reason=, see https://electron.build/code-signing CSC_IDENTITY_AUTO_DISCOVERY=false
  • building        target=macOS zip arch=arm64 file=dist/Element-1.12.22-arm64-mac.zip
  • building        target=DMG arch=arm64 file=dist/Element-1.12.22-arm64.dmg
  • building block map  blockMapFile=dist/Element-1.12.22-arm64.dmg.blockmap
  • building block map  blockMapFile=dist/Element-1.12.22-arm64-mac.zip.blockmap
==== DONE ====
Fri Jun 26 00:43:36 +03 2026
total 0
drwxr-xr-x@ 3 hayyaksi  staff   96 Jun 26 00:43 .
drwxr-xr-x@ 3 hayyaksi  staff   96 Jun 26 00:43 ..
drwxr-xr-x@ 8 hayyaksi  staff  256 Jun 26 00:43 Contents
APP_BUILD_OK
